"","dyad",".id","edge","edge_sd","nAssociations","A","B","sexA","sexB","dyadicSex","dSex","absAgeA","absAgeB","ageDiff","resA","resB","dyadicResidency","dRes","likely.k","pk1","pk2","pk3","ageDiff_scaled","wang","wang.low","wang.high"
"1","102_124",1,0.00615506216873828,0.00799671744420847,0,"102","124","Male","Male","Male_Male","M-M",44,44,0,"Resident","Resident","Resident_Resident","R-R",1,0.754064,0.24539,0.000546,-1.05521125513437,-0.1875,-0.5867,0.1541
"2","102_1313",2,0.0288713516302111,0.0310674331772408,1,"102","1313","Male","FemaleJ","FemaleJ_Male","F-M",44,35,9,"Resident","Resident","Resident_Resident","R-R",2,0.207758,0.765633,0.026609,0.374093316852666,-0.2715,-0.6323,0.1659
"3","102_1315",2,0.00965677266424483,0.0148464037016756,0,"102","1315","Male","FemaleJ","FemaleJ_Male","F-M",44,36,8,"Resident","Transient","Resident_Transient","R-T",1,0.715572,0.279914,0.004514,0.223905825731093,0.0141,-0.4509,0.3672
"4","102_1329",2,0.00984435836287174,0.0158913924848395,0,"102","1329","Male","FemaleJ","FemaleJ_Male","F-M",44,36,8,"Resident","Resident","Resident_Resident","R-R",1,0.728172,0.268482,0.003346,0.223905825731093,0.096,-0.2978,0.4008
"5","102_1336",2,0.00541493041921968,0.00727217309489568,0,"102","1336","Male","FemaleJ","FemaleJ_Male","F-M",44,39,5,"Resident","Resident","Resident_Resident","R-R",1,0.887198,0.112788,1.4e-05,-0.226656647633627,-0.209,-0.5821,0.1426
"6","102_162",2,0.00462013258708154,0.00546596651756474,0,"102","162","Male","FemaleJ","FemaleJ_Male","F-M",44,44,0,"Resident","Resident","Resident_Resident","R-R",1,0.930535069464931,0.0694639305360695,9.99999000001e-07,-0.977594103241492,-0.2744,-0.7525,0.1544
"7","102_1739",1,0.0494883877731149,0.0294476487681077,3,"102","1739","Male","Male","Male_Male","M-M",44,32,12,"Resident","Resident","Resident_Resident","R-R",2,0.00849099150900849,0.86018813981186,0.131320868679131,0.725956944238787,-0.0577,-0.3628,0.245
"8","102_1966",1,0.0372549693242446,0.040809220232983,1,"102","1966","Male","Male","Male_Male","M-M",44,31,13,"Resident","Transient","Resident_Transient","R-T",2,0.135388,0.667167,0.197445,0.874387627519884,0.086,-0.2523,0.419
"9","102_1978",2,0.0394575243595622,0.0447958827092783,1,"102","1978","Male","FemaleJ","FemaleJ_Male","F-M",44,31,13,"Resident","Transient","Resident_Transient","R-T",2,0.16889,0.765572,0.065538,0.974843281338958,-0.207,-0.5764,0.171
"10","102_2232",1,0.0137570085020813,0.0278037246338231,0,"102","2232","Male","Male","Male_Male","M-M",44,30,14,"Resident","Transient","Resident_Transient","R-T",1,0.487705,0.435572,0.076723,1.02281831080098,-0.1505,-0.4158,0.1664
"11","102_2233",1,0.0134338084822355,0.027064667275,0,"102","2233","Male","Male","Male_Male","M-M",44,30,14,"Resident","Transient","Resident_Transient","R-T",1,0.499031,0.433362,0.067607,1.02281831080098,-0.3409,-0.7029,-0.0356
"12","102_251",2,0.00461184250892436,0.00579088941891305,0,"102","251","Male","FemaleJ","FemaleJ_Male","F-M",44,43,1,"Resident","Resident","Resident_Resident","R-R",1,0.934263065736934,0.0657359342640657,9.99999000001e-07,-0.827406612119919,-0.218,-0.6061,0.115
"13","102_413",1,0.00533505988632902,0.00691875985142412,0,"102","413","Male","Male","Male_Male","M-M",44,43,1,"Resident","Resident","Resident_Resident","R-R",1,0.82389,0.176047,6.3e-05,-0.906780571853278,-0.1105,-0.4917,0.2631
"14","102_45",1,0.00337080628461447,0.00369270240665245,0,"102","45","Male","Male","Male_Male","M-M",44,44,0,"Resident","Resident","Resident_Resident","R-R",1,0.975935024064976,0.0240639759360241,9.99999000001e-07,-1.05521125513437,-0.0515,-0.5777,0.3093
"15","102_4513",2,0.00594579781670017,0.00788594096173993,0,"102","4513","Male","FemaleJ","FemaleJ_Male","F-M",44,24,20,"Resident","Resident","Resident_Resident","R-R",1,0.854002,0.145934,6.4e-05,2.02615571918997,-0.0394,-0.3895,0.3069
"16","102_480",1,0.0124420992225156,0.0113947400156942,1,"102","480","Male","Male","Male_Male","M-M",44,43,1,"Resident","Resident","Resident_Resident","R-R",2,0.486789,0.51302,0.000191,-0.906780571853278,-0.0325,-0.4205,0.2474
"17","102_5001",1,0.0286735754643132,0.0308656872208625,1,"102","5001","Male","Male","Male_Male","M-M",44,22,22,"Resident","Resident","Resident_Resident","R-R",2,0.179798,0.72809,0.092112,2.21026377704976,0.2999,-0.051,0.5772
"18","102_5009",2,0.00716161441491876,0.0102712771936687,0,"102","5009","Male","FemaleJ","FemaleJ_Male","F-M",44,23,21,"Resident","Resident","Resident_Resident","R-R",1,0.79898,0.200551,0.000469,2.17634321031154,0.2439,0.0872,0.3796
"19","102_5019",1,0.00783005048545966,0.0114298100511687,0,"102","5019","Male","Male","Male_Male","M-M",44,23,21,"Resident","Resident","Resident_Resident","R-R",1,0.658926,0.335856,0.005218,2.06183309376866,-0.0436,-0.4028,0.2479
"20","102_5029",2,0.00597888735303834,0.00783933497701072,0,"102","5029","Male","FemaleJ","FemaleJ_Male","F-M",44,23,21,"Resident","Resident","Resident_Resident","R-R",1,0.854002,0.145934,6.4e-05,2.17634321031154,-0.151,-0.5654,0.1311
"21","102_5061",1,0.0068196405787626,0.0103589235889953,0,"102","5061","Male","Male","Male_Male","M-M",44,22,22,"Resident","Resident","Resident_Resident","R-R",1,0.715271,0.283253,0.001476,2.21026377704976,-0.2375,-0.5879,0.1507
"22","102_5112",2,0.00732577615321791,0.0108852849793097,0,"102","5112","Male","FemaleJ","FemaleJ_Male","F-M",44,23,21,"Resident","Resident","Resident_Resident","R-R",1,0.79898,0.200551,0.000469,2.17634321031154,-0.2056,-0.5448,0.1918
"23","102_54",2,0.0521072503017143,0.0225018776156048,6,"102","54","Male","FemaleJ","FemaleJ_Male","F-M",44,44,0,"Resident","Resident","Resident_Resident","R-R",2,1.4e-05,0.995092,0.004894,-0.977594103241492,0.5436,0.3669,0.7044
"24","102_6105",1,0.0260308342206655,0.0273281628516193,1,"102","6105","Male","Male","Male_Male","M-M",44,18,26,"Resident","Resident","Resident_Resident","R-R",2,0.198022,0.737185,0.064793,2.80398651017414,-0.0653,-0.5015,0.3029
"25","102_6118",2,0.0112037529560682,0.020559165102371,0,"102","6118","Male","FemaleJ","FemaleJ_Male","F-M",44,18,26,"Resident","Transient","Resident_Transient","R-T",1,0.695596,0.297348,0.007056,2.92728066591941,-0.5247,-0.9734,-0.1697
"26","102_6133",1,0.00886142464433308,0.0142048630125715,0,"102","6133","Male","Male","Male_Male","M-M",44,18,26,"Resident","Resident","Resident_Resident","R-R",1,0.584797,0.394562,0.020641,2.80398651017414,-0.1849,-0.5243,0.1204
"27","102_619",2,0.00784579733273531,0.011966996121328,0,"102","619","Male","FemaleJ","FemaleJ_Male","F-M",44,40,4,"Resident","Resident","Resident_Resident","R-R",1,0.773808,0.22519,0.001002,-0.3768441387552,-0.0588,-0.4594,0.3229
"28","102_6203",2,0.00862921251505383,0.013023241881503,0,"102","6203","Male","FemaleJ","FemaleJ_Male","F-M",44,17,27,"Resident","Resident","Resident_Resident","R-R",1,0.751877,0.246289,0.001834,3.07746815704098,0.0234,-0.2559,0.3008
"29","102_6224",2,0.0320649560453983,0.0335905129051016,1,"102","6224","Male","FemaleJ","FemaleJ_Male","F-M",44,17,27,"Resident","Resident","Resident_Resident","R-R",2,0.19109,0.769552,0.039358,3.07746815704098,-0.2511,-0.5933,0.045
"30","102_677",2,0.00690233468814584,0.0101564071178727,0,"102","677","Male","FemaleJ","FemaleJ_Male","F-M",44,37,7,"Resident","Resident","Resident_Resident","R-R",1,0.826160826160826,0.173652173652174,0.000187000187000187,0.0737183346095196,0.2871,-0.0025,0.534
"31","102_76",1,0.00466492460442932,0.00567028140913909,0,"102","76","Male","Male","Male_Male","M-M",44,44,0,"Resident","Resident","Resident_Resident","R-R",1,0.879948,0.120046,6e-06,-1.05521125513437,0.1763,-0.1004,0.4336
"32","102_804",1,0.00551363800437818,0.00713720208751571,0,"102","804","Male","Male","Male_Male","M-M",44,39,5,"Resident","Resident","Resident_Resident","R-R",1,0.806983,0.192904,0.000113,-0.31305783872889,-0.0156,-0.3677,0.212
"33","102_824",1,0.00576621749211805,0.00766797593828244,0,"102","824","Male","Male","Male_Male","M-M",44,39,5,"Resident","Resident","Resident_Resident","R-R",1,0.784116,0.215652,0.000232,-0.31305783872889,0.4753,0.2657,0.6456
"34","102_92",1,0.031924125000271,0.0188674738147179,3,"102","92","Male","Male","Male_Male","M-M",44,43,1,"Resident","Resident","Resident_Resident","R-R",2,0.022295,0.973811,0.003894,-0.906780571853278,-0.2205,-0.4927,0.2247
"35","102_961",2,0.0297445490011505,0.0215509722486445,2,"102","961","Male","FemaleJ","FemaleJ_Male","F-M",44,36,8,"Resident","Resident","Resident_Resident","R-R",2,0.052107,0.943734,0.004159,0.223905825731093,-0.1299,-0.4105,0.1578
"36","102_9907",1,0.0316561871333505,0.0332073663456949,1,"102","9907","Male","Male","Male_Male","M-M",44,37,7,"Resident","Transient","Resident_Transient","R-T",2,0.15476,0.701092,0.144148,-0.0161964721666967,-0.0743,-0.4405,0.2713
"37","124_1315",2,0.011907869753591,0.0213768050672239,0,"124","1315","Male","FemaleJ","FemaleJ_Male","F-M",44,36,8,"Resident","Transient","Resident_Transient","R-T",1,0.674104674104674,0.314899314899315,0.010996010996011,0.223905825731093,-0.1118,-0.5063,0.254
"38","124_1329",2,0.0825575270804109,0.107899814603114,1,"124","1329","Male","FemaleJ","FemaleJ_Male","F-M",44,36,8,"Resident","Resident","Resident_Resident","R-R",2,0.123145,0.707232,0.169623,0.223905825731093,0.2653,-0.1052,0.5292
"39","124_1336",2,0.0098041418568971,0.0164853932533904,0,"124","1336","Male","FemaleJ","FemaleJ_Male","F-M",44,39,5,"Resident","Resident","Resident_Resident","R-R",1,0.728172,0.268482,0.003346,-0.226656647633627,0.2424,0.0177,0.3826
"40","124_162",2,0.00923538555692548,0.0147824189474786,0,"124","162","Male","FemaleJ","FemaleJ_Male","F-M",44,44,0,"Resident","Resident","Resident_Resident","R-R",1,0.74026074026074,0.257261257261257,0.00247800247800248,-0.977594103241492,-0.1397,-0.5988,0.2737
"41","124_251",2,0.00845842688088526,0.0135989172497055,0,"124","251","Male","FemaleJ","FemaleJ_Male","F-M",44,43,1,"Resident","Resident","Resident_Resident","R-R",1,0.763052,0.235592,0.001356,-0.827406612119919,0.0807,-0.3251,0.4147
"42","124_413",1,0.120114622893575,0.0763365727848499,3,"124","413","Male","Male","Male_Male","M-M",44,43,1,"Resident","Resident","Resident_Resident","R-R",3,0.000807000807000807,0.179337179337179,0.81985581985582,-0.906780571853278,0.1264,-0.1398,0.3571
"43","124_45",1,0.00576752296708106,0.00761128193655424,0,"124","45","Male","Male","Male_Male","M-M",44,44,0,"Resident","Resident","Resident_Resident","R-R",1,0.784116,0.215652,0.000232,-1.05521125513437,-0.108,-0.3763,0.171
"44","124_480",1,0.0306139944625665,0.0315830327792341,1,"124","480","Male","Male","Male_Male","M-M",44,43,1,"Resident","Resident","Resident_Resident","R-R",2,0.161107,0.709664,0.129229,-0.906780571853278,-0.2038,-0.5912,0.2223
"45","124_54",2,0.00699754453063651,0.00993544569561926,0,"124","54","Male","FemaleJ","FemaleJ_Male","F-M",44,44,0,"Resident","Resident","Resident_Resident","R-R",1,0.812968,0.186735,0.000297,-0.977594103241492,-0.0571,-0.3973,0.2557
"46","124_619",2,0.00928950816593216,0.0159421601903217,0,"124","619","Male","FemaleJ","FemaleJ_Male","F-M",44,40,4,"Resident","Resident","Resident_Resident","R-R",1,0.728172,0.268482,0.003346,-0.3768441387552,-0.3296,-0.6282,0.0523
"47","124_677",2,0.00981416053401807,0.0157988374818225,0,"124","677","Male","FemaleJ","FemaleJ_Male","F-M",44,37,7,"Resident","Resident","Resident_Resident","R-R",1,0.715572,0.279914,0.004514,0.0737183346095196,0.026,-0.3077,0.325
"48","124_76",1,0.00783566090246832,0.0112792942742977,0,"124","76","Male","Male","Male_Male","M-M",44,44,0,"Resident","Resident","Resident_Resident","R-R",1,0.64525,0.34786,0.00689,-1.05521125513437,0.0873,-0.1887,0.375
"49","124_804",1,0.0358309140452761,0.0386047412923103,1,"124","804","Male","Male","Male_Male","M-M",44,39,5,"Resident","Resident","Resident_Resident","R-R",2,0.141895,0.679897,0.178208,-0.31305783872889,0.4307,0.1998,0.6254
"50","124_824",1,0.102210674742535,0.080973381755803,2,"124","824","Male","Male","Male_Male","M-M",44,39,5,"Resident","Resident","Resident_Resident","R-R",3,0.00926,0.342775,0.647965,-0.31305783872889,-0.0652,-0.4573,0.2653
"51","124_92",1,0.00926852102445323,0.0149809639361313,0,"124","92","Male","Male","Male_Male","M-M",44,43,1,"Resident","Resident","Resident_Resident","R-R",1,0.600934600934601,0.383335383335383,0.0157300157300157,-0.906780571853278,0.0704,-0.3574,0.3709
"52","124_961",2,0.0107559343398505,0.0188289929179226,0,"124","961","Male","FemaleJ","FemaleJ_Male","F-M",44,36,8,"Resident","Resident","Resident_Resident","R-R",1,0.695596,0.297348,0.007056,0.223905825731093,-0.0891,-0.3787,0.2936
"53","124_9907",1,0.0091045171698611,0.0147061849251337,0,"124","9907","Male","Male","Male_Male","M-M",44,37,7,"Resident","Transient","Resident_Transient","R-T",1,0.592966,0.38901,0.018024,-0.0161964721666967,0.1039,-0.1712,0.4572
"54","1313_1329",3,0.0126136799074872,0.0225273539149831,0,"1313","1329","FemaleJ","FemaleJ","FemaleJ_FemaleJ","F-F",35,36,1,"Resident","Resident","Resident_Resident","R-R",1,0.496380503619496,0.484406515593484,0.0192129807870192,-0.685374579677377,0.2859,0.0227,0.5692
"55","1313_1336",3,0.0115477857117946,0.0202104072317321,0,"1313","1336","FemaleJ","FemaleJ","FemaleJ_FemaleJ","F-F",35,39,4,"Resident","Resident","Resident_Resident","R-R",1,0.522031,0.467462,0.010507,-0.266798825782256,0.3853,0.1933,0.5687
"56","1313_162",3,0.0115785765921041,0.0224197190373914,0,"1313","162","FemaleJ","FemaleJ","FemaleJ_FemaleJ","F-F",35,44,9,"Resident","Resident","Resident_Resident","R-R",1,0.522031,0.467462,0.010507,0.430827430709614,2e-04,-0.3142,0.34
"57","1313_1739",2,0.0103333700004823,0.0178275416948376,0,"1313","1739","FemaleJ","Male","FemaleJ_Male","F-M",35,32,3,"Resident","Resident","Resident_Resident","R-R",1,0.709065,0.285695,0.00524,-0.527031629876773,0.1225,-0.1769,0.4879
"58","1313_1966",2,0.010658547511148,0.0178365077265299,0,"1313","1966","FemaleJ","Male","FemaleJ_Male","F-M",35,31,4,"Resident","Transient","Resident_Transient","R-T",1,0.702409,0.291509,0.006082,-0.3768441387552,0.0745,-0.2264,0.4254
"59","1313_1978",3,0.0109104030714826,0.0191476777142323,0,"1313","1978","FemaleJ","FemaleJ","FemaleJ_FemaleJ","F-F",35,31,4,"Resident","Transient","Resident_Transient","R-T",1,0.530124,0.461296,0.00858,-0.266798825782256,0.4202,0.3027,0.6041
"60","1313_2232",2,0.0134968566908676,0.0272503635544068,0,"1313","2232","FemaleJ","Male","FemaleJ_Male","F-M",35,30,5,"Resident","Transient","Resident_Transient","R-T",1,0.658764,0.326486,0.01475,-0.226656647633627,0.2147,-0.1058,0.4392
"61","1313_2233",2,0.01297120232547,0.0241482798472282,0,"1313","2233","FemaleJ","Male","FemaleJ_Male","F-M",35,30,5,"Resident","Transient","Resident_Transient","R-T",1,0.666546,0.320715,0.012739,-0.226656647633627,0.1416,-0.2727,0.5
"62","1313_251",3,0.0073573318695741,0.0105088400371356,0,"1313","251","FemaleJ","FemaleJ","FemaleJ_FemaleJ","F-F",35,43,8,"Resident","Resident","Resident_Resident","R-R",1,0.644919,0.354762,0.000319,0.29130217941124,0.0432,-0.3495,0.3529
"63","1313_413",2,0.00911487449707485,0.0137420410435968,0,"1313","413","FemaleJ","Male","FemaleJ_Male","F-M",35,43,8,"Resident","Resident","Resident_Resident","R-R",1,0.734277734277734,0.262842262842263,0.00288000288000288,0.223905825731093,0.3328,-0.0118,0.5702
"64","1313_45",2,0.00636910138164827,0.00885508506084358,0,"1313","45","FemaleJ","Male","FemaleJ_Male","F-M",35,44,9,"Resident","Resident","Resident_Resident","R-R",1,0.842560842560843,0.157338157338157,0.000101000101000101,0.374093316852666,3e-04,-0.3638,0.3468
"65","1313_4513",3,0.0103384988765381,0.0174400115841569,0,"1313","4513","FemaleJ","FemaleJ","FemaleJ_FemaleJ","F-F",35,24,11,"Resident","Resident","Resident_Resident","R-R",1,0.545806,0.448481,0.005713,0.709877933306362,-0.0555,-0.3786,0.2529
"66","1313_480",2,0.00827745547878254,0.0130799926074839,0,"1313","480","FemaleJ","Male","FemaleJ_Male","F-M",35,43,8,"Resident","Resident","Resident_Resident","R-R",1,0.757518,0.240905,0.001577,0.223905825731093,0.1967,-0.0799,0.4994
"67","1313_5001",2,0.0134142615290849,0.0264689280969037,0,"1313","5001","FemaleJ","Male","FemaleJ_Male","F-M",35,22,13,"Resident","Resident","Resident_Resident","R-R",1,0.666546,0.320715,0.012739,0.974843281338958,0.147,-0.1354,0.3719
"68","1313_5009",3,0.00917059773197315,0.0146554625331985,0,"1313","5009","FemaleJ","FemaleJ","FemaleJ_FemaleJ","F-F",35,23,12,"Resident","Resident","Resident_Resident","R-R",1,0.582922,0.415026,0.002052,0.849403184604736,0.3831,0.2315,0.6065
"69","1313_5019",2,0.00954126113739312,0.0156126615326924,0,"1313","5019","FemaleJ","Male","FemaleJ_Male","F-M",35,23,12,"Resident","Resident","Resident_Resident","R-R",1,0.715572,0.279914,0.004514,0.824655790217385,-0.161,-0.5568,0.0927
"70","1313_5029",3,0.00934897739911572,0.01476612357003,0,"1313","5029","FemaleJ","FemaleJ","FemaleJ_FemaleJ","F-F",35,23,12,"Resident","Resident","Resident_Resident","R-R",1,0.582922,0.415026,0.002052,0.849403184604736,0.1254,-0.146,0.4497
"71","1313_5061",2,0.0105955868525595,0.0175669352196327,0,"1313","5061","FemaleJ","Male","FemaleJ_Male","F-M",35,22,13,"Resident","Resident","Resident_Resident","R-R",1,0.695596,0.297348,0.007056,0.974843281338958,0.3132,-0.0029,0.5405
"72","1313_5112",3,0.0119413613521904,0.0221547859380688,0,"1313","5112","FemaleJ","FemaleJ","FemaleJ_FemaleJ","F-F",35,23,12,"Resident","Resident","Resident_Resident","R-R",1,0.513733,0.473409,0.012858,0.849403184604736,0.1088,-0.3302,0.3652
"73","1313_54",3,0.0267468701546536,0.0279508205455782,1,"1313","54","FemaleJ","FemaleJ","FemaleJ_FemaleJ","F-F",35,44,9,"Resident","Resident","Resident_Resident","R-R",2,0.032403,0.952574,0.015023,0.430827430709614,-0.1147,-0.4654,0.2541
"74","1313_677",3,0.0105733569576771,0.0180916808887843,0,"1313","677","FemaleJ","FemaleJ","FemaleJ_FemaleJ","F-F",35,37,2,"Resident","Resident","Resident_Resident","R-R",1,0.538041,0.454956,0.007003,-0.545849328379004,-0.0557,-0.3641,0.2781
"75","1313_76",2,0.00820343032680275,0.0115625093655555,0,"1313","76","FemaleJ","Male","FemaleJ_Male","F-M",35,44,9,"Resident","Resident","Resident_Resident","R-R",1,0.763052,0.235592,0.001356,0.374093316852666,0.1266,-0.2091,0.4473
"76","1313_804",2,0.00730207620331632,0.0107410910928491,0,"1313","804","FemaleJ","Male","FemaleJ_Male","F-M",35,39,4,"Resident","Resident","Resident_Resident","R-R",1,0.794135,0.205319,0.000546,-0.3768441387552,-0.1386,-0.4511,0.2287
"77","1313_824",2,0.00777911779683468,0.0112243684552435,0,"1313","824","FemaleJ","Male","FemaleJ_Male","F-M",35,39,4,"Resident","Resident","Resident_Resident","R-R",1,0.779035,0.220104,0.000861,-0.3768441387552,0.0528,-0.2749,0.3839
"78","1313_92",2,0.00931486741204384,0.015847663597651,0,"1313","92","FemaleJ","Male","FemaleJ_Male","F-M",35,43,8,"Resident","Resident","Resident_Resident","R-R",1,0.734277734277734,0.262842262842263,0.00288000288000288,0.223905825731093,0.1656,-0.1601,0.4446
"79","1313_961",3,0.0107506325216085,0.0185117491583984,0,"1313","961","FemaleJ","FemaleJ","FemaleJ_FemaleJ","F-F",35,36,1,"Resident","Resident","Resident_Resident","R-R",1,0.530124,0.461296,0.00858,-0.685374579677377,0.0119,-0.2411,0.3557
"80","1315_1329",3,0.0122120521258001,0.0220363682262286,0,"1315","1329","FemaleJ","FemaleJ","FemaleJ_FemaleJ","F-F",36,36,0,"Transient","Resident","Resident_Transient","R-T",1,0.505197,0.479079,0.015724,-0.824899830975751,-0.0169,-0.373,0.3078
"81","1315_1336",3,0.0121987288220193,0.0242855641326332,0,"1315","1336","FemaleJ","FemaleJ","FemaleJ_FemaleJ","F-F",36,39,3,"Transient","Resident","Resident_Transient","R-T",1,0.513733,0.473409,0.012858,-0.40632407708063,0.0514,-0.2593,0.3693
"82","1315_162",3,0.0111925558147378,0.019815086734159,0,"1315","162","FemaleJ","FemaleJ","FemaleJ_FemaleJ","F-F",36,44,8,"Transient","Resident","Resident_Transient","R-T",1,0.513733,0.473409,0.012858,0.29130217941124,-0.1299,-0.585,0.1942
"83","1315_251",3,0.0130181526824752,0.0237305511132149,0,"1315","251","FemaleJ","FemaleJ","FemaleJ_FemaleJ","F-F",36,43,7,"Transient","Resident","Resident_Transient","R-T",1,0.496380503619496,0.484406515593484,0.0192129807870192,0.151776928112866,0.1997,-0.2084,0.505
"84","1315_413",2,0.0107240861102761,0.0186364708648914,0,"1315","413","FemaleJ","Male","FemaleJ_Male","F-M",36,43,7,"Transient","Resident","Resident_Transient","R-T",1,0.702409,0.291509,0.006082,0.0737183346095196,-0.1272,-0.4378,0.2731
"85","1315_45",2,0.0106805130291767,0.0183625993740588,0,"1315","45","FemaleJ","Male","FemaleJ_Male","F-M",36,44,8,"Transient","Resident","Resident_Transient","R-T",1,0.715572,0.279914,0.004514,0.223905825731093,0.2571,-0.0509,0.4751
"86","1315_480",2,0.0121581102712652,0.0212431026508667,0,"1315","480","FemaleJ","Male","FemaleJ_Male","F-M",36,43,7,"Transient","Resident","Resident_Transient","R-T",1,0.688615,0.303201,0.008184,0.0737183346095196,0.4037,0.0469,0.6715
"87","1315_54",3,0.00932519996186152,0.0150485626290018,0,"1315","54","FemaleJ","FemaleJ","FemaleJ_FemaleJ","F-F",36,44,8,"Transient","Resident","Resident_Transient","R-T",1,0.582922,0.415026,0.002052,0.29130217941124,0.1143,-0.1212,0.3595
"88","1315_619",3,0.0555114020005892,0.0659463773057279,1,"1315","619","FemaleJ","FemaleJ","FemaleJ_FemaleJ","F-F",36,40,4,"Transient","Resident","Resident_Transient","R-T",2,0.018276,0.802527,0.179197,-0.266798825782256,-0.2465,-0.6392,0.0892
"89","1315_677",3,0.0110351499909468,0.0189351972616305,0,"1315","677","FemaleJ","FemaleJ","FemaleJ_FemaleJ","F-F",36,37,1,"Transient","Resident","Resident_Transient","R-T",1,0.522031,0.467462,0.010507,-0.685374579677377,0.134,-0.2492,0.3673
"90","1315_76",2,0.0121816548720721,0.0220010014072985,0,"1315","76","FemaleJ","Male","FemaleJ_Male","F-M",36,44,8,"Transient","Resident","Resident_Transient","R-T",1,0.674104674104674,0.314899314899315,0.010996010996011,0.223905825731093,0.1661,-0.131,0.4602
"91","1315_804",2,0.0113836255560954,0.0206561812437285,0,"1315","804","FemaleJ","Male","FemaleJ_Male","F-M",36,39,3,"Transient","Resident","Resident_Transient","R-T",1,0.688615,0.303201,0.008184,-0.527031629876773,0.0863,-0.3012,0.3755
"92","1315_824",2,0.0129135412393794,0.0238058291675712,0,"1315","824","FemaleJ","Male","FemaleJ_Male","F-M",36,39,3,"Transient","Resident","Resident_Transient","R-T",1,0.674104674104674,0.314899314899315,0.010996010996011,-0.527031629876773,0.1172,-0.1755,0.4404
"93","1315_92",2,0.0103489306897546,0.0162138539202941,0,"1315","92","FemaleJ","Male","FemaleJ_Male","F-M",36,43,7,"Transient","Resident","Resident_Transient","R-T",1,0.688615,0.303201,0.008184,0.0737183346095196,-0.242,-0.6079,0.1194
"94","1315_961",3,0.0102203584528236,0.0163328076996124,0,"1315","961","FemaleJ","FemaleJ","FemaleJ_FemaleJ","F-F",36,36,0,"Transient","Resident","Resident_Transient","R-T",1,0.538041,0.454956,0.007003,-0.824899830975751,-0.1788,-0.4972,0.2354
"95","1329_1336",3,0.0110955293058627,0.0183396118873123,0,"1329","1336","FemaleJ","FemaleJ","FemaleJ_FemaleJ","F-F",36,39,3,"Resident","Resident","Resident_Resident","R-R",1,0.522031,0.467462,0.010507,-0.40632407708063,-0.0045,-0.5215,0.3423
"96","1329_162",3,0.0123135234060776,0.0227180878000871,0,"1329","162","FemaleJ","FemaleJ","FemaleJ_FemaleJ","F-F",36,44,8,"Resident","Resident","Resident_Resident","R-R",1,0.513733,0.473409,0.012858,0.29130217941124,-0.3567,-0.7059,0.0365
"97","1329_251",3,0.0103921020580944,0.0173751662096379,0,"1329","251","FemaleJ","FemaleJ","FemaleJ_FemaleJ","F-F",36,43,7,"Resident","Resident","Resident_Resident","R-R",1,0.538041,0.454956,0.007003,0.151776928112866,-0.2127,-0.6016,0.2262
"98","1329_413",2,0.0352554124688985,0.0384162489024305,1,"1329","413","FemaleJ","Male","FemaleJ_Male","F-M",36,43,7,"Resident","Resident","Resident_Resident","R-R",2,0.185550185550186,0.76967576967577,0.0447740447740448,0.0737183346095196,-0.1372,-0.6678,0.2036
"99","1329_45",2,0.00684398305350631,0.00950183105322882,0,"1329","45","FemaleJ","Male","FemaleJ_Male","F-M",36,44,8,"Resident","Resident","Resident_Resident","R-R",1,0.808396,0.191259,0.000345,0.223905825731093,0.2098,-0.1012,0.4706
"100","1329_480",2,0.0112041379470852,0.020004028268341,0,"1329","480","FemaleJ","Male","FemaleJ_Male","F-M",36,43,7,"Resident","Resident","Resident_Resident","R-R",1,0.695596,0.297348,0.007056,0.0737183346095196,0.0327,-0.2748,0.3541
"101","1329_54",3,0.00752493182569711,0.0109845564505498,0,"1329","54","FemaleJ","FemaleJ","FemaleJ_FemaleJ","F-F",36,44,8,"Resident","Resident","Resident_Resident","R-R",1,0.631589,0.367928,0.000483,0.29130217941124,-0.0685,-0.4312,0.2323
"102","1329_619",3,0.0111975354608941,0.0188116675731279,0,"1329","619","FemaleJ","FemaleJ","FemaleJ_FemaleJ","F-F",36,40,4,"Resident","Resident","Resident_Resident","R-R",1,0.513733,0.473409,0.012858,-0.266798825782256,0.0332,-0.2988,0.321
"103","1329_677",3,0.0112992675636597,0.0206875870228288,0,"1329","677","FemaleJ","FemaleJ","FemaleJ_FemaleJ","F-F",36,37,1,"Resident","Resident","Resident_Resident","R-R",1,0.530124,0.461296,0.00858,-0.685374579677377,0.0082,-0.3832,0.3099
"104","1329_76",2,0.0121480987196124,0.0209987409365295,0,"1329","76","FemaleJ","Male","FemaleJ_Male","F-M",36,44,8,"Resident","Resident","Resident_Resident","R-R",1,0.674104674104674,0.314899314899315,0.010996010996011,0.223905825731093,0.1229,-0.1566,0.3879
"105","1329_804",2,0.00956474533089044,0.0152520006674595,0,"1329","804","FemaleJ","Male","FemaleJ_Male","F-M",36,39,3,"Resident","Resident","Resident_Resident","R-R",1,0.721939,0.274174,0.003887,-0.527031629876773,-0.0345,-0.4424,0.3448
"106","1329_824",2,0.0104558592566365,0.0176386023704382,0,"1329","824","FemaleJ","Male","FemaleJ_Male","F-M",36,39,3,"Resident","Resident","Resident_Resident","R-R",1,0.702409,0.291509,0.006082,-0.527031629876773,0.1052,-0.2106,0.3664
"107","1329_92",2,0.0127473464157085,0.0252934073126245,0,"1329","92","FemaleJ","Male","FemaleJ_Male","F-M",36,43,7,"Resident","Resident","Resident_Resident","R-R",1,0.688615,0.303201,0.008184,0.0737183346095196,-0.0664,-0.4066,0.2776
"108","1329_961",3,0.0101908419499057,0.0172355940418109,0,"1329","961","FemaleJ","FemaleJ","FemaleJ_FemaleJ","F-F",36,36,0,"Resident","Resident","Resident_Resident","R-R",1,0.545806,0.448481,0.005713,-0.824899830975751,0.1531,-0.3092,0.5322
"109","1336_162",3,0.00767629866823439,0.010978465962062,0,"1336","162","FemaleJ","FemaleJ","FemaleJ_FemaleJ","F-F",39,44,5,"Resident","Resident","Resident_Resident","R-R",1,0.644919,0.354762,0.000319,-0.127273574483882,-0.1721,-0.547,0.1852
"110","1336_1739",2,0.00695309695026275,0.00973517905962327,0,"1336","1739","FemaleJ","Male","FemaleJ_Male","F-M",39,32,7,"Resident","Resident","Resident_Resident","R-R",1,0.808396,0.191259,0.000345,0.0737183346095196,0.1119,-0.1664,0.4237
"111","1336_1966",2,0.0111858768726092,0.0193547254323879,0,"1336","1966","FemaleJ","Male","FemaleJ_Male","F-M",39,31,8,"Resident","Transient","Resident_Transient","R-T",1,0.695596,0.297348,0.007056,0.223905825731093,0.2655,0.0412,0.5368
"112","1336_1978",3,0.0112582542238828,0.0202915040603603,0,"1336","1978","FemaleJ","FemaleJ","FemaleJ_FemaleJ","F-F",39,31,8,"Resident","Transient","Resident_Transient","R-T",1,0.522031,0.467462,0.010507,0.29130217941124,0.3049,0.0375,0.5409
"113","1336_2232",2,0.0139446681916007,0.0309929732411101,0,"1336","2232","FemaleJ","Male","FemaleJ_Male","F-M",39,30,9,"Resident","Transient","Resident_Transient","R-T",1,0.658764,0.326486,0.01475,0.374093316852666,-0.2782,-0.6889,0.0674
"114","1336_2233",2,0.0132585781432039,0.0261402260741579,0,"1336","2233","FemaleJ","Male","FemaleJ_Male","F-M",39,30,9,"Resident","Transient","Resident_Transient","R-T",1,0.666546,0.320715,0.012739,0.374093316852666,-0.0539,-0.4054,0.3728
"115","1336_251",3,0.00687302187502037,0.00947856697176247,0,"1336","251","FemaleJ","FemaleJ","FemaleJ_FemaleJ","F-F",39,43,4,"Resident","Resident","Resident_Resident","R-R",1,0.68956368956369,0.31036231036231,7.4000074000074e-05,-0.266798825782256,0.0199,-0.2834,0.3238
"116","1336_413",2,0.00717834223254757,0.00977422810290626,0,"1336","413","FemaleJ","Male","FemaleJ_Male","F-M",39,43,4,"Resident","Resident","Resident_Resident","R-R",1,0.79898,0.200551,0.000469,-0.3768441387552,0.2608,-0.0611,0.6359
"117","1336_45",2,0.00450413238678306,0.00544877273470825,0,"1336","45","FemaleJ","Male","FemaleJ_Male","F-M",39,44,5,"Resident","Resident","Resident_Resident","R-R",1,0.937804062195938,0.0621949378050622,9.99999000001e-07,-0.226656647633627,0.1047,-0.3343,0.4697
"118","1336_4513",3,0.00691397010482691,0.00896384195137744,0,"1336","4513","FemaleJ","FemaleJ","FemaleJ_FemaleJ","F-F",39,24,15,"Resident","Resident","Resident_Resident","R-R",1,0.664443,0.335386,0.000171,1.26797893849986,0.1686,-0.087,0.4675
"119","1336_480",2,0.00736534804880138,0.0104210727362795,0,"1336","480","FemaleJ","Male","FemaleJ_Male","F-M",39,43,4,"Resident","Resident","Resident_Resident","R-R",1,0.803733803733804,0.195864195864196,0.000402000402000402,-0.3768441387552,0.109,-0.2437,0.3773
"120","1336_5001",2,0.0104819682073886,0.0174787990324102,0,"1336","5001","FemaleJ","Male","FemaleJ_Male","F-M",39,22,17,"Resident","Resident","Resident_Resident","R-R",1,0.695596,0.297348,0.007056,1.57559324582525,0.2919,0.0229,0.579
"121","1336_5009",3,0.00770023094998946,0.0110808305071682,0,"1336","5009","FemaleJ","FemaleJ","FemaleJ_FemaleJ","F-F",39,23,16,"Resident","Resident","Resident_Resident","R-R",1,0.61801,0.381259,0.000731,1.40750418979823,0.4326,0.2161,0.6366
"122","1336_5019",2,0.0108513163794497,0.0194806882464448,0,"1336","5019","FemaleJ","Male","FemaleJ_Male","F-M",39,23,16,"Resident","Resident","Resident_Resident","R-R",1,0.715572,0.279914,0.004514,1.42540575470368,0.0552,-0.259,0.3447
"123","1336_5029",3,0.00704712360511917,0.010156231766986,0,"1336","5029","FemaleJ","FemaleJ","FemaleJ_FemaleJ","F-F",39,23,16,"Resident","Resident","Resident_Resident","R-R",1,0.664443,0.335386,0.000171,1.40750418979823,0.2687,0.0531,0.583
"124","1336_5061",2,0.00801700481673005,0.0114638916546671,0,"1336","5061","FemaleJ","Male","FemaleJ_Male","F-M",39,22,17,"Resident","Resident","Resident_Resident","R-R",1,0.768480231519769,0.23035376964623,0.00116599883400117,1.57559324582525,0.0061,-0.3105,0.3316
"125","1336_5112",3,0.101198371941905,0.0801330079262978,2,"1336","5112","FemaleJ","FemaleJ","FemaleJ_FemaleJ","F-F",39,23,16,"Resident","Resident","Resident_Resident","R-R",2,0.000288,0.537228,0.462484,1.40750418979823,-0.0772,-0.5442,0.1876
"126","1336_54",3,0.00514820880697,0.00658386613331865,0,"1336","54","FemaleJ","FemaleJ","FemaleJ_FemaleJ","F-F",39,44,5,"Resident","Resident","Resident_Resident","R-R",1,0.823980176019824,0.176018823981176,9.99999000001e-07,-0.127273574483882,0.0567,-0.4096,0.3281
"127","1336_6105",2,0.00715554182925752,0.010565898210469,0,"1336","6105","FemaleJ","Male","FemaleJ_Male","F-M",39,18,21,"Resident","Resident","Resident_Resident","R-R",1,0.808396,0.191259,0.000345,2.17634321031154,0.0497,-0.2472,0.4249
"128","1336_6118",3,0.0114862231062285,0.0201213382925051,0,"1336","6118","FemaleJ","FemaleJ","FemaleJ_FemaleJ","F-F",39,18,21,"Resident","Transient","Resident_Transient","R-T",1,0.513733,0.473409,0.012858,2.1051304462901,-0.0165,-0.3502,0.2809
"129","1336_6133",2,0.0107950530479846,0.0188009199632548,0,"1336","6133","FemaleJ","Male","FemaleJ_Male","F-M",39,18,21,"Resident","Resident","Resident_Resident","R-R",1,0.688615,0.303201,0.008184,2.17634321031154,0.1897,-0.2347,0.4752
"130","1336_619",3,0.0102045128074046,0.0169640223282344,0,"1336","619","FemaleJ","FemaleJ","FemaleJ_FemaleJ","F-F",39,40,1,"Resident","Resident","Resident_Resident","R-R",1,0.545806,0.448481,0.005713,-0.685374579677377,0.0919,-0.3685,0.3172
"131","1336_6203",3,0.0088198134373906,0.01408747204149,0,"1336","6203","FemaleJ","FemaleJ","FemaleJ_FemaleJ","F-F",39,17,22,"Resident","Resident","Resident_Resident","R-R",1,0.582922,0.415026,0.002052,2.24465569758847,-0.1814,-0.5004,0.1629
"132","1336_6224",3,0.0106842761838458,0.019100478627377,0,"1336","6224","FemaleJ","FemaleJ","FemaleJ_FemaleJ","F-F",39,17,22,"Resident","Resident","Resident_Resident","R-R",1,0.545806,0.448481,0.005713,2.24465569758847,-0.0914,-0.4051,0.2894
"133","1336_677",3,0.00928101766178137,0.0140139330803156,0,"1336","677","FemaleJ","FemaleJ","FemaleJ_FemaleJ","F-F",39,37,2,"Resident","Resident","Resident_Resident","R-R",1,0.575687,0.421793,0.00252,-0.545849328379004,-0.0629,-0.3544,0.2406
"134","1336_76",2,0.00760824955753866,0.0112991561145608,0,"1336","76","FemaleJ","Male","FemaleJ_Male","F-M",39,44,5,"Resident","Resident","Resident_Resident","R-R",1,0.794135,0.205319,0.000546,-0.226656647633627,0.0772,-0.2981,0.455
"135","1336_804",2,0.00656039334133516,0.00920858138580014,0,"1336","804","FemaleJ","Male","FemaleJ_Male","F-M",39,39,0,"Resident","Resident","Resident_Resident","R-R",1,0.838585,0.161297,0.000118,-0.977594103241492,0.0636,-0.1652,0.3609
"136","1336_824",2,0.00682937800276307,0.00958638211116845,0,"1336","824","FemaleJ","Male","FemaleJ_Male","F-M",39,39,0,"Resident","Resident","Resident_Resident","R-R",1,0.817453,0.182293,0.000254,-0.977594103241492,0.3417,0.1662,0.4835
"137","1336_92",2,0.00648546997226118,0.00895032580526341,0,"1336","92","FemaleJ","Male","FemaleJ_Male","F-M",39,43,4,"Resident","Resident","Resident_Resident","R-R",1,0.834527,0.165335,0.000138,-0.3768441387552,0.0905,-0.2503,0.4756
"138","1336_961",3,0.0075480330068446,0.0113925172092447,0,"1336","961","FemaleJ","FemaleJ","FemaleJ_FemaleJ","F-F",39,36,3,"Resident","Resident","Resident_Resident","R-R",1,0.657998,0.341791,0.000211,-0.40632407708063,-0.1714,-0.4998,0.216
"139","1336_9907",2,0.0105972544135085,0.0178774090409669,0,"1336","9907","FemaleJ","Male","FemaleJ_Male","F-M",39,37,2,"Resident","Transient","Resident_Transient","R-T",1,0.709065,0.285695,0.00524,-0.677219120998346,-0.2367,-0.6001,0.1071
"140","162_1739",2,0.0200879870371557,0.020297423534067,1,"162","1739","FemaleJ","Male","FemaleJ_Male","F-M",44,32,12,"Resident","Resident","Resident_Resident","R-R",2,0.296153,0.70032,0.003527,0.824655790217385,-0.0281,-0.4456,0.3238
"141","162_1966",2,0.0108054426431893,0.0179591317992872,0,"162","1966","FemaleJ","Male","FemaleJ_Male","F-M",44,31,13,"Resident","Transient","Resident_Transient","R-T",1,0.695596,0.297348,0.007056,0.974843281338958,-0.204,-0.5749,0.1625
"142","162_1978",3,0.0106886823196874,0.0183652026335145,0,"162","1978","FemaleJ","FemaleJ","FemaleJ_FemaleJ","F-F",44,31,13,"Resident","Transient","Resident_Transient","R-T",1,0.522031,0.467462,0.010507,0.98892843590311,0.0833,-0.2298,0.3359
"143","162_2232",2,0.0132971006952,0.0268335456222468,0,"162","2232","FemaleJ","Male","FemaleJ_Male","F-M",44,30,14,"Resident","Transient","Resident_Transient","R-T",1,0.658764,0.326486,0.01475,1.12503077246053,-0.0509,-0.57,0.2441
"144","162_2233",2,0.0126114567948036,0.022839365329981,0,"162","2233","FemaleJ","Male","FemaleJ_Male","F-M",44,30,14,"Resident","Transient","Resident_Transient","R-T",1,0.666546,0.320715,0.012739,1.12503077246053,0.0084,-0.4243,0.3173
"145","162_251",3,0.00620671171440132,0.00838813335290969,0,"162","251","FemaleJ","FemaleJ","FemaleJ_FemaleJ","F-F",44,43,1,"Resident","Resident","Resident_Resident","R-R",1,0.730841,0.269142,1.7e-05,-0.685374579677377,-0.1456,-0.6649,0.3001
"146","162_413",2,0.00721928381183931,0.010756435474198,0,"162","413","FemaleJ","Male","FemaleJ_Male","F-M",44,43,1,"Resident","Resident","Resident_Resident","R-R",1,0.812968,0.186735,0.000297,-0.827406612119919,-0.2533,-0.6771,0.1773
"147","162_45",2,0.00403943904875778,0.00464802578187482,0,"162","45","FemaleJ","Male","FemaleJ_Male","F-M",44,44,0,"Resident","Resident","Resident_Resident","R-R",1,0.963569036430964,0.0364299635700364,9.99999000001e-07,-0.977594103241492,-0.1527,-0.5356,0.2666
"148","162_4513",3,0.0185600171370821,0.0175910814112982,1,"162","4513","FemaleJ","FemaleJ","FemaleJ_FemaleJ","F-F",44,24,20,"Resident","Resident","Resident_Resident","R-R",2,0.051025,0.948252,0.000723,1.96560519499173,-0.2941,-0.712,0.0669
"149","162_480",2,0.00651575313526494,0.00906617309173106,0,"162","480","FemaleJ","Male","FemaleJ_Male","F-M",44,43,1,"Resident","Resident","Resident_Resident","R-R",1,0.830386,0.169453,0.000161,-0.827406612119919,-0.1256,-0.5686,0.1984
"150","162_5001",2,0.0103684977485157,0.0189401289899666,0,"162","5001","FemaleJ","Male","FemaleJ_Male","F-M",44,22,22,"Resident","Resident","Resident_Resident","R-R",1,0.709065,0.285695,0.00524,2.32653070143312,-0.0543,-0.3289,0.2719
"151","162_5009",3,0.00769864643800289,0.0110264616329314,0,"162","5009","FemaleJ","FemaleJ","FemaleJ_FemaleJ","F-F",44,23,21,"Resident","Resident","Resident_Resident","R-R",1,0.631589,0.367928,0.000483,2.1051304462901,-0.251,-0.5758,-0.0442
"152","162_5019",2,0.00908977202466171,0.0136003181412985,0,"162","5019","FemaleJ","Male","FemaleJ_Male","F-M",44,23,21,"Resident","Resident","Resident_Resident","R-R",1,0.728172,0.268482,0.003346,2.17634321031154,-0.28,-0.7279,0.1333
"153","162_5029",3,0.00717607655444231,0.0102355451160127,0,"162","5029","FemaleJ","FemaleJ","FemaleJ_FemaleJ","F-F",44,23,21,"Resident","Resident","Resident_Resident","R-R",1,0.677136,0.322751,0.000113,2.1051304462901,0.003,-0.3493,0.4217
"154","162_5061",2,0.0077978922244024,0.0113007503938612,0,"162","5061","FemaleJ","Male","FemaleJ_Male","F-M",44,22,22,"Resident","Resident","Resident_Resident","R-R",1,0.779035,0.220104,0.000861,2.32653070143312,-0.1067,-0.3665,0.1451
"155","162_5112",3,0.00944810685253529,0.0156474010773492,0,"162","5112","FemaleJ","FemaleJ","FemaleJ_FemaleJ","F-F",44,23,21,"Resident","Resident","Resident_Resident","R-R",1,0.575687,0.421793,0.00252,2.1051304462901,-0.1749,-0.4687,0.1585
"156","162_54",3,0.00485242612101312,0.00621090867044966,0,"162","54","FemaleJ","FemaleJ","FemaleJ_FemaleJ","F-F",44,44,0,"Resident","Resident","Resident_Resident","R-R",1,0.858333141666858,0.141665858334142,9.99999000001e-07,-0.824899830975751,-0.1727,-0.5796,0.1655
"157","162_6105",2,0.0207252541288954,0.0198478501536321,1,"162","6105","FemaleJ","Male","FemaleJ_Male","F-M",44,18,26,"Resident","Resident","Resident_Resident","R-R",2,0.277523,0.717162,0.005315,2.92728066591941,-0.3538,-0.8306,-0.0063
"158","162_6118",3,0.0121591492404306,0.0230317129901397,0,"162","6118","FemaleJ","FemaleJ","FemaleJ_FemaleJ","F-F",44,18,26,"Resident","Transient","Resident_Transient","R-T",1,0.513733,0.473409,0.012858,2.80275670278197,-0.3554,-0.8362,0.0054
"159","162_6133",2,0.0108765256964952,0.0180083604703578,0,"162","6133","FemaleJ","Male","FemaleJ_Male","F-M",44,18,26,"Resident","Resident","Resident_Resident","R-R",1,0.688615,0.303201,0.008184,2.92728066591941,-0.1401,-0.5882,0.1945
"160","162_619",3,0.010348590759806,0.0176605982378657,0,"162","619","FemaleJ","FemaleJ","FemaleJ_FemaleJ","F-F",44,40,4,"Resident","Resident","Resident_Resident","R-R",1,0.553439,0.441903,0.004658,-0.266798825782256,-0.7105,-1.1269,-0.3056
"161","162_6203",3,0.00785709351071606,0.0118987725335635,0,"162","6203","FemaleJ","FemaleJ","FemaleJ_FemaleJ","F-F",44,17,27,"Resident","Resident","Resident_Resident","R-R",1,0.61801,0.381259,0.000731,2.94228195408034,-0.3825,-0.9223,-0.0013
"162","162_6224",3,0.0103666403348778,0.0180834949466241,0,"162","6224","FemaleJ","FemaleJ","FemaleJ_FemaleJ","F-F",44,17,27,"Resident","Resident","Resident_Resident","R-R",1,0.545806,0.448481,0.005713,2.94228195408034,0.4346,0.2847,0.5461
"163","162_677",3,0.00943829282646184,0.0158497812736947,0,"162","677","FemaleJ","FemaleJ","FemaleJ_FemaleJ","F-F",44,37,7,"Resident","Resident","Resident_Resident","R-R",1,0.575687,0.421793,0.00252,0.151776928112866,-0.1689,-0.6181,0.211
"164","162_76",2,0.0201260442809475,0.0206130097502231,1,"162","76","FemaleJ","Male","FemaleJ_Male","F-M",44,44,0,"Resident","Resident","Resident_Resident","R-R",2,0.296153,0.70032,0.003527,-0.977594103241492,0.1007,-0.2077,0.3895
"165","162_804",2,0.00656694878992102,0.00938369881316789,0,"162","804","FemaleJ","Male","FemaleJ_Male","F-M",44,39,5,"Resident","Resident","Resident_Resident","R-R",1,0.834527,0.165335,0.000138,-0.226656647633627,-0.1475,-0.6017,0.3505
"166","162_824",2,0.00684808199023764,0.00991990443590617,0,"162","824","FemaleJ","Male","FemaleJ_Male","F-M",44,39,5,"Resident","Resident","Resident_Resident","R-R",1,0.812968,0.186735,0.000297,-0.226656647633627,-0.3395,-0.6548,0.0578
"167","162_92",2,0.00642128667216331,0.00851927346245723,0,"162","92","FemaleJ","Male","FemaleJ_Male","F-M",44,43,1,"Resident","Resident","Resident_Resident","R-R",1,0.842560842560843,0.157338157338157,0.000101000101000101,-0.827406612119919,-0.1048,-0.4112,0.2341
"168","162_961",3,0.00656188130604699,0.00887536974097087,0,"162","961","FemaleJ","FemaleJ","FemaleJ_FemaleJ","F-F",44,36,8,"Resident","Resident","Resident_Resident","R-R",1,0.701715,0.298236,4.9e-05,0.29130217941124,-0.2824,-0.5918,0.121
"169","162_9907",2,0.00983441612574151,0.0157325656237413,0,"162","9907","FemaleJ","Male","FemaleJ_Male","F-M",44,37,7,"Resident","Transient","Resident_Transient","R-T",1,0.709065,0.285695,0.00524,0.0737183346095196,-0.1531,-0.5048,0.1554
"170","1739_1966",1,0.0114960232998044,0.0206695194337478,0,"1739","1966","Male","Male","Male_Male","M-M",32,31,1,"Resident","Transient","Resident_Transient","R-T",1,0.54031454031454,0.419424419424419,0.0402610402610403,-0.906780571853278,0.2466,0.0092,0.557
"171","1739_1978",2,0.0110348841111878,0.0195692502995597,0,"1739","1978","Male","FemaleJ","FemaleJ_Male","F-M",32,31,1,"Resident","Transient","Resident_Transient","R-T",1,0.688615,0.303201,0.008184,-0.827406612119919,0.1368,-0.2495,0.3718
"172","1739_2232",1,0.0136325203564908,0.0269061597504936,0,"1739","2232","Male","Male","Male_Male","M-M",32,30,2,"Resident","Transient","Resident_Transient","R-T",1,0.487705,0.435572,0.076723,-0.758349888572181,-0.0629,-0.4267,0.2198
"173","1739_2233",1,0.0133462046302308,0.0256267069563642,0,"1739","2233","Male","Male","Male_Male","M-M",32,30,2,"Resident","Transient","Resident_Transient","R-T",1,0.499031,0.433362,0.067607,-0.758349888572181,0.1014,-0.2016,0.4615
"174","1739_251",2,0.00937401455055123,0.014756412734086,0,"1739","251","Male","FemaleJ","FemaleJ_Male","F-M",32,43,11,"Resident","Resident","Resident_Resident","R-R",1,0.728172,0.268482,0.003346,0.674468299095812,-0.0835,-0.4171,0.1963
"175","1739_45",1,0.00554173475833044,0.0073574927872774,0,"1739","45","Male","Male","Male_Male","M-M",32,44,12,"Resident","Resident","Resident_Resident","R-R",1,0.784116,0.215652,0.000232,0.725956944238787,0.0485,-0.3167,0.4939
"176","1739_4513",2,0.0054933022809956,0.00719279189984937,0,"1739","4513","Male","FemaleJ","FemaleJ_Male","F-M",32,24,8,"Resident","Resident","Resident_Resident","R-R",1,0.892987,0.107003,1e-05,0.223905825731093,0.1397,-0.1907,0.5688
"177","1739_480",1,0.0073319231961798,0.0103337872137527,0,"1739","480","Male","Male","Male_Male","M-M",32,43,11,"Resident","Resident","Resident_Resident","R-R",1,0.66559,0.329871,0.004539,0.577526260957691,0.1459,-0.1835,0.4619
"178","1739_5001",1,0.0229707208250822,0.0229986759276228,1,"1739","5001","Male","Male","Male_Male","M-M",32,22,10,"Resident","Resident","Resident_Resident","R-R",2,0.221843778156222,0.738231261768738,0.0399249600750399,0.429095577676594,0.183,-0.1066,0.4307
"179","1739_5009",2,0.0202444890989727,0.0198575655780662,1,"1739","5009","Male","FemaleJ","FemaleJ_Male","F-M",32,23,9,"Resident","Resident","Resident_Resident","R-R",2,0.283673283673284,0.711689711689712,0.00463700463700464,0.374093316852666,0.226,-0.0165,0.541
"180","1739_5019",1,0.00690888756138456,0.00993684678358642,0,"1739","5019","Male","Male","Male_Male","M-M",32,23,9,"Resident","Resident","Resident_Resident","R-R",1,0.703415,0.294628,0.001957,0.280664894395497,0.1783,-0.18,0.4824
"181","1739_5029",2,0.00573122910720303,0.00775142216621887,0,"1739","5029","Male","FemaleJ","FemaleJ_Male","F-M",32,23,9,"Resident","Resident","Resident_Resident","R-R",1,0.878002,0.121976,2.2e-05,0.374093316852666,0.2848,-0.086,0.5617
"182","1739_5061",1,0.0362420244163524,0.0269419438220651,2,"1739","5061","Male","Male","Male_Male","M-M",32,22,10,"Resident","Resident","Resident_Resident","R-R",2,0.051029,0.885833,0.063138,0.429095577676594,0.1003,-0.2829,0.425
"183","1739_5112",2,0.00687201332953716,0.00987826102167372,0,"1739","5112","Male","FemaleJ","FemaleJ_Male","F-M",32,23,9,"Resident","Resident","Resident_Resident","R-R",1,0.82185,0.177932,0.000218,0.374093316852666,-0.1005,-0.4449,0.2459
"184","1739_54",2,0.0327950704085018,0.0249964473953659,2,"1739","54","Male","FemaleJ","FemaleJ_Male","F-M",32,44,12,"Resident","Resident","Resident_Resident","R-R",2,0.045097,0.946958,0.007945,0.824655790217385,0.1017,-0.2119,0.3963
"185","1739_6105",1,0.0676165143929766,0.0349554037667645,4,"1739","6105","Male","Male","Male_Male","M-M",32,18,14,"Resident","Resident","Resident_Resident","R-R",2,0.000851,0.595627,0.403522,1.02281831080098,0.4655,0.3245,0.6081
"186","1739_6118",2,0.0095967263424513,0.0164658430118437,0,"1739","6118","Male","FemaleJ","FemaleJ_Male","F-M",32,18,14,"Resident","Transient","Resident_Transient","R-T",1,0.715572,0.279914,0.004514,1.12503077246053,-0.0231,-0.4783,0.316
"187","1739_6133",1,0.0351900808736662,0.0390468857705201,1,"1739","6133","Male","Male","Male_Male","M-M",32,18,14,"Resident","Resident","Resident_Resident","R-R",2,0.141895,0.679897,0.178208,1.02281831080098,0.2832,-0.0414,0.5035
"188","1739_6203",2,0.00773061540800458,0.0118907175366366,0,"1739","6203","Male","FemaleJ","FemaleJ_Male","F-M",32,17,15,"Resident","Resident","Resident_Resident","R-R",1,0.784164,0.215096,0.00074,1.2752182635821,-0.0779,-0.4743,0.2354
"189","1739_6224",2,0.00975787111811344,0.016743123355628,0,"1739","6224","Male","FemaleJ","FemaleJ_Male","F-M",32,17,15,"Resident","Resident","Resident_Resident","R-R",1,0.721939,0.274174,0.003887,1.2752182635821,0.1407,-0.1606,0.4739
"190","1739_677",2,0.0123241214490868,0.021609613519812,0,"1739","677","Male","FemaleJ","FemaleJ_Male","F-M",32,37,5,"Resident","Resident","Resident_Resident","R-R",1,0.681456,0.309056,0.009488,-0.226656647633627,0.1892,-0.118,0.4519
"191","1739_76",1,0.0273527357619318,0.0285762216711106,1,"1739","76","Male","Male","Male_Male","M-M",32,44,12,"Resident","Resident","Resident_Resident","R-R",2,0.185919,0.732056,0.082025,0.725956944238787,0.1354,-0.2666,0.4637
"192","1739_804",1,0.0143248474610063,0.0286788299043103,0,"1739","804","Male","Male","Male_Male","M-M",32,39,7,"Resident","Resident","Resident_Resident","R-R",1,0.487705,0.435572,0.076723,-0.0161964721666967,0.1121,-0.2119,0.3743
"193","1739_824",1,0.0104269944335419,0.0167855904756269,0,"1739","824","Male","Male","Male_Male","M-M",32,39,7,"Resident","Resident","Resident_Resident","R-R",1,0.558915,0.410198,0.030887,-0.0161964721666967,-0.0054,-0.3048,0.2875
"194","1739_92",1,0.00586705955707318,0.00762813122148089,0,"1739","92","Male","Male","Male_Male","M-M",32,43,11,"Resident","Resident","Resident_Resident","R-R",1,0.764403,0.235186,0.000411,0.577526260957691,0.3504,0.0024,0.6732
"195","1739_961",2,0.0335351117226034,0.0255279811145382,2,"1739","961","Male","FemaleJ","FemaleJ_Male","F-M",32,36,4,"Resident","Resident","Resident_Resident","R-R",2,0.0437929562070438,0.947168052831947,0.00903899096100904,-0.3768441387552,-0.1031,-0.4114,0.1682
"196","1966_1978",2,0.184414366648886,0.113182970302359,3,"1966","1978","Male","FemaleJ","FemaleJ_Male","F-M",31,31,0,"Transient","Transient","Transient_Transient","T-T",3,0.000426,0.266967,0.732607,-0.977594103241492,0.0438,-0.2954,0.3943
"197","1966_251",2,0.0791255502833893,0.0637391026329104,2,"1966","251","Male","FemaleJ","FemaleJ_Male","F-M",31,43,12,"Transient","Resident","Resident_Transient","R-T",2,0.0156460156460156,0.752089752089752,0.232264232264232,0.824655790217385,-0.0647,-0.449,0.2765
"198","1966_45",1,0.0100499689724235,0.0164510142321212,0,"1966","45","Male","Male","Male_Male","M-M",31,44,13,"Transient","Resident","Resident_Transient","R-T",1,0.56779,0.405188,0.027022,0.874387627519884,0.5017,0.2159,0.7585
"199","1966_480",1,0.0113580568022277,0.0193288468784841,0,"1966","480","Male","Male","Male_Male","M-M",31,43,12,"Transient","Resident","Resident_Transient","R-T",1,0.54031454031454,0.419424419424419,0.0402610402610403,0.725956944238787,0.2619,-0.0417,0.5399
"200","1966_54",2,0.0113632897630773,0.021261560581164,0,"1966","54","Male","FemaleJ","FemaleJ_Male","F-M",31,44,13,"Transient","Resident","Resident_Transient","R-T",1,0.695596,0.297348,0.007056,0.974843281338958,0.2367,0.0014,0.4558
"201","1966_677",2,0.0104366089360623,0.018225193059976,0,"1966","677","Male","FemaleJ","FemaleJ_Male","F-M",31,37,6,"Transient","Resident","Resident_Transient","R-T",1,0.709065,0.285695,0.00524,-0.0764691565120535,0.2406,-0.0628,0.4324
"202","1966_76",1,0.0104961808029237,0.0172994188780893,0,"1966","76","Male","Male","Male_Male","M-M",31,44,13,"Transient","Resident","Resident_Transient","R-T",1,0.558915,0.410198,0.030887,0.874387627519884,0.2814,0.0717,0.5225
"203","1966_804",1,0.0107787629148202,0.0185806199502388,0,"1966","804","Male","Male","Male_Male","M-M",31,39,8,"Transient","Resident","Resident_Transient","R-T",1,0.54976345023655,0.414957585042415,0.0352789647210353,0.1322342111144,-0.1175,-0.3929,0.1933
"204","1966_824",1,0.010862445285233,0.0177722911158646,0,"1966","824","Male","Male","Male_Male","M-M",31,39,8,"Transient","Resident","Resident_Transient","R-T",1,0.54031454031454,0.419424419424419,0.0402610402610403,0.1322342111144,0.0157,-0.4,0.3853
"205","1966_92",1,0.0108522944527945,0.0200106049788003,0,"1966","92","Male","Male","Male_Male","M-M",31,43,12,"Transient","Resident","Resident_Transient","R-T",1,0.54976345023655,0.414957585042415,0.0352789647210353,0.725956944238787,-0.0677,-0.3608,0.3256
"206","1966_961",2,0.0111203950806272,0.0195691757133972,0,"1966","961","Male","FemaleJ","FemaleJ_Male","F-M",31,36,5,"Transient","Resident","Resident_Transient","R-T",1,0.695596,0.297348,0.007056,-0.226656647633627,0.3006,-0.0373,0.5894
"207","1978_251",3,0.0341165581988218,0.0373725078420732,1,"1978","251","FemaleJ","FemaleJ","FemaleJ_FemaleJ","F-F",31,43,12,"Transient","Resident","Resident_Transient","R-T",2,0.026575,0.927859,0.045566,0.849403184604736,0.029,-0.3044,0.3214
"208","1978_45",2,0.0101084243208486,0.0181448417500098,0,"1978","45","FemaleJ","Male","FemaleJ_Male","F-M",31,44,13,"Transient","Resident","Resident_Transient","R-T",1,0.709065,0.285695,0.00524,0.974843281338958,0.0255,-0.3977,0.3398
"209","1978_480",2,0.0113387738872198,0.020402141398243,0,"1978","480","FemaleJ","Male","FemaleJ_Male","F-M",31,43,12,"Transient","Resident","Resident_Transient","R-T",1,0.688615,0.303201,0.008184,0.824655790217385,-0.0738,-0.4478,0.189
"210","1978_54",3,0.0116295155578448,0.0204793910749631,0,"1978","54","FemaleJ","FemaleJ","FemaleJ_FemaleJ","F-F",31,44,13,"Transient","Resident","Resident_Transient","R-T",1,0.522031,0.467462,0.010507,0.98892843590311,-0.0288,-0.3337,0.3151
"211","1978_677",3,0.0105191195838863,0.0179301314065511,0,"1978","677","FemaleJ","FemaleJ","FemaleJ_FemaleJ","F-F",31,37,6,"Transient","Resident","Resident_Transient","R-T",1,0.538041,0.454956,0.007003,0.0122516768144921,-0.0049,-0.3904,0.327
"212","1978_76",2,0.0106454632685563,0.0187132060725355,0,"1978","76","FemaleJ","Male","FemaleJ_Male","F-M",31,44,13,"Transient","Resident","Resident_Transient","R-T",1,0.702409,0.291509,0.006082,0.974843281338958,0.0957,-0.1761,0.3301
"213","1978_804",2,0.0112550309951908,0.0197587065418347,0,"1978","804","FemaleJ","Male","FemaleJ_Male","F-M",31,39,8,"Transient","Resident","Resident_Transient","R-T",1,0.695596,0.297348,0.007056,0.223905825731093,-0.0096,-0.235,0.2309
"214","1978_824",2,0.0112004616339468,0.0199457537909897,0,"1978","824","FemaleJ","Male","FemaleJ_Male","F-M",31,39,8,"Transient","Resident","Resident_Transient","R-T",1,0.688615,0.303201,0.008184,0.223905825731093,-0.0212,-0.37,0.326
"215","1978_92",2,0.0113152143871313,0.0201971409605075,0,"1978","92","FemaleJ","Male","FemaleJ_Male","F-M",31,43,12,"Transient","Resident","Resident_Transient","R-T",1,0.695596,0.297348,0.007056,0.824655790217385,0.2455,-0.0312,0.4283
"216","1978_961",3,0.0115244242047443,0.0203562917117675,0,"1978","961","FemaleJ","FemaleJ","FemaleJ_FemaleJ","F-F",31,36,5,"Transient","Resident","Resident_Transient","R-T",1,0.522031,0.467462,0.010507,-0.127273574483882,0.1699,-0.1679,0.4715
"217","2232_2233",1,0.0698537984398725,0.086635592426662,1,"2232","2233","Male","Male","Male_Male","M-M",30,30,0,"Transient","Transient","Transient_Transient","T-T",2,0.083417,0.514454,0.402129,-1.05521125513437,0.0429,-0.2771,0.3801
"218","2232_251",2,0.0115338122413941,0.0207484684219491,0,"2232","251","Male","FemaleJ","FemaleJ_Male","F-M",30,43,13,"Transient","Resident","Resident_Transient","R-T",1,0.681456,0.309056,0.009488,0.974843281338958,-0.1394,-0.482,0.196
"219","2232_45",1,0.0130741964156346,0.0247246769356378,0,"2232","45","Male","Male","Male_Male","M-M",30,44,14,"Transient","Resident","Resident_Transient","R-T",1,0.509928,0.430579,0.059493,1.02281831080098,0.1607,-0.2466,0.4226
"220","2232_480",1,0.0130443657815819,0.0249246554839448,0,"2232","480","Male","Male","Male_Male","M-M",30,43,13,"Transient","Resident","Resident_Transient","R-T",1,0.499031,0.433362,0.067607,0.874387627519884,0.1216,-0.0969,0.3572
"221","2232_54",2,0.0138264387961508,0.0285467087109328,0,"2232","54","Male","FemaleJ","FemaleJ_Male","F-M",30,44,14,"Transient","Resident","Resident_Transient","R-T",1,0.658764,0.326486,0.01475,1.12503077246053,-0.0958,-0.3701,0.1959
"222","2232_76",1,0.0129645778674483,0.0254510688150936,0,"2232","76","Male","Male","Male_Male","M-M",30,44,14,"Transient","Resident","Resident_Transient","R-T",1,0.487705,0.435572,0.076723,1.02281831080098,-0.0907,-0.4185,0.1758
"223","2232_824",1,0.0120524949034354,0.0224129871120585,0,"2232","824","Male","Male","Male_Male","M-M",30,39,9,"Transient","Resident","Resident_Transient","R-T",1,0.520422,0.427289,0.052289,0.280664894395497,-0.275,-0.5933,0.0965
"224","2232_92",1,0.0117595882149003,0.0229182921358542,0,"2232","92","Male","Male","Male_Male","M-M",30,43,13,"Transient","Resident","Resident_Transient","R-T",1,0.520422,0.427289,0.052289,0.874387627519884,-0.2096,-0.6509,0.1852
"225","2232_961",2,0.0133237950859543,0.0248363612885271,0,"2232","961","Male","FemaleJ","FemaleJ_Male","F-M",30,36,6,"Transient","Resident","Resident_Transient","R-T",1,0.658764,0.326486,0.01475,-0.0764691565120535,0.0026,-0.2419,0.3263
"226","2233_251",2,0.0108578840472728,0.0196206379009849,0,"2233","251","Male","FemaleJ","FemaleJ_Male","F-M",30,43,13,"Transient","Resident","Resident_Transient","R-T",1,0.688615,0.303201,0.008184,0.974843281338958,0.085,-0.3164,0.4162
"227","2233_45",1,0.0119127621290886,0.0228439434907903,0,"2233","45","Male","Male","Male_Male","M-M",30,44,14,"Transient","Resident","Resident_Transient","R-T",1,0.520422,0.427289,0.052289,1.02281831080098,0.3489,-0.0736,0.6274
"228","2233_480",1,0.0119702937674275,0.022678303593971,0,"2233","480","Male","Male","Male_Male","M-M",30,43,13,"Transient","Resident","Resident_Transient","R-T",1,0.509928,0.430579,0.059493,0.874387627519884,0.2048,-0.1803,0.5964
"229","2233_54",2,0.0127456334262752,0.0244881418273743,0,"2233","54","Male","FemaleJ","FemaleJ_Male","F-M",30,44,14,"Transient","Resident","Resident_Transient","R-T",1,0.666546,0.320715,0.012739,1.12503077246053,0.0516,-0.2404,0.3337
"230","2233_76",1,0.0123623377063132,0.0229972853091888,0,"2233","76","Male","Male","Male_Male","M-M",30,44,14,"Transient","Resident","Resident_Transient","R-T",1,0.499031,0.433362,0.067607,1.02281831080098,-0.1463,-0.4291,0.1689
"231","2233_824",1,0.0114313568601786,0.0205828482941936,0,"2233","824","Male","Male","Male_Male","M-M",30,39,9,"Transient","Resident","Resident_Transient","R-T",1,0.530542469457531,0.423551576448424,0.0459059540940459,0.280664894395497,-0.2868,-0.6309,0.1362
"232","2233_92",1,0.0114367757723657,0.0197456692496218,0,"2233","92","Male","Male","Male_Male","M-M",30,43,13,"Transient","Resident","Resident_Transient","R-T",1,0.530542469457531,0.423551576448424,0.0459059540940459,0.874387627519884,0.0171,-0.3861,0.3681
"233","2233_961",2,0.0130842075657926,0.024991383222206,0,"2233","961","Male","FemaleJ","FemaleJ_Male","F-M",30,36,6,"Transient","Resident","Resident_Transient","R-T",1,0.666546,0.320715,0.012739,-0.0764691565120535,-0.0436,-0.3756,0.3569
"234","251_413",2,0.00584560795958223,0.00787987065765789,0,"251","413","FemaleJ","Male","FemaleJ_Male","F-M",43,43,0,"Resident","Resident","Resident_Resident","R-R",1,0.871516128483872,0.128453871546128,2.999997000003e-05,-0.977594103241492,-0.1465,-0.554,0.1786
"235","251_45",2,0.0269437581126879,0.0160247310082317,3,"251","45","FemaleJ","Male","FemaleJ_Male","F-M",43,44,1,"Resident","Resident","Resident_Resident","R-R",2,0.016233,0.983664,0.000103,-0.827406612119919,0.13,-0.2875,0.5138
"236","251_480",2,0.00555613394283765,0.0073585451937629,0,"251","480","FemaleJ","Male","FemaleJ_Male","F-M",43,43,0,"Resident","Resident","Resident_Resident","R-R",1,0.890126,0.109862,1.2e-05,-0.977594103241492,0.0176,-0.28,0.3611
"237","251_54",3,0.0249539160173407,0.0182291777355907,2,"251","54","FemaleJ","FemaleJ","FemaleJ_FemaleJ","F-F",43,44,1,"Resident","Resident","Resident_Resident","R-R",2,0.002241,0.997692,6.7e-05,-0.685374579677377,-0.3504,-0.7326,0.006
"238","251_619",3,0.00924192896283046,0.0157134174211291,0,"251","619","FemaleJ","FemaleJ","FemaleJ_FemaleJ","F-F",43,40,3,"Resident","Resident","Resident_Resident","R-R",1,0.553439,0.441903,0.004658,-0.40632407708063,-0.5641,-0.8917,-0.2462
"239","251_677",3,0.00690101908003249,0.00912743915629479,0,"251","677","FemaleJ","FemaleJ","FemaleJ_FemaleJ","F-F",43,37,6,"Resident","Resident","Resident_Resident","R-R",1,0.670822,0.329039,0.000139,0.0122516768144921,-0.1497,-0.5683,0.2773
"240","251_76",2,0.00588304390657147,0.00793626251646205,0,"251","76","FemaleJ","Male","FemaleJ_Male","F-M",43,44,1,"Resident","Resident","Resident_Resident","R-R",1,0.871516128483872,0.128453871546128,2.999997000003e-05,-0.827406612119919,0.0615,-0.286,0.3764
"241","251_804",2,0.00553226763673742,0.00694101439059461,0,"251","804","FemaleJ","Male","FemaleJ_Male","F-M",43,39,4,"Resident","Resident","Resident_Resident","R-R",1,0.887198,0.112788,1.4e-05,-0.3768441387552,0.0456,-0.3036,0.3385
"242","251_824",2,0.0160073616957009,0.0153258165599246,1,"251","824","FemaleJ","Male","FemaleJ_Male","F-M",43,39,4,"Resident","Resident","Resident_Resident","R-R",2,0.375944,0.623387,0.000669,-0.3768441387552,-0.3183,-0.6038,-0.0218
"243","251_92",2,0.00562368206510856,0.00705851406466905,0,"251","92","FemaleJ","Male","FemaleJ_Male","F-M",43,43,0,"Resident","Resident","Resident_Resident","R-R",1,0.878002,0.121976,2.2e-05,-0.977594103241492,-0.2939,-0.7066,0.128
"244","251_961",3,0.00686237831466143,0.00950530097963734,0,"251","961","FemaleJ","FemaleJ","FemaleJ_FemaleJ","F-F",43,36,7,"Resident","Resident","Resident_Resident","R-R",1,0.670822,0.329039,0.000139,0.151776928112866,-0.4216,-0.7856,-0.1605
"245","251_9907",2,0.010400539747287,0.0171355100765102,0,"251","9907","FemaleJ","Male","FemaleJ_Male","F-M",43,37,6,"Resident","Transient","Resident_Transient","R-T",1,0.709065,0.285695,0.00524,-0.0764691565120535,-0.2437,-0.7139,0.0888
"246","413_45",1,0.0435363513412643,0.0233832006803562,4,"413","45","Male","Male","Male_Male","M-M",43,44,1,"Resident","Resident","Resident_Resident","R-R",2,0.00315,0.977268,0.019582,-0.906780571853278,-0.1164,-0.43,0.2559
"247","413_480",1,0.0365903135759895,0.027281917011885,2,"413","480","Male","Male","Male_Male","M-M",43,43,0,"Resident","Resident","Resident_Resident","R-R",2,0.0492850492850493,0.87990387990388,0.0708110708110708,-1.05521125513437,0.1083,-0.1185,0.3905
"248","413_54",2,0.0145619658042401,0.0141100175952369,1,"413","54","Male","FemaleJ","FemaleJ_Male","F-M",43,44,1,"Resident","Resident","Resident_Resident","R-R",2,0.425773,0.573977,0.00025,-0.827406612119919,0.0249,-0.284,0.3464
"249","413_619",2,0.00932253109213983,0.0153925878147894,0,"413","619","Male","FemaleJ","FemaleJ_Male","F-M",43,40,3,"Resident","Resident","Resident_Resident","R-R",1,0.734277734277734,0.262842262842263,0.00288000288000288,-0.527031629876773,-0.1489,-0.658,0.2019
"250","413_677",2,0.00739460308130359,0.0109039365321184,0,"413","677","Male","FemaleJ","FemaleJ_Male","F-M",43,37,6,"Resident","Resident","Resident_Resident","R-R",1,0.794135,0.205319,0.000546,-0.0764691565120535,0.1705,-0.0955,0.5341
"251","413_76",1,0.00657843248794877,0.00900865481933083,0,"413","76","Male","Male","Male_Male","M-M",43,44,1,"Resident","Resident","Resident_Resident","R-R",1,0.721067,0.277652,0.001281,-0.906780571853278,-0.2197,-0.5621,0.1154
"252","413_804",1,0.12178566989929,0.0509124337393367,6,"413","804","Male","Male","Male_Male","M-M",43,39,4,"Resident","Resident","Resident_Resident","R-R",3,1e-06,0.031047,0.968952,-0.461488522009987,-0.209,-0.5294,0.1512
"253","413_824",1,0.0405559044827093,0.0297384413621526,2,"413","824","Male","Male","Male_Male","M-M",43,39,4,"Resident","Resident","Resident_Resident","R-R",2,0.0424,0.846842,0.110758,-0.461488522009987,-0.0469,-0.3932,0.3435
"254","413_92",1,0.00708421190137222,0.0102043934188854,0,"413","92","Male","Male","Male_Male","M-M",43,43,0,"Resident","Resident","Resident_Resident","R-R",1,0.709388,0.288913,0.001699,-1.05521125513437,0.0521,-0.2815,0.4427
"255","413_961",2,0.0246200199758548,0.0250238595731752,1,"413","961","Male","FemaleJ","FemaleJ_Male","F-M",43,36,7,"Resident","Resident","Resident_Resident","R-R",2,0.236037,0.750267,0.013696,0.0737183346095196,-0.1947,-0.4693,0.2031
"256","413_9907",1,0.0102143911220526,0.0173176281534599,0,"413","9907","Male","Male","Male_Male","M-M",43,37,6,"Resident","Transient","Resident_Transient","R-T",1,0.576411,0.399965,0.023624,-0.164627155447794,0.306,0.1344,0.5059
"257","4513_480",2,0.00785271200372113,0.011425719230138,0,"4513","480","FemaleJ","Male","FemaleJ_Male","F-M",24,43,19,"Resident","Resident","Resident_Resident","R-R",1,0.773808,0.22519,0.001002,1.8759682280684,0.0519,-0.317,0.4719
"258","4513_5001",2,0.00797524086352512,0.0117170259521044,0,"4513","5001","FemaleJ","Male","FemaleJ_Male","F-M",24,22,2,"Resident","Resident","Resident_Resident","R-R",1,0.779035,0.220104,0.000861,-0.677219120998346,0.2192,-0.0593,0.5163
"259","4513_5009",3,0.0205691523533521,0.0203027147247609,1,"4513","5009","FemaleJ","FemaleJ","FemaleJ_FemaleJ","F-F",24,23,1,"Resident","Resident","Resident_Resident","R-R",2,0.043245,0.954488,0.002267,-0.685374579677377,0.3779,0.1896,0.611
"260","4513_5019",2,0.00705863451008724,0.0102242423532062,0,"4513","5019","FemaleJ","Male","FemaleJ_Male","F-M",24,23,1,"Resident","Resident","Resident_Resident","R-R",1,0.812968,0.186735,0.000297,-0.827406612119919,0.3151,0.1313,0.5021
"261","4513_5029",3,0.00586020089142754,0.00795724810557347,0,"4513","5029","FemaleJ","FemaleJ","FemaleJ_FemaleJ","F-F",24,23,1,"Resident","Resident","Resident_Resident","R-R",1,0.76845,0.231546,4e-06,-0.685374579677377,0.2442,-0.0801,0.5535
"262","4513_5061",2,0.0668535006645379,0.0410723037443119,3,"4513","5061","FemaleJ","Male","FemaleJ_Male","F-M",24,22,2,"Resident","Resident","Resident_Resident","R-R",2,0.002502,0.842746,0.154752,-0.677219120998346,-0.2547,-0.6555,0.0433
"263","4513_5112",3,0.00728384638843114,0.0104063140887422,0,"4513","5112","FemaleJ","FemaleJ","FemaleJ_FemaleJ","F-F",24,23,1,"Resident","Resident","Resident_Resident","R-R",1,0.670822,0.329039,0.000139,-0.685374579677377,-0.2973,-0.749,0.1314
"264","4513_54",3,0.0059138404940714,0.00786928249665316,0,"4513","54","FemaleJ","FemaleJ","FemaleJ_FemaleJ","F-F",24,44,20,"Resident","Resident","Resident_Resident","R-R",1,0.758092,0.241902,6e-06,1.96560519499173,0.2722,-0.0138,0.5015
"265","4513_6105",2,0.00620508745719768,0.00824201195531929,0,"4513","6105","FemaleJ","Male","FemaleJ_Male","F-M",24,18,6,"Resident","Resident","Resident_Resident","R-R",1,0.85026714973285,0.14965785034215,7.4999925000075e-05,-0.0764691565120535,0.0772,-0.2454,0.3575
"266","4513_6118",3,0.00928111511582616,0.0151557167547809,0,"4513","6118","FemaleJ","FemaleJ","FemaleJ_FemaleJ","F-F",24,18,6,"Resident","Transient","Resident_Transient","R-T",1,0.568367568367568,0.428539428539429,0.00309300309300309,0.0122516768144921,-0.3943,-0.7784,0.0117
"267","4513_6133",2,0.0093049685641999,0.0147543618093876,0,"4513","6133","FemaleJ","Male","FemaleJ_Male","F-M",24,18,6,"Resident","Resident","Resident_Resident","R-R",1,0.734277734277734,0.262842262842263,0.00288000288000288,-0.0764691565120535,0.0764,-0.2711,0.3497
"268","4513_6203",3,0.00802682475666999,0.0118666277378947,0,"4513","6203","FemaleJ","FemaleJ","FemaleJ_FemaleJ","F-F",24,17,7,"Resident","Resident","Resident_Resident","R-R",1,0.61801,0.381259,0.000731,0.151776928112866,-0.1532,-0.4475,0.2624
"269","4513_6224",3,0.0111468125877877,0.0202456696025483,0,"4513","6224","FemaleJ","FemaleJ","FemaleJ_FemaleJ","F-F",24,17,7,"Resident","Resident","Resident_Resident","R-R",1,0.530124,0.461296,0.00858,0.151776928112866,-0.0015,-0.3978,0.32
"270","4513_76",2,0.00804129342242112,0.0115779595286849,0,"4513","76","FemaleJ","Male","FemaleJ_Male","F-M",24,44,20,"Resident","Resident","Resident_Resident","R-R",1,0.768480231519769,0.23035376964623,0.00116599883400117,2.02615571918997,0.1977,-0.0029,0.3741
"271","4513_92",2,0.00632834265068237,0.00836103678110637,0,"4513","92","FemaleJ","Male","FemaleJ_Male","F-M",24,43,19,"Resident","Resident","Resident_Resident","R-R",1,0.838585,0.161297,0.000118,1.8759682280684,-0.1043,-0.444,0.2085
"272","4513_961",3,0.00605155022422471,0.00810169666709704,0,"4513","961","FemaleJ","FemaleJ","FemaleJ_FemaleJ","F-F",24,36,12,"Resident","Resident","Resident_Resident","R-R",1,0.747422,0.252569,9e-06,0.849403184604736,-0.1235,-0.5033,0.3711
"273","45_4513",2,0.00616162639648944,0.00816267804578456,0,"45","4513","Male","FemaleJ","FemaleJ_Male","F-M",44,24,20,"Resident","Resident","Resident_Resident","R-R",1,0.857658,0.142287,5.5e-05,2.02615571918997,0.0378,-0.349,0.3379
"274","45_480",1,0.00984532432079703,0.00863449894013957,1,"45","480","Male","Male","Male_Male","M-M",44,43,1,"Resident","Resident","Resident_Resident","R-R",1,0.656694,0.3433,6e-06,-0.906780571853278,0.528,0.3035,0.7203
"275","45_5001",1,0.0078868869198192,0.0115908905340703,0,"45","5001","Male","Male","Male_Male","M-M",44,22,22,"Resident","Resident","Resident_Resident","R-R",1,0.652147347852652,0.341855658144342,0.005996994003006,2.21026377704976,-0.0718,-0.4312,0.2654
"276","45_5009",2,0.00734858553091202,0.0107124569923152,0,"45","5009","Male","FemaleJ","FemaleJ_Male","F-M",44,23,21,"Resident","Resident","Resident_Resident","R-R",1,0.808396,0.191259,0.000345,2.17634321031154,0.329,0.1133,0.6547
"277","45_5019",1,0.00701600131194899,0.00992605021305057,0,"45","5019","Male","Male","Male_Male","M-M",44,23,21,"Resident","Resident","Resident_Resident","R-R",1,0.691195308804691,0.306211693788306,0.00259299740700259,2.06183309376866,0.1421,-0.2122,0.3831
"278","45_5029",2,0.00593688869315347,0.00780683128485951,0,"45","5029","Male","FemaleJ","FemaleJ_Male","F-M",44,23,21,"Resident","Resident","Resident_Resident","R-R",1,0.871516128483872,0.128453871546128,2.999997000003e-05,2.17634321031154,-0.0192,-0.3313,0.3186
"279","45_5061",1,0.0196194109104441,0.0191009911727377,1,"45","5061","Male","Male","Male_Male","M-M",44,22,22,"Resident","Resident","Resident_Resident","R-R",2,0.263310736689263,0.72004227995772,0.0166469833530166,2.21026377704976,-0.1659,-0.5044,0.3135
"280","45_5112",2,0.0080170512438796,0.0123469217691704,0,"45","5112","Male","FemaleJ","FemaleJ_Male","F-M",44,23,21,"Resident","Resident","Resident_Resident","R-R",1,0.784164,0.215096,0.00074,2.17634321031154,-0.0452,-0.4159,0.2592
"281","45_54",2,0.0139040295051938,0.00959314039905375,2,"45","54","Male","FemaleJ","FemaleJ_Male","F-M",44,44,0,"Resident","Resident","Resident_Resident","R-R",2,0.343297656702343,0.656701343298657,9.99999000001e-07,-0.977594103241492,0.0712,-0.3393,0.3708
"282","45_6105",1,0.0583914342176024,0.0456703703471967,2,"45","6105","Male","Male","Male_Male","M-M",44,18,26,"Resident","Resident","Resident_Resident","R-R",2,0.0223900223900224,0.626105626105626,0.351504351504351,2.80398651017414,0.12,-0.1838,0.378
"283","45_6118",2,0.0117249928436929,0.0212201332160413,0,"45","6118","Male","FemaleJ","FemaleJ_Male","F-M",44,18,26,"Resident","Transient","Resident_Transient","R-T",1,0.688615,0.303201,0.008184,2.92728066591941,0.1282,-0.2137,0.4256
"284","45_6133",1,0.0328662061241741,0.0359538282339314,1,"45","6133","Male","Male","Male_Male","M-M",44,18,26,"Resident","Resident","Resident_Resident","R-R",2,0.15476,0.701092,0.144148,2.80398651017414,0.0073,-0.3497,0.301
"285","45_619",2,0.00703447552142434,0.00999295937618602,0,"45","619","Male","FemaleJ","FemaleJ_Male","F-M",44,40,4,"Resident","Resident","Resident_Resident","R-R",1,0.812968,0.186735,0.000297,-0.3768441387552,-0.0998,-0.4015,0.2403
"286","45_6203",2,0.00902730066435189,0.0141772498934471,0,"45","6203","Male","FemaleJ","FemaleJ_Male","F-M",44,17,27,"Resident","Resident","Resident_Resident","R-R",1,0.74026074026074,0.257261257261257,0.00247800247800248,3.07746815704098,0.0398,-0.3556,0.3708
"287","45_6224",2,0.00928173768857707,0.0148301790261049,0,"45","6224","Male","FemaleJ","FemaleJ_Male","F-M",44,17,27,"Resident","Resident","Resident_Resident","R-R",1,0.728172,0.268482,0.003346,3.07746815704098,0.0389,-0.3136,0.4255
"288","45_677",2,0.015335620306484,0.0146637734059405,1,"45","677","Male","FemaleJ","FemaleJ_Male","F-M",44,37,7,"Resident","Resident","Resident_Resident","R-R",2,0.397061,0.602499,0.00044,0.0737183346095196,0.2107,0.0045,0.4631
"289","45_76",1,0.00398451292872504,0.00465069364383351,0,"45","76","Male","Male","Male_Male","M-M",44,44,0,"Resident","Resident","Resident_Resident","R-R",1,0.933204066795933,0.0667949332050668,9.99999000001e-07,-1.05521125513437,0.1536,-0.1387,0.3809
"290","45_804",1,0.0219419672632095,0.0151923623770609,2,"45","804","Male","Male","Male_Male","M-M",44,39,5,"Resident","Resident","Resident_Resident","R-R",2,0.123661876338124,0.875056124943875,0.00128199871800128,-0.31305783872889,-0.0175,-0.2594,0.2228
"291","45_824",1,0.0494998831062543,0.0262539647825277,4,"45","824","Male","Male","Male_Male","M-M",44,39,5,"Resident","Resident","Resident_Resident","R-R",2,0.002276,0.934664,0.06306,-0.31305783872889,-0.0203,-0.3502,0.2494
"292","45_92",1,0.0159490051052667,0.0113234569096564,2,"45","92","Male","Male","Male_Male","M-M",44,43,1,"Resident","Resident","Resident_Resident","R-R",2,0.268299,0.731684,1.7e-05,-0.906780571853278,-0.0874,-0.4764,0.2658
"293","45_961",2,0.0492321359268523,0.0256189307729138,4,"45","961","Male","FemaleJ","FemaleJ_Male","F-M",44,36,8,"Resident","Resident","Resident_Resident","R-R",2,0.00067,0.98562,0.01371,0.223905825731093,0.2077,-0.0249,0.5746
"294","45_9907",1,0.008795513093358,0.0137467624152716,0,"45","9907","Male","Male","Male_Male","M-M",44,37,7,"Resident","Transient","Resident_Transient","R-T",1,0.616326,0.371709,0.011965,-0.0161964721666967,0.0611,-0.2319,0.5146
"295","480_5001",1,0.0108158714279782,0.0195443775058304,0,"480","5001","Male","Male","Male_Male","M-M",43,22,21,"Resident","Resident","Resident_Resident","R-R",1,0.54031454031454,0.419424419424419,0.0402610402610403,2.06183309376866,-0.0698,-0.3097,0.2882
"296","480_5009",2,0.00783686888248621,0.0116035125386578,0,"480","5009","Male","FemaleJ","FemaleJ_Male","F-M",43,23,20,"Resident","Resident","Resident_Resident","R-R",1,0.794135,0.205319,0.000546,2.02615571918997,0.2489,-0.0602,0.5349
"297","480_5019",1,0.00879574022122129,0.0139591751839064,0,"480","5019","Male","Male","Male_Male","M-M",43,23,20,"Resident","Resident","Resident_Resident","R-R",1,0.608717,0.377561,0.013722,1.91340241048756,0.3755,0.2517,0.5191
"298","480_5029",2,0.00798480154079975,0.0120165401581968,0,"480","5029","Male","FemaleJ","FemaleJ_Male","F-M",43,23,20,"Resident","Resident","Resident_Resident","R-R",1,0.768480231519769,0.23035376964623,0.00116599883400117,2.02615571918997,-0.0267,-0.2952,0.3209
"299","480_5061",1,0.0097021825974401,0.0151550914875924,0,"480","5061","Male","Male","Male_Male","M-M",43,22,21,"Resident","Resident","Resident_Resident","R-R",1,0.576411,0.399965,0.023624,2.06183309376866,-0.222,-0.5536,0.1579
"300","480_5112",2,0.00995351719474948,0.0157028850493309,0,"480","5112","Male","FemaleJ","FemaleJ_Male","F-M",43,23,20,"Resident","Resident","Resident_Resident","R-R",1,0.715572,0.279914,0.004514,2.02615571918997,0.3669,0.0828,0.5792
"301","480_54",2,0.0133761462516749,0.0118540355037007,1,"480","54","Male","FemaleJ","FemaleJ_Male","F-M",43,44,1,"Resident","Resident","Resident_Resident","R-R",2,0.469683,0.53021,0.000107,-0.827406612119919,0.2475,-0.0894,0.5326
"302","480_619",2,0.0100426883638526,0.0168809357728842,0,"480","619","Male","FemaleJ","FemaleJ_Male","F-M",43,40,3,"Resident","Resident","Resident_Resident","R-R",1,0.715572,0.279914,0.004514,-0.527031629876773,-0.1624,-0.5302,0.1635
"303","480_677",2,0.0581279579125334,0.0451080090841398,2,"480","677","Male","FemaleJ","FemaleJ_Male","F-M",43,37,6,"Resident","Resident","Resident_Resident","R-R",2,0.02128,0.856565,0.122155,-0.0764691565120535,0.1607,-0.1106,0.4408
"304","480_76",1,0.00565421340905166,0.00724024043265193,0,"480","76","Male","Male","Male_Male","M-M",43,44,1,"Resident","Resident","Resident_Resident","R-R",1,0.788846,0.210953,0.000201,-0.906780571853278,-0.0606,-0.4122,0.2595
"305","480_804",1,0.00597764261826155,0.00792990317838023,0,"480","804","Male","Male","Male_Male","M-M",43,39,4,"Resident","Resident","Resident_Resident","R-R",1,0.759274,0.240252,0.000474,-0.461488522009987,0.0659,-0.2656,0.4378
"306","480_824",1,0.0189474131662006,0.019356260606127,1,"480","824","Male","Male","Male_Male","M-M",43,39,4,"Resident","Resident","Resident_Resident","R-R",2,0.275307,0.711785,0.012908,-0.461488522009987,0.1541,-0.0978,0.4313
"307","480_92",1,0.0330013959318957,0.0256074085076432,2,"480","92","Male","Male","Male_Male","M-M",43,43,0,"Resident","Resident","Resident_Resident","R-R",2,0.059972,0.90488,0.035148,-1.05521125513437,-0.0415,-0.346,0.2589
"308","480_961",2,0.0231181741210874,0.0235472854727101,1,"480","961","Male","FemaleJ","FemaleJ_Male","F-M",43,36,7,"Resident","Resident","Resident_Resident","R-R",2,0.253499,0.737354,0.009147,0.0737183346095196,0.0787,-0.2669,0.3567
"309","480_9907",1,0.00989944277848022,0.0155296352448108,0,"480","9907","Male","Male","Male_Male","M-M",43,37,6,"Resident","Transient","Resident_Transient","R-T",1,0.56779,0.405188,0.027022,-0.164627155447794,0.0569,-0.2394,0.337
"310","5001_5009",2,0.00926542781585278,0.0145867897976434,0,"5001","5009","Male","FemaleJ","FemaleJ_Male","F-M",22,23,1,"Resident","Resident","Resident_Resident","R-R",1,0.728172,0.268482,0.003346,-0.827406612119919,0.2093,-0.0314,0.5104
"311","5001_5019",1,0.00930823473926277,0.0158873944470008,0,"5001","5019","Male","Male","Male_Male","M-M",22,23,1,"Resident","Resident","Resident_Resident","R-R",1,0.592966,0.38901,0.018024,-0.906780571853278,0.1296,-0.2243,0.4094
"312","5001_5029",2,0.00673093044742944,0.00883839684757012,0,"5001","5029","Male","FemaleJ","FemaleJ_Male","F-M",22,23,1,"Resident","Resident","Resident_Resident","R-R",1,0.803733803733804,0.195864195864196,0.000402000402000402,-0.827406612119919,0.1361,-0.0875,0.3437
"313","5001_5061",1,0.00708741125332171,0.0100754376405375,0,"5001","5061","Male","Male","Male_Male","M-M",22,22,0,"Resident","Resident","Resident_Resident","R-R",1,0.66559,0.329871,0.004539,-1.05521125513437,-0.2287,-0.6342,0.2403
"314","5001_5112",2,0.011266130131628,0.0202910723527387,0,"5001","5112","Male","FemaleJ","FemaleJ_Male","F-M",22,23,1,"Resident","Resident","Resident_Resident","R-R",1,0.688615,0.303201,0.008184,-0.827406612119919,-0.0605,-0.3703,0.2786
"315","5001_54",2,0.00853696932005652,0.0128309734594359,0,"5001","54","Male","FemaleJ","FemaleJ_Male","F-M",22,44,22,"Resident","Resident","Resident_Resident","R-R",1,0.757518,0.240905,0.001577,2.32653070143312,0.0384,-0.2419,0.3492
"316","5001_6105",1,0.00852233673326212,0.0128044279490591,0,"5001","6105","Male","Male","Male_Male","M-M",22,18,4,"Resident","Resident","Resident_Resident","R-R",1,0.616326,0.371709,0.011965,-0.461488522009987,0.2862,-0.0561,0.5229
"317","5001_6118",2,0.0114322474897571,0.0212485494793444,0,"5001","6118","Male","FemaleJ","FemaleJ_Male","F-M",22,18,4,"Resident","Transient","Resident_Transient","R-T",1,0.688615,0.303201,0.008184,-0.3768441387552,-0.4223,-0.9267,-0.014
"318","5001_6133",1,0.0101111415284118,0.0168199083635622,0,"5001","6133","Male","Male","Male_Male","M-M",22,18,4,"Resident","Resident","Resident_Resident","R-R",1,0.56779,0.405188,0.027022,-0.461488522009987,-0.1705,-0.619,0.2096
"319","5001_6203",2,0.0100129704591758,0.0162995412441706,0,"5001","6203","Male","FemaleJ","FemaleJ_Male","F-M",22,17,5,"Resident","Resident","Resident_Resident","R-R",1,0.709065,0.285695,0.00524,-0.226656647633627,0.409,0.139,0.682
"320","5001_6224",2,0.152574938527997,0.124095878845175,2,"5001","6224","Male","FemaleJ","FemaleJ_Male","F-M",22,17,5,"Resident","Resident","Resident_Resident","R-R",2,0.008727,0.531448,0.459825,-0.226656647633627,0.0024,-0.2968,0.3215
"321","5001_76",1,0.00958688063036579,0.0151369168146679,0,"5001","76","Male","Male","Male_Male","M-M",22,44,22,"Resident","Resident","Resident_Resident","R-R",1,0.56779,0.405188,0.027022,2.21026377704976,0.3998,0.2097,0.5537
"322","5001_92",1,0.00850256705828805,0.0135530106058238,0,"5001","92","Male","Male","Male_Male","M-M",22,43,21,"Resident","Resident","Resident_Resident","R-R",1,0.638227638227638,0.353859353859354,0.00791300791300791,2.06183309376866,0.1875,-0.2578,0.474
"323","5001_961",2,0.00900759175216791,0.0142397265820854,0,"5001","961","Male","FemaleJ","FemaleJ_Male","F-M",22,36,14,"Resident","Resident","Resident_Resident","R-R",1,0.74026074026074,0.257261257261257,0.00247800247800248,1.12503077246053,-0.014,-0.2312,0.2565
"324","5009_5019",2,0.023108819753298,0.0235911075784291,1,"5009","5019","FemaleJ","Male","FemaleJ_Male","F-M",23,23,0,"Resident","Resident","Resident_Resident","R-R",2,0.253499,0.737354,0.009147,-0.977594103241492,0.219,-0.0192,0.4981
"325","5009_5029",3,0.0211781890006208,0.0212818520655595,1,"5009","5029","FemaleJ","FemaleJ","FemaleJ_FemaleJ","F-F",23,23,0,"Resident","Resident","Resident_Resident","R-R",2,0.043245,0.954488,0.002267,-0.824899830975751,0.3094,0.0852,0.4984
"326","5009_5061",2,0.00856542081303429,0.0134182961876967,0,"5009","5061","FemaleJ","Male","FemaleJ_Male","F-M",23,22,1,"Resident","Resident","Resident_Resident","R-R",1,0.751877,0.246289,0.001834,-0.827406612119919,0.3697,0.0829,0.5171
"327","5009_5112",3,0.0076074628647597,0.0109579474428369,0,"5009","5112","FemaleJ","FemaleJ","FemaleJ_FemaleJ","F-F",23,23,0,"Resident","Resident","Resident_Resident","R-R",1,0.631589,0.367928,0.000483,-0.824899830975751,-0.073,-0.4511,0.2334
"328","5009_54",3,0.00769202237530176,0.012748065274761,0,"5009","54","FemaleJ","FemaleJ","FemaleJ_FemaleJ","F-F",23,44,21,"Resident","Resident","Resident_Resident","R-R",1,0.644919,0.354762,0.000319,2.1051304462901,0.3171,-0.0132,0.5826
"329","5009_76",2,0.00755105387164772,0.0108676058677649,0,"5009","76","FemaleJ","Male","FemaleJ_Male","F-M",23,44,21,"Resident","Resident","Resident_Resident","R-R",1,0.794135,0.205319,0.000546,2.17634321031154,0.3527,0.0985,0.6465
"330","5009_92",2,0.00725454963596029,0.0100763783458366,0,"5009","92","FemaleJ","Male","FemaleJ_Male","F-M",23,43,20,"Resident","Resident","Resident_Resident","R-R",1,0.794135,0.205319,0.000546,2.02615571918997,0.2495,0.036,0.5132
"331","5009_961",3,0.0276037708723806,0.0279705203959999,1,"5009","961","FemaleJ","FemaleJ","FemaleJ_FemaleJ","F-F",23,36,13,"Resident","Resident","Resident_Resident","R-R",2,0.032403,0.952574,0.015023,0.98892843590311,0.29,0.0323,0.5501
"332","5019_5029",2,0.0200387759439944,0.0201717697006359,1,"5019","5029","Male","FemaleJ","FemaleJ_Male","F-M",23,23,0,"Resident","Resident","Resident_Resident","R-R",2,0.296153,0.70032,0.003527,-0.977594103241492,0.1056,-0.2478,0.4182
"333","5019_5061",1,0.00723516198329603,0.0110928483862423,0,"5019","5061","Male","Male","Male_Male","M-M",23,22,1,"Resident","Resident","Resident_Resident","R-R",1,0.678595,0.317973,0.003432,-0.906780571853278,-0.309,-0.7142,0.0948
"334","5019_5112",2,0.00905382313800024,0.0138343918612284,0,"5019","5112","Male","FemaleJ","FemaleJ_Male","F-M",23,23,0,"Resident","Resident","Resident_Resident","R-R",1,0.728172,0.268482,0.003346,-0.977594103241492,-0.185,-0.5069,0.1261
"335","5019_54",2,0.00758725041495985,0.0115353008755152,0,"5019","54","Male","FemaleJ","FemaleJ_Male","F-M",23,44,21,"Resident","Resident","Resident_Resident","R-R",1,0.784164,0.215096,0.00074,2.17634321031154,0.0707,-0.3046,0.4148
"336","5019_6105",1,0.00998685887914741,0.0165770039997321,0,"5019","6105","Male","Male","Male_Male","M-M",23,18,5,"Resident","Resident","Resident_Resident","R-R",1,0.584797,0.394562,0.020641,-0.31305783872889,-0.0334,-0.4068,0.2309
"337","5019_6118",2,0.012009088116657,0.0231591790869941,0,"5019","6118","Male","FemaleJ","FemaleJ_Male","F-M",23,18,5,"Resident","Transient","Resident_Transient","R-T",1,0.681456,0.309056,0.009488,-0.226656647633627,0.1622,-0.1144,0.4109
"338","5019_6133",1,0.0117447296652756,0.0207687843322058,0,"5019","6133","Male","Male","Male_Male","M-M",23,18,5,"Resident","Resident","Resident_Resident","R-R",1,0.530542469457531,0.423551576448424,0.0459059540940459,-0.31305783872889,0.2065,-0.0482,0.4563
"339","5019_6203",2,0.0111962172110117,0.0200341104379201,0,"5019","6203","Male","FemaleJ","FemaleJ_Male","F-M",23,17,6,"Resident","Resident","Resident_Resident","R-R",1,0.688615,0.303201,0.008184,-0.0764691565120535,0.0802,-0.2346,0.3349
"340","5019_6224",2,0.0118087950199518,0.0205207189688168,0,"5019","6224","Male","FemaleJ","FemaleJ_Male","F-M",23,17,6,"Resident","Resident","Resident_Resident","R-R",1,0.674104674104674,0.314899314899315,0.010996010996011,-0.0764691565120535,0.0033,-0.3514,0.3228
"341","5019_76",1,0.0277373564779325,0.0286475914725595,1,"5019","76","Male","Male","Male_Male","M-M",23,44,21,"Resident","Resident","Resident_Resident","R-R",2,0.185919,0.732056,0.082025,2.06183309376866,0.0711,-0.3442,0.3356
"342","5019_92",1,0.00804485115817718,0.0124381997178799,0,"5019","92","Male","Male","Male_Male","M-M",23,43,20,"Resident","Resident","Resident_Resident","R-R",1,0.658926,0.335856,0.005218,1.91340241048756,-0.0706,-0.3733,0.232
"343","5019_961",2,0.0082017011970044,0.0125394055302016,0,"5019","961","Male","FemaleJ","FemaleJ_Male","F-M",23,36,13,"Resident","Resident","Resident_Resident","R-R",1,0.763052,0.235592,0.001356,0.974843281338958,-0.4519,-0.736,-0.0938
"344","5029_5061",2,0.00621439377456061,0.00867551961033995,0,"5029","5061","FemaleJ","Male","FemaleJ_Male","F-M",23,22,1,"Resident","Resident","Resident_Resident","R-R",1,0.854002,0.145934,6.4e-05,-0.827406612119919,-0.1288,-0.3748,0.198
"345","5029_5112",3,0.00725715773348002,0.0105199088826003,0,"5029","5112","FemaleJ","FemaleJ","FemaleJ_FemaleJ","F-F",23,23,0,"Resident","Resident","Resident_Resident","R-R",1,0.677136,0.322751,0.000113,-0.824899830975751,-0.4574,-0.8233,-0.0842
"346","5029_54",3,0.00604504740499792,0.00799192073459758,0,"5029","54","FemaleJ","FemaleJ","FemaleJ_FemaleJ","F-F",23,44,21,"Resident","Resident","Resident_Resident","R-R",1,0.736444,0.263542,1.4e-05,2.1051304462901,0.2142,-0.1006,0.4059
"347","5029_6105",2,0.0526343745963612,0.0399993457379039,2,"5029","6105","FemaleJ","Male","FemaleJ_Male","F-M",23,18,5,"Resident","Resident","Resident_Resident","R-R",2,0.024153,0.889633,0.086214,-0.226656647633627,0.2601,-0.0075,0.5453
"348","5029_6118",3,0.0102969902700511,0.0170721170753113,0,"5029","6118","FemaleJ","FemaleJ","FemaleJ_FemaleJ","F-F",23,18,5,"Resident","Transient","Resident_Transient","R-T",1,0.545806,0.448481,0.005713,-0.127273574483882,-0.4124,-0.9662,-0.0832
"349","5029_6133",2,0.00833829290808866,0.0125526481657414,0,"5029","6133","FemaleJ","Male","FemaleJ_Male","F-M",23,18,5,"Resident","Resident","Resident_Resident","R-R",1,0.763052,0.235592,0.001356,-0.226656647633627,-0.0052,-0.4345,0.3195
"350","5029_6203",3,0.0340561240592834,0.0365928837912942,1,"5029","6203","FemaleJ","FemaleJ","FemaleJ_FemaleJ","F-F",23,17,6,"Resident","Resident","Resident_Resident","R-R",2,0.026575,0.927859,0.045566,0.0122516768144921,-0.0404,-0.3624,0.2676
"351","5029_6224",3,0.00961556206491386,0.0159374644937342,0,"5029","6224","FemaleJ","FemaleJ","FemaleJ_FemaleJ","F-F",23,17,6,"Resident","Resident","Resident_Resident","R-R",1,0.568367568367568,0.428539428539429,0.00309300309300309,0.0122516768144921,0.3545,0.1802,0.5392
"352","5029_76",2,0.0241841065203395,0.0241812691642235,1,"5029","76","FemaleJ","Male","FemaleJ_Male","F-M",23,44,21,"Resident","Resident","Resident_Resident","R-R",2,0.241809241809242,0.746214746214746,0.011976011976012,2.17634321031154,0.0388,-0.3725,0.3764
"353","5029_92",2,0.0356142053236148,0.0258302869159108,2,"5029","92","FemaleJ","Male","FemaleJ_Male","F-M",23,43,20,"Resident","Resident","Resident_Resident","R-R",2,0.038859,0.94603,0.015111,2.02615571918997,0.2526,-0.0371,0.5118
"354","5029_961",3,0.0189248351425059,0.0181877359666535,1,"5029","961","FemaleJ","FemaleJ","FemaleJ_FemaleJ","F-F",23,36,13,"Resident","Resident","Resident_Resident","R-R",2,0.048303,0.950638,0.001059,0.98892843590311,-0.1551,-0.4743,0.2003
"355","5061_5112",2,0.0083208785702556,0.0124402391218132,0,"5061","5112","Male","FemaleJ","FemaleJ_Male","F-M",22,23,1,"Resident","Resident","Resident_Resident","R-R",1,0.763052,0.235592,0.001356,-0.827406612119919,-0.1748,-0.5054,0.2364
"356","5061_54",2,0.0757631066871496,0.0459888946032251,3,"5061","54","Male","FemaleJ","FemaleJ_Male","F-M",22,44,22,"Resident","Resident","Resident_Resident","R-R",2,0.002013,0.76336,0.234627,2.32653070143312,-0.1176,-0.5845,0.2197
"357","5061_6105",1,0.0525751450844175,0.0397591668446342,2,"5061","6105","Male","Male","Male_Male","M-M",22,18,4,"Resident","Resident","Resident_Resident","R-R",2,0.027223,0.699821,0.272956,-0.461488522009987,-0.1458,-0.5049,0.2068
"358","5061_6118",2,0.0325382637954547,0.0355647029953113,1,"5061","6118","Male","FemaleJ","FemaleJ_Male","F-M",22,18,4,"Resident","Transient","Resident_Transient","R-T",2,0.19109,0.769552,0.039358,-0.3768441387552,-0.177,-0.5704,0.2584
"359","5061_6133",1,0.0664341859138084,0.0516825292855909,2,"5061","6133","Male","Male","Male_Male","M-M",22,18,4,"Resident","Resident","Resident_Resident","R-R",2,0.0178579821420179,0.543192456807543,0.438949561050439,-0.461488522009987,-0.0466,-0.5072,0.2362
"360","5061_6203",2,0.0101841655476818,0.0174516381091791,0,"5061","6203","Male","FemaleJ","FemaleJ_Male","F-M",22,17,5,"Resident","Resident","Resident_Resident","R-R",1,0.702409,0.291509,0.006082,-0.226656647633627,-0.4308,-0.8541,0.0054
"361","5061_6224",2,0.0114063356412102,0.0203232504852602,0,"5061","6224","Male","FemaleJ","FemaleJ_Male","F-M",22,17,5,"Resident","Resident","Resident_Resident","R-R",1,0.688615,0.303201,0.008184,-0.226656647633627,-0.0956,-0.4418,0.2139
"362","5061_76",1,0.00926454297874354,0.0148320794304357,0,"5061","76","Male","Male","Male_Male","M-M",22,44,22,"Resident","Resident","Resident_Resident","R-R",1,0.600934600934601,0.383335383335383,0.0157300157300157,2.21026377704976,-0.1432,-0.4021,0.3156
"363","5061_92",1,0.0066018041077473,0.00952235230707268,0,"5061","92","Male","Male","Male_Male","M-M",22,43,21,"Resident","Resident","Resident_Resident","R-R",1,0.715271,0.283253,0.001476,2.06183309376866,0.0863,-0.1911,0.4202
"364","5061_961",2,0.0498446684554229,0.0385756953542854,2,"5061","961","Male","FemaleJ","FemaleJ_Male","F-M",22,36,14,"Resident","Resident","Resident_Resident","R-R",2,0.026097,0.906036,0.067867,1.12503077246053,-0.0339,-0.2647,0.2491
"365","5112_54",3,0.0075951116887839,0.0111012635392039,0,"5112","54","FemaleJ","FemaleJ","FemaleJ_FemaleJ","F-F",23,44,21,"Resident","Resident","Resident_Resident","R-R",1,0.657998,0.341791,0.000211,2.1051304462901,-0.0864,-0.3703,0.266
"366","5112_6105",2,0.0085132718826637,0.0132761157198561,0,"5112","6105","FemaleJ","Male","FemaleJ_Male","F-M",23,18,5,"Resident","Resident","Resident_Resident","R-R",1,0.751877,0.246289,0.001834,-0.226656647633627,-0.1165,-0.6583,0.2771
"367","5112_6118",3,0.012073505827168,0.0222813420992181,0,"5112","6118","FemaleJ","FemaleJ","FemaleJ_FemaleJ","F-F",23,18,5,"Resident","Transient","Resident_Transient","R-T",1,0.513733,0.473409,0.012858,-0.127273574483882,-0.1299,-0.4807,0.2235
"368","5112_6133",2,0.0110559968735056,0.0193794298300779,0,"5112","6133","FemaleJ","Male","FemaleJ_Male","F-M",23,18,5,"Resident","Resident","Resident_Resident","R-R",1,0.688615,0.303201,0.008184,-0.226656647633627,0.1734,-0.1005,0.4291
"369","5112_6203",3,0.00922973975731269,0.0147055321793633,0,"5112","6203","FemaleJ","FemaleJ","FemaleJ_FemaleJ","F-F",23,17,6,"Resident","Resident","Resident_Resident","R-R",1,0.568367568367568,0.428539428539429,0.00309300309300309,0.0122516768144921,0.1247,-0.1408,0.4562
"370","5112_6224",3,0.0095087078259686,0.0160587641595538,0,"5112","6224","FemaleJ","FemaleJ","FemaleJ_FemaleJ","F-F",23,17,6,"Resident","Resident","Resident_Resident","R-R",1,0.560954439045561,0.435248564751435,0.0037969962030038,0.0122516768144921,-0.3452,-0.6956,0.0268
"371","5112_76",2,0.143445840029428,0.0853792471689387,3,"5112","76","FemaleJ","Male","FemaleJ_Male","F-M",23,44,21,"Resident","Resident","Resident_Resident","R-R",3,0.000608,0.348853,0.650539,2.17634321031154,-0.1217,-0.4918,0.2011
"372","5112_92",2,0.00826882157072652,0.0121562547999165,0,"5112","92","FemaleJ","Male","FemaleJ_Male","F-M",23,43,20,"Resident","Resident","Resident_Resident","R-R",1,0.757518,0.240905,0.001577,2.02615571918997,-0.3396,-0.8278,-0.0032
"373","5112_961",3,0.00863443652445628,0.0130547615598529,0,"5112","961","FemaleJ","FemaleJ","FemaleJ_FemaleJ","F-F",23,36,13,"Resident","Resident","Resident_Resident","R-R",1,0.604177395822604,0.394716605283395,0.00110599889400111,0.98892843590311,-0.0085,-0.3236,0.2158
"374","54_6105",2,0.0352867369654678,0.0261636640580598,2,"54","6105","FemaleJ","Male","FemaleJ_Male","F-M",44,18,26,"Resident","Resident","Resident_Resident","R-R",2,0.040052,0.946654,0.013294,2.92728066591941,0.0357,-0.221,0.3998
"375","54_6118",3,0.0105246492341892,0.0174374036857697,0,"54","6118","FemaleJ","FemaleJ","FemaleJ_FemaleJ","F-F",44,18,26,"Resident","Transient","Resident_Transient","R-T",1,0.530124,0.461296,0.00858,2.80275670278197,-0.2404,-0.7048,0.0318
"376","54_6133",2,0.0329597411593104,0.0344601311725238,1,"54","6133","FemaleJ","Male","FemaleJ_Male","F-M",44,18,26,"Resident","Resident","Resident_Resident","R-R",2,0.185550185550186,0.76967576967577,0.0447740447740448,2.92728066591941,0.0954,-0.3345,0.3454
"377","54_619",3,0.0077396481975726,0.0110743053170377,0,"54","619","FemaleJ","FemaleJ","FemaleJ_FemaleJ","F-F",44,40,4,"Resident","Resident","Resident_Resident","R-R",1,0.631589,0.367928,0.000483,-0.266798825782256,-0.0886,-0.402,0.172
"378","54_6203",3,0.00730063030544975,0.0104193345294634,0,"54","6203","FemaleJ","FemaleJ","FemaleJ_FemaleJ","F-F",44,17,27,"Resident","Resident","Resident_Resident","R-R",1,0.651490651490651,0.348250348250348,0.000259000259000259,2.94228195408034,-0.2723,-0.5361,0.0564
"379","54_6224",3,0.00845356246522988,0.0137203373067297,0,"54","6224","FemaleJ","FemaleJ","FemaleJ_FemaleJ","F-F",44,17,27,"Resident","Resident","Resident_Resident","R-R",1,0.604177395822604,0.394716605283395,0.00110599889400111,2.94228195408034,-0.091,-0.4946,0.2187
"380","54_677",3,0.00656706991055029,0.00904447362663843,0,"54","677","FemaleJ","FemaleJ","FemaleJ_FemaleJ","F-F",44,37,7,"Resident","Resident","Resident_Resident","R-R",1,0.713585,0.286383,3.2e-05,0.151776928112866,0.1078,-0.2312,0.3658
"381","54_76",2,0.00484509855561463,0.00607751722805859,0,"54","76","FemaleJ","Male","FemaleJ_Male","F-M",44,44,0,"Resident","Resident","Resident_Resident","R-R",1,0.920345,0.079653,2e-06,-0.977594103241492,-0.1371,-0.4542,0.1774
"382","54_804",2,0.00519060097724255,0.00652096870920112,0,"54","804","FemaleJ","Male","FemaleJ_Male","F-M",44,39,5,"Resident","Resident","Resident_Resident","R-R",1,0.901178,0.098816,6e-06,-0.226656647633627,-0.13,-0.4162,0.1693
"383","54_824",2,0.00549104566594413,0.00698845240336449,0,"54","824","FemaleJ","Male","FemaleJ_Male","F-M",44,39,5,"Resident","Resident","Resident_Resident","R-R",1,0.887198,0.112788,1.4e-05,-0.226656647633627,0.503,0.3189,0.6512
"384","54_92",2,0.00487491258961968,0.00638788953268956,0,"54","92","FemaleJ","Male","FemaleJ_Male","F-M",44,43,1,"Resident","Resident","Resident_Resident","R-R",1,0.936057,0.063942,1e-06,-0.827406612119919,-0.2793,-0.6224,0.0566
"385","54_961",3,0.0382322428058266,0.0228833231380677,3,"54","961","FemaleJ","FemaleJ","FemaleJ_FemaleJ","F-F",44,36,8,"Resident","Resident","Resident_Resident","R-R",2,4.6e-05,0.999292,0.000662,0.29130217941124,-0.2329,-0.5734,0.0465
"386","54_9907",2,0.0101431574202324,0.0165670162768131,0,"54","9907","FemaleJ","Male","FemaleJ_Male","F-M",44,37,7,"Resident","Transient","Resident_Transient","R-T",1,0.715572,0.279914,0.004514,0.0737183346095196,-0.2682,-0.5084,0.163
"387","6105_6118",2,0.0109690401134939,0.018711338900064,0,"6105","6118","Male","FemaleJ","FemaleJ_Male","F-M",18,18,0,"Resident","Transient","Resident_Transient","R-T",1,0.702409,0.291509,0.006082,-0.977594103241492,-0.4323,-0.8809,-0.0973
"388","6105_6133",1,0.029749568914921,0.0312964871073588,1,"6105","6133","Male","Male","Male_Male","M-M",18,18,0,"Resident","Resident","Resident_Resident","R-R",2,0.167395167395167,0.716971716971717,0.115633115633116,-1.05521125513437,-0.1318,-0.4894,0.2018
"389","6105_6203",2,0.0162554957932399,0.0160259337721169,1,"6105","6203","Male","FemaleJ","FemaleJ_Male","F-M",18,17,1,"Resident","Resident","Resident_Resident","R-R",2,0.375944,0.623387,0.000669,-0.827406612119919,0.0942,-0.4893,0.4595
"390","6105_6224",2,0.00880490382189638,0.0140449156794134,0,"6105","6224","Male","FemaleJ","FemaleJ_Male","F-M",18,17,1,"Resident","Resident","Resident_Resident","R-R",1,0.746126,0.251742,0.002132,-0.827406612119919,-0.0613,-0.3894,0.2924
"391","6105_92",1,0.0646345870539479,0.0525785392324215,2,"6105","92","Male","Male","Male_Male","M-M",18,43,25,"Resident","Resident","Resident_Resident","R-R",2,0.019326,0.571586,0.409088,2.65555582689305,0.1774,-0.1338,0.4648
"392","6105_961",2,0.0677782007787036,0.0345291523044222,4,"6105","961","Male","FemaleJ","FemaleJ_Male","F-M",18,36,18,"Resident","Resident","Resident_Resident","R-R",2,0.000334,0.86128,0.138386,1.72578073694682,0.3965,0.2621,0.5371
"393","6118_6133",2,0.0112163256328135,0.0194609268682156,0,"6118","6133","FemaleJ","Male","FemaleJ_Male","F-M",18,18,0,"Transient","Resident","Resident_Transient","R-T",1,0.695596,0.297348,0.007056,-0.977594103241492,0.1276,-0.2059,0.3773
"394","6118_92",2,0.0118464041638665,0.0209064099360139,0,"6118","92","FemaleJ","Male","FemaleJ_Male","F-M",18,43,25,"Transient","Resident","Resident_Transient","R-T",1,0.681456,0.309056,0.009488,2.77709317479784,-0.184,-0.6288,0.2161
"395","6118_961",3,0.0118626116882412,0.0216009159445084,0,"6118","961","FemaleJ","FemaleJ","FemaleJ_FemaleJ","F-F",18,36,18,"Transient","Resident","Resident_Transient","R-T",1,0.513733,0.473409,0.012858,1.68655469239498,-0.4748,-0.7889,-0.1727
"396","6133_6203",2,0.0105351134333565,0.0179220316376244,0,"6133","6203","Male","FemaleJ","FemaleJ_Male","F-M",18,17,1,"Resident","Resident","Resident_Resident","R-R",1,0.709065,0.285695,0.00524,-0.827406612119919,-0.1401,-0.4951,0.2117
"397","6133_6224",2,0.0105680059216006,0.017156537722219,0,"6133","6224","Male","FemaleJ","FemaleJ_Male","F-M",18,17,1,"Resident","Resident","Resident_Resident","R-R",1,0.695596,0.297348,0.007056,-0.827406612119919,-0.0199,-0.3446,0.2688
"398","6133_92",1,0.00903463880632785,0.0139660402316409,0,"6133","92","Male","Male","Male_Male","M-M",18,43,25,"Resident","Resident","Resident_Resident","R-R",1,0.592966,0.38901,0.018024,2.65555582689305,-0.1133,-0.4724,0.1655
"399","6133_961",2,0.0358304486228249,0.0407736243445847,1,"6133","961","Male","FemaleJ","FemaleJ_Male","F-M",18,36,18,"Resident","Resident","Resident_Resident","R-R",2,0.18000818000818,0.769101769101769,0.0508900508900509,1.72578073694682,-0.1534,-0.4899,0.1038
"400","619_677",3,0.0105169933925415,0.0172578575656426,0,"619","677","FemaleJ","FemaleJ","FemaleJ_FemaleJ","F-F",40,37,3,"Resident","Resident","Resident_Resident","R-R",1,0.538041,0.454956,0.007003,-0.40632407708063,-0.2725,-0.6178,0.1192
"401","619_76",2,0.0109810035124313,0.0199177041178818,0,"619","76","FemaleJ","Male","FemaleJ_Male","F-M",40,44,4,"Resident","Resident","Resident_Resident","R-R",1,0.702409,0.291509,0.006082,-0.3768441387552,-0.3061,-0.6912,0.1165
"402","619_804",2,0.00974357104028695,0.0166358333133348,0,"619","804","FemaleJ","Male","FemaleJ_Male","F-M",40,39,1,"Resident","Resident","Resident_Resident","R-R",1,0.715572,0.279914,0.004514,-0.827406612119919,-0.424,-0.8386,-0.0993
"403","619_824",2,0.0107362178606836,0.0185182634021877,0,"619","824","FemaleJ","Male","FemaleJ_Male","F-M",40,39,1,"Resident","Resident","Resident_Resident","R-R",1,0.702409,0.291509,0.006082,-0.827406612119919,0.0208,-0.3473,0.3724
"404","619_92",2,0.00933776065397036,0.0145998069704012,0,"619","92","FemaleJ","Male","FemaleJ_Male","F-M",40,43,3,"Resident","Resident","Resident_Resident","R-R",1,0.728172,0.268482,0.003346,-0.527031629876773,-0.0153,-0.3749,0.3683
"405","619_961",3,0.0101283737833617,0.0181121452901891,0,"619","961","FemaleJ","FemaleJ","FemaleJ_FemaleJ","F-F",40,36,4,"Resident","Resident","Resident_Resident","R-R",1,0.545806,0.448481,0.005713,-0.266798825782256,-0.0964,-0.4407,0.1687
"406","619_9907",2,0.0103258122244196,0.0164468122094288,0,"619","9907","FemaleJ","Male","FemaleJ_Male","F-M",40,37,3,"Resident","Transient","Resident_Transient","R-T",1,0.709065,0.285695,0.00524,-0.527031629876773,-0.1522,-0.6462,0.1549
"407","6203_6224",3,0.00918901915270421,0.014783947304923,0,"6203","6224","FemaleJ","FemaleJ","FemaleJ_FemaleJ","F-F",17,17,0,"Resident","Resident","Resident_Resident","R-R",1,0.582922,0.415026,0.002052,-0.824899830975751,-0.0367,-0.362,0.2798
"408","6203_92",2,0.0359142958680796,0.0403692573293413,1,"6203","92","FemaleJ","Male","FemaleJ_Male","F-M",17,43,26,"Resident","Resident","Resident_Resident","R-R",2,0.18000818000818,0.769101769101769,0.0508900508900509,2.92728066591941,-0.0783,-0.4187,0.3081
"409","6203_961",3,0.0228259716764547,0.0239597695173646,1,"6203","961","FemaleJ","FemaleJ","FemaleJ_FemaleJ","F-F",17,36,19,"Resident","Resident","Resident_Resident","R-R",2,0.039755,0.956237,0.004008,1.82607994369335,0.1883,-0.1334,0.4822
"410","6224_92",2,0.00974879761738898,0.015633092102785,0,"6224","92","FemaleJ","Male","FemaleJ_Male","F-M",17,43,26,"Resident","Resident","Resident_Resident","R-R",1,0.721939,0.274174,0.003887,2.92728066591941,0.2076,-0.1613,0.5219
"411","6224_961",3,0.00921476078066076,0.0147556837221749,0,"6224","961","FemaleJ","FemaleJ","FemaleJ_FemaleJ","F-F",17,36,19,"Resident","Resident","Resident_Resident","R-R",1,0.582922,0.415026,0.002052,1.82607994369335,-0.2259,-0.5211,0.1641
"412","677_76",2,0.0330179417937759,0.0364266464285975,1,"677","76","FemaleJ","Male","FemaleJ_Male","F-M",37,44,7,"Resident","Resident","Resident_Resident","R-R",2,0.19109,0.769552,0.039358,0.0737183346095196,0.098,-0.2306,0.3421
"413","677_804",2,0.0184844249062708,0.0176004114520768,1,"677","804","FemaleJ","Male","FemaleJ_Male","F-M",37,39,2,"Resident","Resident","Resident_Resident","R-R",2,0.315324,0.682341,0.002335,-0.677219120998346,0.0538,-0.23,0.358
"414","677_824",2,0.006887188636967,0.00978421492831164,0,"677","824","FemaleJ","Male","FemaleJ_Male","F-M",37,39,2,"Resident","Resident","Resident_Resident","R-R",1,0.808396,0.191259,0.000345,-0.677219120998346,-0.0419,-0.3884,0.3787
"415","677_92",2,0.0080188152261632,0.012420495156191,0,"677","92","FemaleJ","Male","FemaleJ_Male","F-M",37,43,6,"Resident","Resident","Resident_Resident","R-R",1,0.768480231519769,0.23035376964623,0.00116599883400117,-0.0764691565120535,-0.1025,-0.5218,0.3128
"416","677_961",3,0.008942525842408,0.013995584809425,0,"677","961","FemaleJ","FemaleJ","FemaleJ_FemaleJ","F-F",37,36,1,"Resident","Resident","Resident_Resident","R-R",1,0.590079,0.408251,0.00167,-0.685374579677377,0.1169,-0.1667,0.4242
"417","677_9907",2,0.00999485759160933,0.0161810498564152,0,"677","9907","FemaleJ","Male","FemaleJ_Male","F-M",37,37,0,"Resident","Transient","Resident_Transient","R-T",1,0.715572,0.279914,0.004514,-0.977594103241492,0.174,-0.1899,0.4564
"418","76_804",1,0.00632047607019103,0.00839539524873435,0,"76","804","Male","Male","Male_Male","M-M",44,39,5,"Resident","Resident","Resident_Resident","R-R",1,0.726777,0.272111,0.001112,-0.31305783872889,0.3532,0.1058,0.5465
"419","76_824",1,0.00718041094179346,0.0103830642806386,0,"76","824","Male","Male","Male_Male","M-M",44,39,5,"Resident","Resident","Resident_Resident","R-R",1,0.697351302648697,0.3003956996043,0.00225299774700225,-0.31305783872889,-0.1412,-0.4217,0.0986
"420","76_92",1,0.0178111584152363,0.0170927260968421,1,"76","92","Male","Male","Male_Male","M-M",44,43,1,"Resident","Resident","Resident_Resident","R-R",2,0.299683,0.692589,0.007728,-0.906780571853278,0.1012,-0.2548,0.3581
"421","76_961",2,0.00730209924863407,0.0100515577623629,0,"76","961","Male","FemaleJ","FemaleJ_Male","F-M",44,36,8,"Resident","Resident","Resident_Resident","R-R",1,0.794135,0.205319,0.000546,0.223905825731093,0.1207,-0.1253,0.3782
"422","76_9907",1,0.00982970860553553,0.0161173094335976,0,"76","9907","Male","Male","Male_Male","M-M",44,37,7,"Resident","Transient","Resident_Transient","R-T",1,0.56779,0.405188,0.027022,-0.0161964721666967,0.3654,0.1491,0.5506
"423","804_824",1,0.0503479833921031,0.0309579881218101,3,"804","824","Male","Male","Male_Male","M-M",39,39,0,"Resident","Resident","Resident_Resident","R-R",2,0.00849099150900849,0.86018813981186,0.131320868679131,-1.05521125513437,-0.0025,-0.2911,0.4359
"424","804_92",1,0.018279658999475,0.0181781474933444,1,"804","92","Male","Male","Male_Male","M-M",39,43,4,"Resident","Resident","Resident_Resident","R-R",2,0.287424287424287,0.702581702581703,0.00999400999400999,-0.461488522009987,-0.1254,-0.4866,0.2342
"425","804_961",2,0.0066436856673694,0.00935691369442076,0,"804","961","Male","FemaleJ","FemaleJ_Male","F-M",39,36,3,"Resident","Resident","Resident_Resident","R-R",1,0.826160826160826,0.173652173652174,0.000187000187000187,-0.527031629876773,-0.1084,-0.3984,0.1972
"426","804_9907",1,0.00959894818415515,0.0152114688687545,0,"804","9907","Male","Male","Male_Male","M-M",39,37,2,"Resident","Transient","Resident_Transient","R-T",1,0.576411,0.399965,0.023624,-0.758349888572181,0.1465,-0.1849,0.4395
"427","824_92",1,0.0191004128828388,0.0191642378302434,1,"824","92","Male","Male","Male_Male","M-M",39,43,4,"Resident","Resident","Resident_Resident","R-R",2,0.275307,0.711785,0.012908,-0.461488522009987,-0.0868,-0.4792,0.3281
"428","824_961",2,0.0239053118637524,0.0245174545790471,1,"824","961","Male","FemaleJ","FemaleJ_Male","F-M",39,36,3,"Resident","Resident","Resident_Resident","R-R",2,0.253499,0.737354,0.009147,-0.527031629876773,-0.2908,-0.5762,-0.0329
"429","824_9907",1,0.00986799191562448,0.018016358801067,0,"824","9907","Male","Male","Male_Male","M-M",39,37,2,"Resident","Transient","Resident_Transient","R-T",1,0.576411,0.399965,0.023624,-0.758349888572181,-0.1861,-0.5207,0.199
"430","92_961",2,0.0364612621898676,0.0272462842780673,2,"92","961","Male","FemaleJ","FemaleJ_Male","F-M",43,36,7,"Resident","Resident","Resident_Resident","R-R",2,0.038859,0.94603,0.015111,0.0737183346095196,-5e-04,-0.3396,0.285
"431","92_9907",1,0.00933978819167038,0.0145707028078974,0,"92","9907","Male","Male","Male_Male","M-M",43,37,6,"Resident","Transient","Resident_Transient","R-T",1,0.584797,0.394562,0.020641,-0.164627155447794,0.0978,-0.2197,0.4396
