"","dyad","edge","edge_sd","nAssociations","A","B","sexA","sexB","dyadicSex","dSex","absAgeA","absAgeB","ageDiff","resA","resB","dyadicResidency","dRes","likely.k","pk1","pk2","pk3","ageDiff_scaled"
"1","101_102",0.0265614988268404,0.0267281587388297,1,"101","102","Male","Male","Male_Male","M-M",44,44,0,"Resident","Resident","Resident_Resident","R-R",2,0.185919,0.732056,0.082025,-1.05521125513437
"2","101_118",0.0114070969039435,0.0202018753275699,0,"101","118","Male","Male","Male_Male","M-M",44,44,0,"Resident","Resident","Resident_Resident","R-R",1,0.530542469457531,0.423551576448424,0.0459059540940459,-1.05521125513437
"3","101_120",0.0111633175536076,0.0192080502632558,0,"101","120","Male","Male","Male_Male","M-M",44,44,0,"Resident","Resident","Resident_Resident","R-R",1,0.54031454031454,0.419424419424419,0.0402610402610403,-1.05521125513437
"4","101_124",0.0107855134382747,0.0177469050657194,0,"101","124","Male","Male","Male_Male","M-M",44,44,0,"Resident","Resident","Resident_Resident","R-R",1,0.54031454031454,0.419424419424419,0.0402610402610403,-1.05521125513437
"5","101_15",0.0111035960187593,0.0191623699755354,0,"101","15","Male","Male","Male_Male","M-M",44,44,0,"Resident","Resident","Resident_Resident","R-R",1,0.54976345023655,0.414957585042415,0.0352789647210353,-1.05521125513437
"6","101_16",0.178266711928419,0.141689201051387,2,"101","16","Male","Male","Male_Male","M-M",44,43,1,"Resident","Resident","Resident_Resident","R-R",3,0.005227,0.222607,0.772166,-0.906780571853278
"7","101_18",0.00964778873205871,0.0146676854096185,0,"101","18","Male","Male","Male_Male","M-M",44,44,0,"Resident","Resident","Resident_Resident","R-R",1,0.576411,0.399965,0.023624,-1.05521125513437
"8","101_21",0.0104254142538809,0.017244700511978,0,"101","21","Male","Male","Male_Male","M-M",44,44,0,"Resident","Resident","Resident_Resident","R-R",1,0.558915,0.410198,0.030887,-1.05521125513437
"9","101_28",0.012184255785975,0.0224498284640949,0,"101","28","Male","Male","Male_Male","M-M",44,42,2,"Resident","Resident","Resident_Resident","R-R",1,0.520422,0.427289,0.052289,-0.758349888572181
"10","101_291",0.00907946935653495,0.0148531218297611,0,"101","291","Male","Male","Male_Male","M-M",44,43,1,"Resident","Transient","Resident_Transient","R-T",1,0.600934600934601,0.383335383335383,0.0157300157300157,-0.906780571853278
"11","101_3",0.00833096721804232,0.012974676532383,0,"101","3","Male","Male","Male_Male","M-M",44,45,1,"Resident","Resident","Resident_Resident","R-R",1,0.631071,0.359843,0.009086,-0.906780571853278
"12","101_355",0.0109862157045793,0.0190292637738263,0,"101","355","Male","Male","Male_Male","M-M",44,43,1,"Resident","Transient","Resident_Transient","R-T",1,0.54031454031454,0.419424419424419,0.0402610402610403,-0.906780571853278
"13","101_37",0.0389751754948117,0.0439795078781089,1,"101","37","Male","Male","Male_Male","M-M",44,44,0,"Resident","Resident","Resident_Resident","R-R",2,0.128842,0.65297,0.218188,-1.05521125513437
"14","101_413",0.0103058369816442,0.0176206104298208,0,"101","413","Male","Male","Male_Male","M-M",44,43,1,"Resident","Resident","Resident_Resident","R-R",1,0.54976345023655,0.414957585042415,0.0352789647210353,-0.906780571853278
"15","101_45",0.00842983914648341,0.0127917857262974,0,"101","45","Male","Male","Male_Male","M-M",44,44,0,"Resident","Resident","Resident_Resident","R-R",1,0.631071,0.359843,0.009086,-1.05521125513437
"16","101_452",0.0120472959370646,0.021669526402914,0,"101","452","Male","Male","Male_Male","M-M",44,43,1,"Resident","Transient","Resident_Transient","R-T",1,0.520422,0.427289,0.052289,-0.906780571853278
"17","101_480",0.00991591494347514,0.0165389903714967,0,"101","480","Male","Male","Male_Male","M-M",44,43,1,"Resident","Resident","Resident_Resident","R-R",1,0.558915,0.410198,0.030887,-0.906780571853278
"18","101_496",0.353836546424374,0.190029094395396,3,"101","496","Male","Male","Male_Male","M-M",44,43,1,"Resident","Transient","Resident_Transient","R-T",3,0.00018,0.054397,0.945423,-0.906780571853278
"19","101_504",0.0114976262238422,0.020805870078122,0,"101","504","Male","Male","Male_Male","M-M",44,43,1,"Resident","Transient","Resident_Transient","R-T",1,0.530542469457531,0.423551576448424,0.0459059540940459,-0.906780571853278
"20","101_509",0.0109414917736521,0.0191231338981278,0,"101","509","Male","Male","Male_Male","M-M",44,43,1,"Resident","Resident","Resident_Resident","R-R",1,0.530542469457531,0.423551576448424,0.0459059540940459,-0.906780571853278
"21","101_549",0.011307935447792,0.0221683078325328,0,"101","549","Male","Male","Male_Male","M-M",44,43,1,"Resident","Resident","Resident_Resident","R-R",1,0.530542469457531,0.423551576448424,0.0459059540940459,-0.906780571853278
"22","101_558",0.0116990495438817,0.020155168284632,0,"101","558","Male","Male","Male_Male","M-M",44,43,1,"Resident","Resident","Resident_Resident","R-R",1,0.520422,0.427289,0.052289,-0.906780571853278
"23","101_562",0.0114792605468047,0.0223220703238085,0,"101","562","Male","Male","Male_Male","M-M",44,43,1,"Resident","Transient","Resident_Transient","R-T",1,0.520422,0.427289,0.052289,-0.906780571853278
"24","101_74",0.0108828982569673,0.0192793786574165,0,"101","74","Male","Male","Male_Male","M-M",44,43,1,"Resident","Resident","Resident_Resident","R-R",1,0.54031454031454,0.419424419424419,0.0402610402610403,-0.906780571853278
"25","101_76",0.00897377605707789,0.0138667168187126,0,"101","76","Male","Male","Male_Male","M-M",44,44,0,"Resident","Resident","Resident_Resident","R-R",1,0.600934600934601,0.383335383335383,0.0157300157300157,-1.05521125513437
"26","101_92",0.0114959941656414,0.0194533207920286,0,"101","92","Male","Male","Male_Male","M-M",44,43,1,"Resident","Resident","Resident_Resident","R-R",1,0.520422,0.427289,0.052289,-0.906780571853278
"27","102_1114",0.00699428655299424,0.00967429462281346,0,"102","1114","Male","Male","Male_Male","M-M",44,37,7,"Resident","Resident","Resident_Resident","R-R",1,0.691195308804691,0.306211693788306,0.00259299740700259,-0.0161964721666967
"28","102_1123",0.0103296722298443,0.0172860889559303,0,"102","1123","Male","Male","Male_Male","M-M",44,37,7,"Resident","Transient","Resident_Transient","R-T",1,0.54976345023655,0.414957585042415,0.0352789647210353,-0.0161964721666967
"29","102_1173",0.00774491279560602,0.0114620695094587,0,"102","1173","Male","Male","Male_Male","M-M",44,37,7,"Resident","Resident","Resident_Resident","R-R",1,0.64525,0.34786,0.00689,-0.0161964721666967
"30","102_1179",0.0103986853712628,0.0169058707149281,0,"102","1179","Male","Male","Male_Male","M-M",44,37,7,"Resident","Transient","Resident_Transient","R-T",1,0.54976345023655,0.414957585042415,0.0352789647210353,-0.0161964721666967
"31","102_118",0.00596537631176801,0.0082899387868521,0,"102","118","Male","Male","Male_Male","M-M",44,44,0,"Resident","Resident","Resident_Resident","R-R",1,0.759274,0.240252,0.000474,-1.05521125513437
"32","102_120",0.00473519284175898,0.00590878281326915,0,"102","120","Male","Male","Male_Male","M-M",44,44,0,"Resident","Resident","Resident_Resident","R-R",1,0.861,0.138985,1.5e-05,-1.05521125513437
"33","102_124",0.00615506216873828,0.00799671744420847,0,"102","124","Male","Male","Male_Male","M-M",44,44,0,"Resident","Resident","Resident_Resident","R-R",1,0.754064,0.24539,0.000546,-1.05521125513437
"34","102_1292",0.0773706616245818,0.0626036614904026,2,"102","1292","Male","Male","Male_Male","M-M",44,36,8,"Resident","Transient","Resident_Transient","R-T",3,0.013779,0.455917,0.530304,0.1322342111144
"35","102_1293",0.184174500882494,0.112538351844314,3,"102","1293","Male","Male","Male_Male","M-M",44,36,8,"Resident","Transient","Resident_Transient","R-T",3,0.000363,0.095462,0.904175,0.1322342111144
"36","102_1345",0.0092097076193128,0.0142122563274511,0,"102","1345","Male","Male","Male_Male","M-M",44,36,8,"Resident","Transient","Resident_Transient","R-T",1,0.56779,0.405188,0.027022,0.1322342111144
"37","102_1424",0.0105730773153229,0.0183390245120854,0,"102","1424","Male","Male","Male_Male","M-M",44,35,9,"Resident","Transient","Resident_Transient","R-T",1,0.558915,0.410198,0.030887,0.280664894395497
"38","102_1458",0.0484817947358884,0.029901564988576,3,"102","1458","Male","Male","Male_Male","M-M",44,35,9,"Resident","Resident","Resident_Resident","R-R",2,0.009238,0.884804,0.105958,0.280664894395497
"39","102_15",0.00822257949884558,0.012796062530813,0,"102","15","Male","Male","Male_Male","M-M",44,44,0,"Resident","Resident","Resident_Resident","R-R",1,0.638227638227638,0.353859353859354,0.00791300791300791,-1.05521125513437
"40","102_16",0.0143895677697714,0.0133472039019107,1,"102","16","Male","Male","Male_Male","M-M",44,43,1,"Resident","Resident","Resident_Resident","R-R",2,0.390042,0.608717,0.001241,-0.906780571853278
"41","102_1676",0.00786201202807875,0.0118420858628445,0,"102","1676","Male","Male","Male_Male","M-M",44,34,10,"Resident","Resident","Resident_Resident","R-R",1,0.64525,0.34786,0.00689,0.429095577676594
"42","102_1696",0.0139286884110723,0.0271334606114193,0,"102","1696","Male","Male","Male_Male","M-M",44,34,10,"Resident","Transient","Resident_Transient","R-T",1,0.487705,0.435572,0.076723,0.429095577676594
"43","102_1739",0.0494883877731149,0.0294476487681077,3,"102","1739","Male","Male","Male_Male","M-M",44,32,12,"Resident","Resident","Resident_Resident","R-R",2,0.00849099150900849,0.86018813981186,0.131320868679131,0.725956944238787
"44","102_1779",0.00888676169283381,0.0141690766729841,0,"102","1779","Male","Male","Male_Male","M-M",44,31,13,"Resident","Resident","Resident_Resident","R-R",1,0.623774,0.365798,0.010428,0.874387627519884
"45","102_18",0.00589130459837307,0.00736248655667036,0,"102","18","Male","Male","Male_Male","M-M",44,44,0,"Resident","Resident","Resident_Resident","R-R",1,0.769451,0.230193,0.000356,-1.05521125513437
"46","102_1829",0.0234209807016037,0.0227711468788757,1,"102","1829","Male","Male","Male_Male","M-M",44,31,13,"Resident","Resident","Resident_Resident","R-R",2,0.215921,0.738957,0.045122,0.874387627519884
"47","102_1924",0.0515974365917552,0.0619609669942934,1,"102","1924","Male","Male","Male_Male","M-M",44,31,13,"Resident","Transient","Resident_Transient","R-T",2,0.10258,0.581588,0.315832,0.874387627519884
"48","102_1966",0.0372549693242446,0.040809220232983,1,"102","1966","Male","Male","Male_Male","M-M",44,31,13,"Resident","Transient","Resident_Transient","R-T",2,0.135388,0.667167,0.197445,0.874387627519884
"49","102_2028",0.0187537145215271,0.0180890980013908,1,"102","2028","Male","Male","Male_Male","M-M",44,31,13,"Resident","Resident","Resident_Resident","R-R",2,0.275307,0.711785,0.012908,0.874387627519884
"50","102_2048",0.0341671220738944,0.0254726144611703,2,"102","2048","Male","Male","Male_Male","M-M",44,31,13,"Resident","Resident","Resident_Resident","R-R",2,0.056341,0.899136,0.044523,0.874387627519884
"51","102_21",0.00816471018225021,0.0129606722075737,0,"102","21","Male","Male","Male_Male","M-M",44,44,0,"Resident","Resident","Resident_Resident","R-R",1,0.64525,0.34786,0.00689,-1.05521125513437
"52","102_2102",0.00796815944493638,0.0123705998377771,0,"102","2102","Male","Male","Male_Male","M-M",44,34,10,"Resident","Resident","Resident_Resident","R-R",1,0.652147347852652,0.341855658144342,0.005996994003006,0.429095577676594
"53","102_2232",0.0137570085020813,0.0278037246338231,0,"102","2232","Male","Male","Male_Male","M-M",44,30,14,"Resident","Transient","Resident_Transient","R-T",1,0.487705,0.435572,0.076723,1.02281831080098
"54","102_2233",0.0134338084822355,0.027064667275,0,"102","2233","Male","Male","Male_Male","M-M",44,30,14,"Resident","Transient","Resident_Transient","R-T",1,0.499031,0.433362,0.067607,1.02281831080098
"55","102_28",0.0135507528150519,0.0120724245181291,1,"102","28","Male","Male","Male_Male","M-M",44,42,2,"Resident","Resident","Resident_Resident","R-R",2,0.417225,0.582045,0.00073,-0.758349888572181
"56","102_291",0.00747291454351358,0.0113675138064554,0,"102","291","Male","Male","Male_Male","M-M",44,43,1,"Resident","Transient","Resident_Transient","R-T",1,0.678595,0.317973,0.003432,-0.906780571853278
"57","102_293",0.00776359768291042,0.0109628515747755,0,"102","293","Male","Male","Male_Male","M-M",44,32,12,"Resident","Resident","Resident_Resident","R-R",1,0.652147347852652,0.341855658144342,0.005996994003006,0.725956944238787
"58","102_3",0.00461104993612665,0.00587673226105815,0,"102","3","Male","Male","Male_Male","M-M",44,45,1,"Resident","Resident","Resident_Resident","R-R",1,0.899192,0.100806,2e-06,-0.906780571853278
"59","102_3009",0.0174535927601147,0.0169203753328724,1,"102","3009","Male","Male","Male_Male","M-M",44,27,17,"Resident","Resident","Resident_Resident","R-R",2,0.299683,0.692589,0.007728,1.46811036064427
"60","102_3012",0.0189537809809688,0.019163356440467,1,"102","3012","Male","Male","Male_Male","M-M",44,27,17,"Resident","Resident","Resident_Resident","R-R",2,0.281349,0.707291,0.01136,1.46811036064427
"61","102_3098",0.00885241664791591,0.0139454554754367,0,"102","3098","Male","Male","Male_Male","M-M",44,27,17,"Resident","Resident","Resident_Resident","R-R",1,0.616326,0.371709,0.011965,1.46811036064427
"62","102_33",0.006119608237295,0.00837261278554858,0,"102","33","Male","Male","Male_Male","M-M",44,37,7,"Resident","Resident","Resident_Resident","R-R",1,0.769451,0.230193,0.000356,-0.0161964721666967
"63","102_355",0.00792338616971794,0.011509414679902,0,"102","355","Male","Male","Male_Male","M-M",44,43,1,"Resident","Transient","Resident_Transient","R-T",1,0.631071,0.359843,0.009086,-0.906780571853278
"64","102_37",0.00482102113256383,0.00590410044331577,0,"102","37","Male","Male","Male_Male","M-M",44,44,0,"Resident","Resident","Resident_Resident","R-R",1,0.873894,0.126098,8e-06,-1.05521125513437
"65","102_4104",0.00773404816817315,0.0111813394402777,0,"102","4104","Male","Male","Male_Male","M-M",44,26,18,"Resident","Resident","Resident_Resident","R-R",1,0.64525,0.34786,0.00689,1.61654104392537
"66","102_413",0.00533505988632902,0.00691875985142412,0,"102","413","Male","Male","Male_Male","M-M",44,43,1,"Resident","Resident","Resident_Resident","R-R",1,0.82389,0.176047,6.3e-05,-0.906780571853278
"67","102_45",0.00337080628461447,0.00369270240665245,0,"102","45","Male","Male","Male_Male","M-M",44,44,0,"Resident","Resident","Resident_Resident","R-R",1,0.975935024064976,0.0240639759360241,9.99999000001e-07,-1.05521125513437
"68","102_452",0.00882913744667671,0.0131259773041518,0,"102","452","Male","Male","Male_Male","M-M",44,43,1,"Resident","Transient","Resident_Transient","R-T",1,0.616326,0.371709,0.011965,-0.906780571853278
"69","102_480",0.0124420992225156,0.0113947400156942,1,"102","480","Male","Male","Male_Male","M-M",44,43,1,"Resident","Resident","Resident_Resident","R-R",2,0.486789,0.51302,0.000191,-0.906780571853278
"70","102_496",0.00818674137779092,0.0117905849477514,0,"102","496","Male","Male","Male_Male","M-M",44,43,1,"Resident","Transient","Resident_Transient","R-T",1,0.631071,0.359843,0.009086,-0.906780571853278
"71","102_5001",0.0286735754643132,0.0308656872208625,1,"102","5001","Male","Male","Male_Male","M-M",44,22,22,"Resident","Resident","Resident_Resident","R-R",2,0.179798,0.72809,0.092112,2.21026377704976
"72","102_5003",0.00569769901918609,0.00736313456544618,0,"102","5003","Male","Male","Male_Male","M-M",44,23,21,"Resident","Resident","Resident_Resident","R-R",1,0.784116,0.215652,0.000232,2.06183309376866
"73","102_5018",0.0196662626889252,0.0192665956585341,1,"102","5018","Male","Male","Male_Male","M-M",44,22,22,"Resident","Resident","Resident_Resident","R-R",2,0.269295,0.716043,0.014662,2.21026377704976
"74","102_5019",0.00783005048545966,0.0114298100511687,0,"102","5019","Male","Male","Male_Male","M-M",44,23,21,"Resident","Resident","Resident_Resident","R-R",1,0.658926,0.335856,0.005218,2.06183309376866
"75","102_5031",0.022405569765797,0.0225410191974164,1,"102","5031","Male","Male","Male_Male","M-M",44,23,21,"Resident","Resident","Resident_Resident","R-R",2,0.227755772244228,0.736945263054737,0.0352989647010353,2.06183309376866
"76","102_5036",0.00579924205934291,0.00776350796999736,0,"102","5036","Male","Male","Male_Male","M-M",44,23,21,"Resident","Resident","Resident_Resident","R-R",1,0.774419,0.225272,0.000309,2.06183309376866
"77","102_504",0.0084921042370729,0.0128905642471524,0,"102","504","Male","Male","Male_Male","M-M",44,43,1,"Resident","Transient","Resident_Transient","R-T",1,0.623774,0.365798,0.010428,-0.906780571853278
"78","102_5044",0.00857087393623779,0.0129144544981243,0,"102","5044","Male","Male","Male_Male","M-M",44,23,21,"Resident","Resident","Resident_Resident","R-R",1,0.631071,0.359843,0.009086,2.06183309376866
"79","102_5049",0.00970547734944903,0.0157411486706766,0,"102","5049","Male","Male","Male_Male","M-M",44,22,22,"Resident","Transient","Resident_Transient","R-T",1,0.592966,0.38901,0.018024,2.21026377704976
"80","102_5061",0.0068196405787626,0.0103589235889953,0,"102","5061","Male","Male","Male_Male","M-M",44,22,22,"Resident","Resident","Resident_Resident","R-R",1,0.715271,0.283253,0.001476,2.21026377704976
"81","102_5068",0.0420412843923466,0.0307530971791766,2,"102","5068","Male","Male","Male_Male","M-M",44,22,22,"Resident","Resident","Resident_Resident","R-R",2,0.038991,0.823675,0.137334,2.21026377704976
"82","102_5069",0.00752483701366613,0.0109611923627611,0,"102","5069","Male","Male","Male_Male","M-M",44,23,21,"Resident","Resident","Resident_Resident","R-R",1,0.658926,0.335856,0.005218,2.06183309376866
"83","102_5071",0.0208266826330731,0.0205424994337052,1,"102","5071","Male","Male","Male_Male","M-M",44,22,22,"Resident","Resident","Resident_Resident","R-R",2,0.245484245484245,0.73021673021673,0.0242990242990243,2.21026377704976
"84","102_5075",0.0193011225472774,0.0193864132901215,1,"102","5075","Male","Male","Male_Male","M-M",44,23,21,"Resident","Resident","Resident_Resident","R-R",2,0.275307,0.711785,0.012908,2.06183309376866
"85","102_509",0.00649135082957387,0.00922139510269603,0,"102","509","Male","Male","Male_Male","M-M",44,43,1,"Resident","Resident","Resident_Resident","R-R",1,0.726777,0.272111,0.001112,-0.906780571853278
"86","102_5109",0.00742505494251754,0.0104815753245692,0,"102","5109","Male","Male","Male_Male","M-M",44,23,21,"Resident","Resident","Resident_Resident","R-R",1,0.66559,0.329871,0.004539,2.06183309376866
"87","102_5137",0.011166519277869,0.0196185428784247,0,"102","5137","Male","Male","Male_Male","M-M",44,23,21,"Resident","Resident","Resident_Resident","R-R",1,0.54976345023655,0.414957585042415,0.0352789647210353,2.06183309376866
"88","102_5158",0.00652948413833939,0.00887956860176091,0,"102","5158","Male","Male","Male_Male","M-M",44,23,21,"Resident","Resident","Resident_Resident","R-R",1,0.737941737941738,0.261221261221261,0.000837000837000837,2.06183309376866
"89","102_5161",0.00752446237181138,0.0108727167404052,0,"102","5161","Male","Male","Male_Male","M-M",44,23,21,"Resident","Resident","Resident_Resident","R-R",1,0.672145,0.323908,0.003947,2.06183309376866
"90","102_5165",0.0619706386465717,0.0377223896612354,3,"102","5165","Male","Male","Male_Male","M-M",44,23,21,"Resident","Resident","Resident_Resident","R-R",2,0.004901,0.657246,0.337853,2.06183309376866
"91","102_5194",0.00702467038053196,0.0100316552178329,0,"102","5194","Male","Male","Male_Male","M-M",44,22,22,"Resident","Resident","Resident_Resident","R-R",1,0.691195308804691,0.306211693788306,0.00259299740700259,2.21026377704976
"92","102_549",0.00518893960882454,0.00658963974806675,0,"102","549","Male","Male","Male_Male","M-M",44,43,1,"Resident","Resident","Resident_Resident","R-R",1,0.835781,0.164178,4.1e-05,-0.906780571853278
"93","102_558",0.00607850133441061,0.00830444544317429,0,"102","558","Male","Male","Male_Male","M-M",44,43,1,"Resident","Resident","Resident_Resident","R-R",1,0.759274,0.240252,0.000474,-0.906780571853278
"94","102_562",0.00855780812345081,0.0133232748259626,0,"102","562","Male","Male","Male_Male","M-M",44,43,1,"Resident","Transient","Resident_Transient","R-T",1,0.616326,0.371709,0.011965,-0.906780571853278
"95","102_6000",0.0122365393903462,0.0246665505627945,0,"102","6000","Male","Male","Male_Male","M-M",44,20,24,"Resident","Transient","Resident_Transient","R-T",1,0.520422,0.427289,0.052289,2.50712514361195
"96","102_6001",0.0114464462344698,0.0199275903071652,0,"102","6001","Male","Male","Male_Male","M-M",44,20,24,"Resident","Transient","Resident_Transient","R-T",1,0.520422,0.427289,0.052289,2.50712514361195
"97","102_6003",0.00763760332685161,0.0117573859253161,0,"102","6003","Male","Male","Male_Male","M-M",44,20,24,"Resident","Resident","Resident_Resident","R-R",1,0.66559,0.329871,0.004539,2.50712514361195
"98","102_6005",0.0124959341026963,0.0231482270332045,0,"102","6005","Male","Male","Male_Male","M-M",44,20,24,"Resident","Transient","Resident_Transient","R-T",1,0.499031,0.433362,0.067607,2.50712514361195
"99","102_6014",0.0120533183384731,0.0222197227677763,0,"102","6014","Male","Male","Male_Male","M-M",44,20,24,"Resident","Transient","Resident_Transient","R-T",1,0.509928,0.430579,0.059493,2.50712514361195
"100","102_6016",0.0544795214607932,0.0427112554962472,2,"102","6016","Male","Male","Male_Male","M-M",44,20,24,"Resident","Resident","Resident_Resident","R-R",2,0.025588,0.676495,0.297917,2.50712514361195
"101","102_6017",0.00883921381909767,0.0139202351673418,0,"102","6017","Male","Male","Male_Male","M-M",44,20,24,"Resident","Resident","Resident_Resident","R-R",1,0.623774,0.365798,0.010428,2.50712514361195
"102","102_606",0.00637573733337412,0.00868640668727961,0,"102","606","Male","Male","Male_Male","M-M",44,36,8,"Resident","Resident","Resident_Resident","R-R",1,0.737941737941738,0.261221261221261,0.000837000837000837,0.1322342111144
"103","102_6102",0.00915320078522591,0.0146137269979076,0,"102","6102","Male","Male","Male_Male","M-M",44,18,26,"Resident","Resident","Resident_Resident","R-R",1,0.592966,0.38901,0.018024,2.80398651017414
"104","102_6105",0.0260308342206655,0.0273281628516193,1,"102","6105","Male","Male","Male_Male","M-M",44,18,26,"Resident","Resident","Resident_Resident","R-R",2,0.198022,0.737185,0.064793,2.80398651017414
"105","102_6110",0.0126780146797326,0.0244307510077107,0,"102","6110","Male","Male","Male_Male","M-M",44,18,26,"Resident","Transient","Resident_Transient","R-T",1,0.509928,0.430579,0.059493,2.80398651017414
"106","102_6112",0.00875376820616262,0.0130397219372438,0,"102","6112","Male","Male","Male_Male","M-M",44,18,26,"Resident","Resident","Resident_Resident","R-R",1,0.600934600934601,0.383335383335383,0.0157300157300157,2.80398651017414
"107","102_6122",0.00879871827239378,0.0136976263111074,0,"102","6122","Male","Male","Male_Male","M-M",44,18,26,"Resident","Resident","Resident_Resident","R-R",1,0.608717,0.377561,0.013722,2.80398651017414
"108","102_6123",0.00893850427882933,0.0136012414835813,0,"102","6123","Male","Male","Male_Male","M-M",44,18,26,"Resident","Resident","Resident_Resident","R-R",1,0.600934600934601,0.383335383335383,0.0157300157300157,2.80398651017414
"109","102_6133",0.00886142464433308,0.0142048630125715,0,"102","6133","Male","Male","Male_Male","M-M",44,18,26,"Resident","Resident","Resident_Resident","R-R",1,0.584797,0.394562,0.020641,2.80398651017414
"110","102_6138",0.00914581917879946,0.013840403813032,0,"102","6138","Male","Male","Male_Male","M-M",44,18,26,"Resident","Resident","Resident_Resident","R-R",1,0.592966,0.38901,0.018024,2.80398651017414
"111","102_6139",0.00957048652978106,0.0156178400709463,0,"102","6139","Male","Male","Male_Male","M-M",44,18,26,"Resident","Resident","Resident_Resident","R-R",1,0.592966,0.38901,0.018024,2.80398651017414
"112","102_6201",0.00870909182733141,0.0136118409687248,0,"102","6201","Male","Male","Male_Male","M-M",44,15,29,"Resident","Resident","Resident_Resident","R-R",1,0.608717,0.377561,0.013722,3.24927856001743
"113","102_6210",0.00912211452148986,0.0142055053107598,0,"102","6210","Male","Male","Male_Male","M-M",44,17,27,"Resident","Resident","Resident_Resident","R-R",1,0.608717,0.377561,0.013722,2.95241719345524
"114","102_6220",0.0100449898456896,0.0160740910652618,0,"102","6220","Male","Male","Male_Male","M-M",44,17,27,"Resident","Resident","Resident_Resident","R-R",1,0.56779,0.405188,0.027022,2.95241719345524
"115","102_6235",0.0098253237104081,0.0168039405272931,0,"102","6235","Male","Male","Male_Male","M-M",44,14,30,"Resident","Resident","Resident_Resident","R-R",1,0.56779,0.405188,0.027022,3.39770924329853
"116","102_6257",0.00933717435049729,0.0147643928045945,0,"102","6257","Male","Male","Male_Male","M-M",44,17,27,"Resident","Resident","Resident_Resident","R-R",1,0.576411,0.399965,0.023624,2.95241719345524
"117","102_6421",0.0110948890024717,0.0198268635909837,0,"102","6421","Male","Male","Male_Male","M-M",44,14,30,"Resident","Resident","Resident_Resident","R-R",1,0.54031454031454,0.419424419424419,0.0402610402610403,3.39770924329853
"118","102_74",0.00811963071395491,0.0125963802649884,0,"102","74","Male","Male","Male_Male","M-M",44,43,1,"Resident","Resident","Resident_Resident","R-R",1,0.631071,0.359843,0.009086,-0.906780571853278
"119","102_76",0.00466492460442932,0.00567028140913909,0,"102","76","Male","Male","Male_Male","M-M",44,44,0,"Resident","Resident","Resident_Resident","R-R",1,0.879948,0.120046,6e-06,-1.05521125513437
"120","102_804",0.00551363800437818,0.00713720208751571,0,"102","804","Male","Male","Male_Male","M-M",44,39,5,"Resident","Resident","Resident_Resident","R-R",1,0.806983,0.192904,0.000113,-0.31305783872889
"121","102_824",0.00576621749211805,0.00766797593828244,0,"102","824","Male","Male","Male_Male","M-M",44,39,5,"Resident","Resident","Resident_Resident","R-R",1,0.784116,0.215652,0.000232,-0.31305783872889
"122","102_92",0.031924125000271,0.0188674738147179,3,"102","92","Male","Male","Male_Male","M-M",44,43,1,"Resident","Resident","Resident_Resident","R-R",2,0.022295,0.973811,0.003894,-0.906780571853278
"123","102_9907",0.0316561871333505,0.0332073663456949,1,"102","9907","Male","Male","Male_Male","M-M",44,37,7,"Resident","Transient","Resident_Transient","R-T",2,0.15476,0.701092,0.144148,-0.0161964721666967
"124","102_9911",0.0446864261250568,0.0343121549213011,2,"102","9911","Male","Male","Male_Male","M-M",44,37,7,"Resident","Resident","Resident_Resident","R-R",2,0.0372919627080373,0.81018518981481,0.152522847477153,-0.0161964721666967
"125","10_101",0.0107215655196023,0.018207270438749,0,"10","101","Male","Male","Male_Male","M-M",44,44,0,"Resident","Resident","Resident_Resident","R-R",1,0.54976345023655,0.414957585042415,0.0352789647210353,-1.05521125513437
"126","10_102",0.00485955257599557,0.00665559353204053,0,"10","102","Male","Male","Male_Male","M-M",44,44,0,"Resident","Resident","Resident_Resident","R-R",1,0.857608,0.142375,1.7e-05,-1.05521125513437
"127","10_1114",0.00781687584381517,0.0111939341314138,0,"10","1114","Male","Male","Male_Male","M-M",44,37,7,"Resident","Resident","Resident_Resident","R-R",1,0.652147347852652,0.341855658144342,0.005996994003006,-0.0161964721666967
"128","10_1123",0.0121056557957044,0.0237026146110614,0,"10","1123","Male","Male","Male_Male","M-M",44,37,7,"Resident","Transient","Resident_Transient","R-T",1,0.509928,0.430579,0.059493,-0.0161964721666967
"129","10_1173",0.00837023304158132,0.0124854170929629,0,"10","1173","Male","Male","Male_Male","M-M",44,37,7,"Resident","Resident","Resident_Resident","R-R",1,0.631071,0.359843,0.009086,-0.0161964721666967
"130","10_1179",0.0125109190970875,0.0234943375021987,0,"10","1179","Male","Male","Male_Male","M-M",44,37,7,"Resident","Transient","Resident_Transient","R-T",1,0.509928,0.430579,0.059493,-0.0161964721666967
"131","10_118",0.0271313276561087,0.0280220605474631,1,"10","118","Male","Male","Male_Male","M-M",44,44,0,"Resident","Resident","Resident_Resident","R-R",2,0.185919,0.732056,0.082025,-1.05521125513437
"132","10_120",0.00627596465967588,0.00849065061223311,0,"10","120","Male","Male","Male_Male","M-M",44,44,0,"Resident","Resident","Resident_Resident","R-R",1,0.737941737941738,0.261221261221261,0.000837000837000837,-1.05521125513437
"133","10_124",0.00898467997016814,0.0136499632120722,0,"10","124","Male","Male","Male_Male","M-M",44,44,0,"Resident","Resident","Resident_Resident","R-R",1,0.600934600934601,0.383335383335383,0.0157300157300157,-1.05521125513437
"134","10_1292",0.0107603002001811,0.0192596172408418,0,"10","1292","Male","Male","Male_Male","M-M",44,36,8,"Resident","Transient","Resident_Transient","R-T",1,0.54976345023655,0.414957585042415,0.0352789647210353,0.1322342111144
"135","10_1293",0.011897483089379,0.021704212905342,0,"10","1293","Male","Male","Male_Male","M-M",44,36,8,"Resident","Transient","Resident_Transient","R-T",1,0.520422,0.427289,0.052289,0.1322342111144
"136","10_1345",0.0133411370898018,0.0247302074633647,0,"10","1345","Male","Male","Male_Male","M-M",44,36,8,"Resident","Transient","Resident_Transient","R-T",1,0.499031,0.433362,0.067607,0.1322342111144
"137","10_1424",0.0338135506535884,0.0369045241536427,1,"10","1424","Male","Male","Male_Male","M-M",44,35,9,"Resident","Transient","Resident_Transient","R-T",2,0.148354148354148,0.691189691189691,0.16045616045616,0.280664894395497
"138","10_1458",0.0448682524537438,0.0345074224817776,2,"10","1458","Male","Male","Male_Male","M-M",44,35,9,"Resident","Resident","Resident_Resident","R-R",2,0.035596,0.795347,0.169057,0.280664894395497
"139","10_15",0.0108851688285106,0.0189350759494634,0,"10","15","Male","Male","Male_Male","M-M",44,44,0,"Resident","Resident","Resident_Resident","R-R",1,0.54031454031454,0.419424419424419,0.0402610402610403,-1.05521125513437
"140","10_16",0.00715422202569141,0.0101787943848212,0,"10","16","Male","Male","Male_Male","M-M",44,43,1,"Resident","Resident","Resident_Resident","R-R",1,0.691195308804691,0.306211693788306,0.00259299740700259,-0.906780571853278
"141","10_1676",0.00958626982778771,0.0164682224749805,0,"10","1676","Male","Male","Male_Male","M-M",44,34,10,"Resident","Resident","Resident_Resident","R-R",1,0.576411,0.399965,0.023624,0.429095577676594
"142","10_1696",0.0107156218102217,0.0186479085088495,0,"10","1696","Male","Male","Male_Male","M-M",44,34,10,"Resident","Transient","Resident_Transient","R-T",1,0.54031454031454,0.419424419424419,0.0402610402610403,0.429095577676594
"143","10_1739",0.0108361008189462,0.0184128293224363,0,"10","1739","Male","Male","Male_Male","M-M",44,32,12,"Resident","Resident","Resident_Resident","R-R",1,0.54976345023655,0.414957585042415,0.0352789647210353,0.725956944238787
"144","10_1779",0.0108090845238154,0.0175348002675694,0,"10","1779","Male","Male","Male_Male","M-M",44,31,13,"Resident","Resident","Resident_Resident","R-R",1,0.54031454031454,0.419424419424419,0.0402610402610403,0.874387627519884
"145","10_18",0.008290449980659,0.0133288591384783,0,"10","18","Male","Male","Male_Male","M-M",44,44,0,"Resident","Resident","Resident_Resident","R-R",1,0.623774,0.365798,0.010428,-1.05521125513437
"146","10_1829",0.0125578694753507,0.0232593540927724,0,"10","1829","Male","Male","Male_Male","M-M",44,31,13,"Resident","Resident","Resident_Resident","R-R",1,0.509928,0.430579,0.059493,0.874387627519884
"147","10_1924",0.0124512031669797,0.0246167729411856,0,"10","1924","Male","Male","Male_Male","M-M",44,31,13,"Resident","Transient","Resident_Transient","R-T",1,0.499031,0.433362,0.067607,0.874387627519884
"148","10_1966",0.0105875920885507,0.0184137150938164,0,"10","1966","Male","Male","Male_Male","M-M",44,31,13,"Resident","Transient","Resident_Transient","R-T",1,0.54976345023655,0.414957585042415,0.0352789647210353,0.874387627519884
"149","10_2028",0.00838481507092429,0.0126941901714523,0,"10","2028","Male","Male","Male_Male","M-M",44,31,13,"Resident","Resident","Resident_Resident","R-R",1,0.631071,0.359843,0.009086,0.874387627519884
"150","10_2048",0.0102036826798439,0.0164776834883243,0,"10","2048","Male","Male","Male_Male","M-M",44,31,13,"Resident","Resident","Resident_Resident","R-R",1,0.56779,0.405188,0.027022,0.874387627519884
"151","10_21",0.0105029847587771,0.0177304897881087,0,"10","21","Male","Male","Male_Male","M-M",44,44,0,"Resident","Resident","Resident_Resident","R-R",1,0.54976345023655,0.414957585042415,0.0352789647210353,-1.05521125513437
"152","10_2102",0.0103678021220287,0.0176492266135022,0,"10","2102","Male","Male","Male_Male","M-M",44,34,10,"Resident","Resident","Resident_Resident","R-R",1,0.56779,0.405188,0.027022,0.429095577676594
"153","10_2232",0.0140756785376444,0.0303145165257054,0,"10","2232","Male","Male","Male_Male","M-M",44,30,14,"Resident","Transient","Resident_Transient","R-T",1,0.487705,0.435572,0.076723,1.02281831080098
"154","10_2233",0.0126235641625566,0.0232164707914083,0,"10","2233","Male","Male","Male_Male","M-M",44,30,14,"Resident","Transient","Resident_Transient","R-T",1,0.499031,0.433362,0.067607,1.02281831080098
"155","10_28",0.00679762188898253,0.00990673579712978,0,"10","28","Male","Male","Male_Male","M-M",44,42,2,"Resident","Resident","Resident_Resident","R-R",1,0.709388,0.288913,0.001699,-0.758349888572181
"156","10_291",0.00942486438012584,0.015134621255965,0,"10","291","Male","Male","Male_Male","M-M",44,43,1,"Resident","Transient","Resident_Transient","R-T",1,0.584797,0.394562,0.020641,-0.906780571853278
"157","10_293",0.0119817227331747,0.0216547274029184,0,"10","293","Male","Male","Male_Male","M-M",44,32,12,"Resident","Resident","Resident_Resident","R-R",1,0.520422,0.427289,0.052289,0.725956944238787
"158","10_3",0.00513794994044224,0.00657220346167964,0,"10","3","Male","Male","Male_Male","M-M",44,45,1,"Resident","Resident","Resident_Resident","R-R",1,0.839598,0.160366,3.6e-05,-0.906780571853278
"159","10_3009",0.00895726180574286,0.0142065894706647,0,"10","3009","Male","Male","Male_Male","M-M",44,27,17,"Resident","Resident","Resident_Resident","R-R",1,0.600934600934601,0.383335383335383,0.0157300157300157,1.46811036064427
"160","10_3012",0.0100089980495362,0.0174123072817501,0,"10","3012","Male","Male","Male_Male","M-M",44,27,17,"Resident","Resident","Resident_Resident","R-R",1,0.56779,0.405188,0.027022,1.46811036064427
"161","10_3098",0.0105404062625044,0.0181585696891247,0,"10","3098","Male","Male","Male_Male","M-M",44,27,17,"Resident","Resident","Resident_Resident","R-R",1,0.54976345023655,0.414957585042415,0.0352789647210353,1.46811036064427
"162","10_33",0.239468243840912,0.0772275916422607,8,"10","33","Male","Male","Male_Male","M-M",44,37,7,"Resident","Resident","Resident_Resident","R-R",3,9.99999000001e-07,0.000296999703000297,0.999702000298,-0.0161964721666967
"163","10_355",0.0120359474926376,0.0236576338255075,0,"10","355","Male","Male","Male_Male","M-M",44,43,1,"Resident","Transient","Resident_Transient","R-T",1,0.520422,0.427289,0.052289,-0.906780571853278
"164","10_37",0.0901097424382645,0.0432516348085669,5,"10","37","Male","Male","Male_Male","M-M",44,44,0,"Resident","Resident","Resident_Resident","R-R",3,4e-05,0.206918,0.793042,-1.05521125513437
"165","10_4104",0.0130096985072189,0.0256457332037014,0,"10","4104","Male","Male","Male_Male","M-M",44,26,18,"Resident","Resident","Resident_Resident","R-R",1,0.487705,0.435572,0.076723,1.61654104392537
"166","10_413",0.0588601845080717,0.0358125135422107,3,"10","413","Male","Male","Male_Male","M-M",44,43,1,"Resident","Resident","Resident_Resident","R-R",2,0.005589,0.708661,0.28575,-0.906780571853278
"167","10_45",0.0104795798054421,0.00921877992834407,1,"10","45","Male","Male","Male_Male","M-M",44,44,0,"Resident","Resident","Resident_Resident","R-R",1,0.611177,0.388807,1.6e-05,-1.05521125513437
"168","10_452",0.013680156467501,0.0284091552317135,0,"10","452","Male","Male","Male_Male","M-M",44,43,1,"Resident","Transient","Resident_Transient","R-T",1,0.499031,0.433362,0.067607,-0.906780571853278
"169","10_480",0.017464939774103,0.016332579552164,1,"10","480","Male","Male","Male_Male","M-M",44,43,1,"Resident","Resident","Resident_Resident","R-R",2,0.299683,0.692589,0.007728,-0.906780571853278
"170","10_496",0.0111699207130854,0.018492852772228,0,"10","496","Male","Male","Male_Male","M-M",44,43,1,"Resident","Transient","Resident_Transient","R-T",1,0.520422,0.427289,0.052289,-0.906780571853278
"171","10_5001",0.0129890710532935,0.0254925200206706,0,"10","5001","Male","Male","Male_Male","M-M",44,22,22,"Resident","Resident","Resident_Resident","R-R",1,0.487705,0.435572,0.076723,2.21026377704976
"172","10_5003",0.00864764485226663,0.0133319576303387,0,"10","5003","Male","Male","Male_Male","M-M",44,23,21,"Resident","Resident","Resident_Resident","R-R",1,0.623774,0.365798,0.010428,2.06183309376866
"173","10_5018",0.00944706424093261,0.0143794823173958,0,"10","5018","Male","Male","Male_Male","M-M",44,22,22,"Resident","Resident","Resident_Resident","R-R",1,0.576411,0.399965,0.023624,2.21026377704976
"174","10_5019",0.010267581395677,0.0180507166527205,0,"10","5019","Male","Male","Male_Male","M-M",44,23,21,"Resident","Resident","Resident_Resident","R-R",1,0.558915,0.410198,0.030887,2.06183309376866
"175","10_5031",0.00803789125240857,0.0123371802887438,0,"10","5031","Male","Male","Male_Male","M-M",44,23,21,"Resident","Resident","Resident_Resident","R-R",1,0.652147347852652,0.341855658144342,0.005996994003006,2.06183309376866
"176","10_5036",0.0101311666797466,0.0173493052609856,0,"10","5036","Male","Male","Male_Male","M-M",44,23,21,"Resident","Resident","Resident_Resident","R-R",1,0.56779,0.405188,0.027022,2.06183309376866
"177","10_504",0.0129995761506128,0.0250658792756553,0,"10","504","Male","Male","Male_Male","M-M",44,43,1,"Resident","Transient","Resident_Transient","R-T",1,0.509928,0.430579,0.059493,-0.906780571853278
"178","10_5044",0.0091884154003054,0.0147607596796796,0,"10","5044","Male","Male","Male_Male","M-M",44,23,21,"Resident","Resident","Resident_Resident","R-R",1,0.584797,0.394562,0.020641,2.06183309376866
"179","10_5049",0.0112788610523759,0.019392649692675,0,"10","5049","Male","Male","Male_Male","M-M",44,22,22,"Resident","Transient","Resident_Transient","R-T",1,0.54031454031454,0.419424419424419,0.0402610402610403,2.21026377704976
"180","10_5061",0.0110611405318988,0.0191282745922679,0,"10","5061","Male","Male","Male_Male","M-M",44,22,22,"Resident","Resident","Resident_Resident","R-R",1,0.530542469457531,0.423551576448424,0.0459059540940459,2.21026377704976
"181","10_5068",0.0116212927107426,0.0200731730552778,0,"10","5068","Male","Male","Male_Male","M-M",44,22,22,"Resident","Resident","Resident_Resident","R-R",1,0.530542469457531,0.423551576448424,0.0459059540940459,2.21026377704976
"182","10_5069",0.00879914353679003,0.0136654293717731,0,"10","5069","Male","Male","Male_Male","M-M",44,23,21,"Resident","Resident","Resident_Resident","R-R",1,0.616326,0.371709,0.011965,2.06183309376866
"183","10_5071",0.0101047874026445,0.0170158374698969,0,"10","5071","Male","Male","Male_Male","M-M",44,22,22,"Resident","Resident","Resident_Resident","R-R",1,0.558915,0.410198,0.030887,2.21026377704976
"184","10_5075",0.00859543297604996,0.013012759562863,0,"10","5075","Male","Male","Male_Male","M-M",44,23,21,"Resident","Resident","Resident_Resident","R-R",1,0.616326,0.371709,0.011965,2.06183309376866
"185","10_509",0.0105465958127588,0.0180739662960616,0,"10","509","Male","Male","Male_Male","M-M",44,43,1,"Resident","Resident","Resident_Resident","R-R",1,0.54976345023655,0.414957585042415,0.0352789647210353,-0.906780571853278
"186","10_5109",0.0141018076414941,0.0300350203116016,0,"10","5109","Male","Male","Male_Male","M-M",44,23,21,"Resident","Resident","Resident_Resident","R-R",1,0.487705,0.435572,0.076723,2.06183309376866
"187","10_5137",0.0134444736709099,0.0257654461371361,0,"10","5137","Male","Male","Male_Male","M-M",44,23,21,"Resident","Resident","Resident_Resident","R-R",1,0.487705,0.435572,0.076723,2.06183309376866
"188","10_5158",0.00965783063205313,0.0152967356221631,0,"10","5158","Male","Male","Male_Male","M-M",44,23,21,"Resident","Resident","Resident_Resident","R-R",1,0.576411,0.399965,0.023624,2.06183309376866
"189","10_5161",0.0104150519387498,0.0165550526775634,0,"10","5161","Male","Male","Male_Male","M-M",44,23,21,"Resident","Resident","Resident_Resident","R-R",1,0.54031454031454,0.419424419424419,0.0402610402610403,2.06183309376866
"190","10_5165",0.0132629949352216,0.0255608701217341,0,"10","5165","Male","Male","Male_Male","M-M",44,23,21,"Resident","Resident","Resident_Resident","R-R",1,0.499031,0.433362,0.067607,2.06183309376866
"191","10_549",0.018796197148728,0.0189228583498788,1,"10","549","Male","Male","Male_Male","M-M",44,43,1,"Resident","Resident","Resident_Resident","R-R",2,0.281349,0.707291,0.01136,-0.906780571853278
"192","10_558",0.00813438999894095,0.0128176624824174,0,"10","558","Male","Male","Male_Male","M-M",44,43,1,"Resident","Resident","Resident_Resident","R-R",1,0.638227638227638,0.353859353859354,0.00791300791300791,-0.906780571853278
"193","10_562",0.0126382620483738,0.0235949509033083,0,"10","562","Male","Male","Male_Male","M-M",44,43,1,"Resident","Transient","Resident_Transient","R-T",1,0.499031,0.433362,0.067607,-0.906780571853278
"194","10_606",0.00770314710447816,0.0111454406442558,0,"10","606","Male","Male","Male_Male","M-M",44,36,8,"Resident","Resident","Resident_Resident","R-R",1,0.66559,0.329871,0.004539,0.1322342111144
"195","10_74",0.0120812324271037,0.0227449313817356,0,"10","74","Male","Male","Male_Male","M-M",44,43,1,"Resident","Resident","Resident_Resident","R-R",1,0.520422,0.427289,0.052289,-0.906780571853278
"196","10_76",0.00594596918658052,0.0082892092858582,0,"10","76","Male","Male","Male_Male","M-M",44,44,0,"Resident","Resident","Resident_Resident","R-R",1,0.784116,0.215652,0.000232,-1.05521125513437
"197","10_804",0.0328831046583643,0.0242286717796091,2,"10","804","Male","Male","Male_Male","M-M",44,39,5,"Resident","Resident","Resident_Resident","R-R",2,0.059972,0.90488,0.035148,-0.31305783872889
"198","10_824",0.0173619956905636,0.0167877949189235,1,"10","824","Male","Male","Male_Male","M-M",44,39,5,"Resident","Resident","Resident_Resident","R-R",2,0.293535,0.697675,0.00879,-0.31305783872889
"199","10_92",0.0196822013468665,0.0192033353058382,1,"10","92","Male","Male","Male_Male","M-M",44,43,1,"Resident","Resident","Resident_Resident","R-R",2,0.263310736689263,0.72004227995772,0.0166469833530166,-0.906780571853278
"200","10_9907",0.00930187964987709,0.0158764695926889,0,"10","9907","Male","Male","Male_Male","M-M",44,37,7,"Resident","Transient","Resident_Transient","R-T",1,0.576411,0.399965,0.023624,-0.0161964721666967
"201","10_9911",0.00694096085519027,0.00993561124605527,0,"10","9911","Male","Male","Male_Male","M-M",44,37,7,"Resident","Resident","Resident_Resident","R-R",1,0.703415,0.294628,0.001957,-0.0161964721666967
"202","1114_1123",0.0119397104181476,0.0216052583649667,0,"1114","1123","Male","Male","Male_Male","M-M",37,37,0,"Resident","Transient","Resident_Transient","R-T",1,0.509928,0.430579,0.059493,-1.05521125513437
"203","1114_1173",0.012120699986176,0.0234351489677581,0,"1114","1173","Male","Male","Male_Male","M-M",37,37,0,"Resident","Resident","Resident_Resident","R-R",1,0.54976345023655,0.414957585042415,0.0352789647210353,-1.05521125513437
"204","1114_1179",0.0133641857058406,0.0255346799125968,0,"1114","1179","Male","Male","Male_Male","M-M",37,37,0,"Resident","Transient","Resident_Transient","R-T",1,0.509928,0.430579,0.059493,-1.05521125513437
"205","1114_118",0.00970272087693249,0.0157264863553894,0,"1114","118","Male","Male","Male_Male","M-M",37,44,7,"Resident","Resident","Resident_Resident","R-R",1,0.56779,0.405188,0.027022,-0.0161964721666967
"206","1114_120",0.00848503606576614,0.0134610340500233,0,"1114","120","Male","Male","Male_Male","M-M",37,44,7,"Resident","Resident","Resident_Resident","R-R",1,0.631071,0.359843,0.009086,-0.0161964721666967
"207","1114_124",0.0103379024110105,0.0165567032692557,0,"1114","124","Male","Male","Male_Male","M-M",37,44,7,"Resident","Resident","Resident_Resident","R-R",1,0.558915,0.410198,0.030887,-0.0161964721666967
"208","1114_1292",0.0101303945479,0.0177816935053634,0,"1114","1292","Male","Male","Male_Male","M-M",37,36,1,"Resident","Transient","Resident_Transient","R-T",1,0.558915,0.410198,0.030887,-0.906780571853278
"209","1114_1293",0.0113123810117906,0.0201195964217476,0,"1114","1293","Male","Male","Male_Male","M-M",37,36,1,"Resident","Transient","Resident_Transient","R-T",1,0.530542469457531,0.423551576448424,0.0459059540940459,-0.906780571853278
"210","1114_1345",0.0116384070679771,0.0197126702323279,0,"1114","1345","Male","Male","Male_Male","M-M",37,36,1,"Resident","Transient","Resident_Transient","R-T",1,0.509928,0.430579,0.059493,-0.906780571853278
"211","1114_1424",0.011227680232233,0.0186946009952011,0,"1114","1424","Male","Male","Male_Male","M-M",37,35,2,"Resident","Transient","Resident_Transient","R-T",1,0.54031454031454,0.419424419424419,0.0402610402610403,-0.758349888572181
"212","1114_1458",0.0109257676088514,0.0179046766569017,0,"1114","1458","Male","Male","Male_Male","M-M",37,35,2,"Resident","Resident","Resident_Resident","R-R",1,0.54031454031454,0.419424419424419,0.0402610402610403,-0.758349888572181
"213","1114_16",0.0115800912747403,0.02056175831085,0,"1114","16","Male","Male","Male_Male","M-M",37,43,6,"Resident","Resident","Resident_Resident","R-R",1,0.530542469457531,0.423551576448424,0.0459059540940459,-0.164627155447794
"214","1114_1676",0.0109569510203275,0.0187961065196306,0,"1114","1676","Male","Male","Male_Male","M-M",37,34,3,"Resident","Resident","Resident_Resident","R-R",1,0.54031454031454,0.419424419424419,0.0402610402610403,-0.609919205291084
"215","1114_1696",0.0140683508140379,0.0297896303058084,0,"1114","1696","Male","Male","Male_Male","M-M",37,34,3,"Resident","Transient","Resident_Transient","R-T",1,0.499031,0.433362,0.067607,-0.609919205291084
"216","1114_1739",0.0138362865007351,0.0262310667809993,0,"1114","1739","Male","Male","Male_Male","M-M",37,32,5,"Resident","Resident","Resident_Resident","R-R",1,0.487705,0.435572,0.076723,-0.31305783872889
"217","1114_1779",0.0117651337841581,0.0211761064224177,0,"1114","1779","Male","Male","Male_Male","M-M",37,31,6,"Resident","Resident","Resident_Resident","R-R",1,0.520422,0.427289,0.052289,-0.164627155447794
"218","1114_18",0.0106772639945895,0.0188775310220207,0,"1114","18","Male","Male","Male_Male","M-M",37,44,7,"Resident","Resident","Resident_Resident","R-R",1,0.54976345023655,0.414957585042415,0.0352789647210353,-0.0161964721666967
"219","1114_1829",0.0142035078389291,0.0299710827115391,0,"1114","1829","Male","Male","Male_Male","M-M",37,31,6,"Resident","Resident","Resident_Resident","R-R",1,0.487705,0.435572,0.076723,-0.164627155447794
"220","1114_1924",0.0141873693493209,0.0277104783538158,0,"1114","1924","Male","Male","Male_Male","M-M",37,31,6,"Resident","Transient","Resident_Transient","R-T",1,0.487705,0.435572,0.076723,-0.164627155447794
"221","1114_1966",0.0107999916933591,0.0195926061905105,0,"1114","1966","Male","Male","Male_Male","M-M",37,31,6,"Resident","Transient","Resident_Transient","R-T",1,0.54031454031454,0.419424419424419,0.0402610402610403,-0.164627155447794
"222","1114_2028",0.0140557346712322,0.0292761183183724,0,"1114","2028","Male","Male","Male_Male","M-M",37,31,6,"Resident","Resident","Resident_Resident","R-R",1,0.487705,0.435572,0.076723,-0.164627155447794
"223","1114_2048",0.0135174289763802,0.0287181042903196,0,"1114","2048","Male","Male","Male_Male","M-M",37,31,6,"Resident","Resident","Resident_Resident","R-R",1,0.487705,0.435572,0.076723,-0.164627155447794
"224","1114_2102",0.0119119695123656,0.0205410112779368,0,"1114","2102","Male","Male","Male_Male","M-M",37,34,3,"Resident","Resident","Resident_Resident","R-R",1,0.520422,0.427289,0.052289,-0.609919205291084
"225","1114_2232",0.0145918310776121,0.0311054475998344,0,"1114","2232","Male","Male","Male_Male","M-M",37,30,7,"Resident","Transient","Resident_Transient","R-T",1,0.487705,0.435572,0.076723,-0.0161964721666967
"226","1114_2233",0.01315648384326,0.0252632697690384,0,"1114","2233","Male","Male","Male_Male","M-M",37,30,7,"Resident","Transient","Resident_Transient","R-T",1,0.499031,0.433362,0.067607,-0.0161964721666967
"227","1114_28",0.00899305786491742,0.0147486414053507,0,"1114","28","Male","Male","Male_Male","M-M",37,42,5,"Resident","Resident","Resident_Resident","R-R",1,0.608717,0.377561,0.013722,-0.31305783872889
"228","1114_293",0.0127681047792296,0.0228713473854932,0,"1114","293","Male","Male","Male_Male","M-M",37,32,5,"Resident","Resident","Resident_Resident","R-R",1,0.487705,0.435572,0.076723,-0.31305783872889
"229","1114_3",0.00700936454746082,0.00991001623250726,0,"1114","3","Male","Male","Male_Male","M-M",37,45,8,"Resident","Resident","Resident_Resident","R-R",1,0.703415,0.294628,0.001957,0.1322342111144
"230","1114_3009",0.010773176521431,0.0198446259067523,0,"1114","3009","Male","Male","Male_Male","M-M",37,27,10,"Resident","Resident","Resident_Resident","R-R",1,0.54031454031454,0.419424419424419,0.0402610402610403,0.429095577676594
"231","1114_3012",0.0114950887131673,0.0203983581374988,0,"1114","3012","Male","Male","Male_Male","M-M",37,27,10,"Resident","Resident","Resident_Resident","R-R",1,0.520422,0.427289,0.052289,0.429095577676594
"232","1114_3098",0.0108705820765464,0.0184195781429763,0,"1114","3098","Male","Male","Male_Male","M-M",37,27,10,"Resident","Resident","Resident_Resident","R-R",1,0.530542469457531,0.423551576448424,0.0459059540940459,0.429095577676594
"233","1114_33",0.00748999641090091,0.0108170508360931,0,"1114","33","Male","Male","Male_Male","M-M",37,37,0,"Resident","Resident","Resident_Resident","R-R",1,0.672145,0.323908,0.003947,-1.05521125513437
"234","1114_37",0.00712652489257649,0.0101213701677671,0,"1114","37","Male","Male","Male_Male","M-M",37,44,7,"Resident","Resident","Resident_Resident","R-R",1,0.697351302648697,0.3003956996043,0.00225299774700225,-0.0161964721666967
"235","1114_4104",0.0127898534117117,0.0241960202712255,0,"1114","4104","Male","Male","Male_Male","M-M",37,26,11,"Resident","Resident","Resident_Resident","R-R",1,0.499031,0.433362,0.067607,0.577526260957691
"236","1114_413",0.00756581383228891,0.011466243348725,0,"1114","413","Male","Male","Male_Male","M-M",37,43,6,"Resident","Resident","Resident_Resident","R-R",1,0.66559,0.329871,0.004539,-0.164627155447794
"237","1114_45",0.00569574755449266,0.00738956592780134,0,"1114","45","Male","Male","Male_Male","M-M",37,44,7,"Resident","Resident","Resident_Resident","R-R",1,0.793497,0.206329,0.000174,-0.0161964721666967
"238","1114_480",0.00853685373593528,0.0130724313644407,0,"1114","480","Male","Male","Male_Male","M-M",37,43,6,"Resident","Resident","Resident_Resident","R-R",1,0.631071,0.359843,0.009086,-0.164627155447794
"239","1114_509",0.0114001755000509,0.0203551431397604,0,"1114","509","Male","Male","Male_Male","M-M",37,43,6,"Resident","Resident","Resident_Resident","R-R",1,0.530542469457531,0.423551576448424,0.0459059540940459,-0.164627155447794
"240","1114_549",0.0284015816851356,0.0296386197211325,1,"1114","549","Male","Male","Male_Male","M-M",37,43,6,"Resident","Resident","Resident_Resident","R-R",2,0.179798,0.72809,0.092112,-0.164627155447794
"241","1114_558",0.0111039534607018,0.0188845935416094,0,"1114","558","Male","Male","Male_Male","M-M",37,43,6,"Resident","Resident","Resident_Resident","R-R",1,0.530542469457531,0.423551576448424,0.0459059540940459,-0.164627155447794
"242","1114_606",0.0107719425474881,0.0196511217559898,0,"1114","606","Male","Male","Male_Male","M-M",37,36,1,"Resident","Resident","Resident_Resident","R-R",1,0.54031454031454,0.419424419424419,0.0402610402610403,-0.906780571853278
"243","1114_76",0.00985590768296115,0.0158046443892924,0,"1114","76","Male","Male","Male_Male","M-M",37,44,7,"Resident","Resident","Resident_Resident","R-R",1,0.576411,0.399965,0.023624,-0.0161964721666967
"244","1114_804",0.0068560554072843,0.009536372541778,0,"1114","804","Male","Male","Male_Male","M-M",37,39,2,"Resident","Resident","Resident_Resident","R-R",1,0.715271,0.283253,0.001476,-0.758349888572181
"245","1114_824",0.00726080432317158,0.0104382949756832,0,"1114","824","Male","Male","Male_Male","M-M",37,39,2,"Resident","Resident","Resident_Resident","R-R",1,0.684944684944685,0.312072312072312,0.00298300298300298,-0.758349888572181
"246","1114_92",0.00815251444549955,0.0123795240013911,0,"1114","92","Male","Male","Male_Male","M-M",37,43,6,"Resident","Resident","Resident_Resident","R-R",1,0.631071,0.359843,0.009086,-0.164627155447794
"247","1114_9907",0.00973203554620115,0.0173629133088892,0,"1114","9907","Male","Male","Male_Male","M-M",37,37,0,"Resident","Transient","Resident_Transient","R-T",1,0.576411,0.399965,0.023624,-1.05521125513437
"248","1114_9911",0.00802084182354647,0.011515311338636,0,"1114","9911","Male","Male","Male_Male","M-M",37,37,0,"Resident","Resident","Resident_Resident","R-R",1,0.638227638227638,0.353859353859354,0.00791300791300791,-1.05521125513437
"249","1123_1173",0.0128401176441838,0.0248460804021844,0,"1123","1173","Male","Male","Male_Male","M-M",37,37,0,"Transient","Resident","Resident_Transient","R-T",1,0.509928,0.430579,0.059493,-1.05521125513437
"250","1123_1179",0.01359247879968,0.0254216841611395,0,"1123","1179","Male","Male","Male_Male","M-M",37,37,0,"Transient","Transient","Transient_Transient","T-T",1,0.499031,0.433362,0.067607,-1.05521125513437
"251","1123_118",0.0142907356190296,0.0307392971471443,0,"1123","118","Male","Male","Male_Male","M-M",37,44,7,"Transient","Resident","Resident_Transient","R-T",1,0.487705,0.435572,0.076723,-0.0161964721666967
"252","1123_120",0.0121956419000477,0.021570896097517,0,"1123","120","Male","Male","Male_Male","M-M",37,44,7,"Transient","Resident","Resident_Transient","R-T",1,0.509928,0.430579,0.059493,-0.0161964721666967
"253","1123_124",0.0108101724222827,0.0186777506722677,0,"1123","124","Male","Male","Male_Male","M-M",37,44,7,"Transient","Resident","Resident_Transient","R-T",1,0.530542469457531,0.423551576448424,0.0459059540940459,-0.0161964721666967
"254","1123_16",0.0134703042918213,0.0252128797575966,0,"1123","16","Male","Male","Male_Male","M-M",37,43,6,"Transient","Resident","Resident_Transient","R-T",1,0.487705,0.435572,0.076723,-0.164627155447794
"255","1123_18",0.0125647822151923,0.0229664903992835,0,"1123","18","Male","Male","Male_Male","M-M",37,44,7,"Transient","Resident","Resident_Transient","R-T",1,0.509928,0.430579,0.059493,-0.0161964721666967
"256","1123_28",0.011955882471231,0.0216089088080303,0,"1123","28","Male","Male","Male_Male","M-M",37,42,5,"Transient","Resident","Resident_Transient","R-T",1,0.520422,0.427289,0.052289,-0.31305783872889
"257","1123_3",0.0138070890398739,0.0293499080007396,0,"1123","3","Male","Male","Male_Male","M-M",37,45,8,"Transient","Resident","Resident_Transient","R-T",1,0.487705,0.435572,0.076723,0.1322342111144
"258","1123_33",0.0123315048370729,0.0221906717936292,0,"1123","33","Male","Male","Male_Male","M-M",37,37,0,"Transient","Resident","Resident_Transient","R-T",1,0.520422,0.427289,0.052289,-1.05521125513437
"259","1123_37",0.0109986844083225,0.0180756195421487,0,"1123","37","Male","Male","Male_Male","M-M",37,44,7,"Transient","Resident","Resident_Transient","R-T",1,0.530542469457531,0.423551576448424,0.0459059540940459,-0.0161964721666967
"260","1123_413",0.0119014320984794,0.0224953988218564,0,"1123","413","Male","Male","Male_Male","M-M",37,43,6,"Transient","Resident","Resident_Transient","R-T",1,0.509928,0.430579,0.059493,-0.164627155447794
"261","1123_45",0.0103211767562391,0.0173350704396545,0,"1123","45","Male","Male","Male_Male","M-M",37,44,7,"Transient","Resident","Resident_Transient","R-T",1,0.558915,0.410198,0.030887,-0.0161964721666967
"262","1123_480",0.0136793122162122,0.0286389760937703,0,"1123","480","Male","Male","Male_Male","M-M",37,43,6,"Transient","Resident","Resident_Transient","R-T",1,0.499031,0.433362,0.067607,-0.164627155447794
"263","1123_509",0.0132849453824509,0.0252055944829196,0,"1123","509","Male","Male","Male_Male","M-M",37,43,6,"Transient","Resident","Resident_Transient","R-T",1,0.487705,0.435572,0.076723,-0.164627155447794
"264","1123_549",0.0107476730649088,0.0188471735260027,0,"1123","549","Male","Male","Male_Male","M-M",37,43,6,"Transient","Resident","Resident_Transient","R-T",1,0.54031454031454,0.419424419424419,0.0402610402610403,-0.164627155447794
"265","1123_558",0.013603031521715,0.0273525230455104,0,"1123","558","Male","Male","Male_Male","M-M",37,43,6,"Transient","Resident","Resident_Transient","R-T",1,0.487705,0.435572,0.076723,-0.164627155447794
"266","1123_76",0.0133320562071595,0.027844615250639,0,"1123","76","Male","Male","Male_Male","M-M",37,44,7,"Transient","Resident","Resident_Transient","R-T",1,0.499031,0.433362,0.067607,-0.0161964721666967
"267","1123_804",0.0121808186938866,0.0228128329106228,0,"1123","804","Male","Male","Male_Male","M-M",37,39,2,"Transient","Resident","Resident_Transient","R-T",1,0.509928,0.430579,0.059493,-0.758349888572181
"268","1123_824",0.012172427768817,0.0230728816615901,0,"1123","824","Male","Male","Male_Male","M-M",37,39,2,"Transient","Resident","Resident_Transient","R-T",1,0.509928,0.430579,0.059493,-0.758349888572181
"269","1123_92",0.0117215574594648,0.020917010150318,0,"1123","92","Male","Male","Male_Male","M-M",37,43,6,"Transient","Resident","Resident_Transient","R-T",1,0.520422,0.427289,0.052289,-0.164627155447794
"270","1123_9907",0.01025602924603,0.0177239229822846,0,"1123","9907","Male","Male","Male_Male","M-M",37,37,0,"Transient","Transient","Transient_Transient","T-T",1,0.56779,0.405188,0.027022,-1.05521125513437
"271","1123_9911",0.00974893440857819,0.0153746745722326,0,"1123","9911","Male","Male","Male_Male","M-M",37,37,0,"Transient","Resident","Resident_Transient","R-T",1,0.576411,0.399965,0.023624,-1.05521125513437
"272","1173_1179",0.01312807854674,0.0274251776011403,0,"1173","1179","Male","Male","Male_Male","M-M",37,37,0,"Resident","Transient","Resident_Transient","R-T",1,0.509928,0.430579,0.059493,-1.05521125513437
"273","1173_118",0.0106044400273665,0.0178732235878139,0,"1173","118","Male","Male","Male_Male","M-M",37,44,7,"Resident","Resident","Resident_Resident","R-R",1,0.558915,0.410198,0.030887,-0.0161964721666967
"274","1173_120",0.00939485273634245,0.0152365436206022,0,"1173","120","Male","Male","Male_Male","M-M",37,44,7,"Resident","Resident","Resident_Resident","R-R",1,0.56779,0.405188,0.027022,-0.0161964721666967
"275","1173_124",0.0101838487949523,0.0166959836730916,0,"1173","124","Male","Male","Male_Male","M-M",37,44,7,"Resident","Resident","Resident_Resident","R-R",1,0.54976345023655,0.414957585042415,0.0352789647210353,-0.0161964721666967
"276","1173_1292",0.0105862727629251,0.0184068674068158,0,"1173","1292","Male","Male","Male_Male","M-M",37,36,1,"Resident","Transient","Resident_Transient","R-T",1,0.54976345023655,0.414957585042415,0.0352789647210353,-0.906780571853278
"277","1173_1293",0.0116679944123936,0.022779067448329,0,"1173","1293","Male","Male","Male_Male","M-M",37,36,1,"Resident","Transient","Resident_Transient","R-T",1,0.520422,0.427289,0.052289,-0.906780571853278
"278","1173_1345",0.0129419880698799,0.0237130900714231,0,"1173","1345","Male","Male","Male_Male","M-M",37,36,1,"Resident","Transient","Resident_Transient","R-T",1,0.499031,0.433362,0.067607,-0.906780571853278
"279","1173_1424",0.0106010513896725,0.0172390343385688,0,"1173","1424","Male","Male","Male_Male","M-M",37,35,2,"Resident","Transient","Resident_Transient","R-T",1,0.54031454031454,0.419424419424419,0.0402610402610403,-0.758349888572181
"280","1173_1458",0.0111891568303106,0.0183814304676725,0,"1173","1458","Male","Male","Male_Male","M-M",37,35,2,"Resident","Resident","Resident_Resident","R-R",1,0.520422,0.427289,0.052289,-0.758349888572181
"281","1173_16",0.013090707155784,0.0242153707316697,0,"1173","16","Male","Male","Male_Male","M-M",37,43,6,"Resident","Resident","Resident_Resident","R-R",1,0.509928,0.430579,0.059493,-0.164627155447794
"282","1173_1676",0.0632139440557005,0.0774755699866964,1,"1173","1676","Male","Male","Male_Male","M-M",37,34,3,"Resident","Resident","Resident_Resident","R-R",2,0.089701,0.537907,0.372392,-0.609919205291084
"283","1173_1696",0.0133315928962752,0.0261726303808765,0,"1173","1696","Male","Male","Male_Male","M-M",37,34,3,"Resident","Transient","Resident_Transient","R-T",1,0.487705,0.435572,0.076723,-0.609919205291084
"284","1173_1739",0.0147702978059445,0.0311309765982369,0,"1173","1739","Male","Male","Male_Male","M-M",37,32,5,"Resident","Resident","Resident_Resident","R-R",1,0.487705,0.435572,0.076723,-0.31305783872889
"285","1173_18",0.0109623636372417,0.019649326595087,0,"1173","18","Male","Male","Male_Male","M-M",37,44,7,"Resident","Resident","Resident_Resident","R-R",1,0.54031454031454,0.419424419424419,0.0402610402610403,-0.0161964721666967
"286","1173_2102",0.0128570668657958,0.02509299746789,0,"1173","2102","Male","Male","Male_Male","M-M",37,34,3,"Resident","Resident","Resident_Resident","R-R",1,0.499031,0.433362,0.067607,-0.609919205291084
"287","1173_28",0.0392791445879039,0.0432334445983911,1,"1173","28","Male","Male","Male_Male","M-M",37,42,5,"Resident","Resident","Resident_Resident","R-R",2,0.128842,0.65297,0.218188,-0.31305783872889
"288","1173_293",0.0132287952373168,0.0259785271798777,0,"1173","293","Male","Male","Male_Male","M-M",37,32,5,"Resident","Resident","Resident_Resident","R-R",1,0.487705,0.435572,0.076723,-0.31305783872889
"289","1173_3",0.0071736423219917,0.0103836163534468,0,"1173","3","Male","Male","Male_Male","M-M",37,45,8,"Resident","Resident","Resident_Resident","R-R",1,0.684944684944685,0.312072312072312,0.00298300298300298,0.1322342111144
"290","1173_33",0.0078042426351346,0.0115838179871592,0,"1173","33","Male","Male","Male_Male","M-M",37,37,0,"Resident","Resident","Resident_Resident","R-R",1,0.652147347852652,0.341855658144342,0.005996994003006,-1.05521125513437
"291","1173_37",0.00717708942821291,0.0104078640640171,0,"1173","37","Male","Male","Male_Male","M-M",37,44,7,"Resident","Resident","Resident_Resident","R-R",1,0.691195308804691,0.306211693788306,0.00259299740700259,-0.0161964721666967
"292","1173_413",0.0077081805172182,0.0109613842507118,0,"1173","413","Male","Male","Male_Male","M-M",37,43,6,"Resident","Resident","Resident_Resident","R-R",1,0.652147347852652,0.341855658144342,0.005996994003006,-0.164627155447794
"293","1173_45",0.00616947278731379,0.00847577764217217,0,"1173","45","Male","Male","Male_Male","M-M",37,44,7,"Resident","Resident","Resident_Resident","R-R",1,0.759274,0.240252,0.000474,-0.0161964721666967
"294","1173_480",0.0333276858294237,0.0368620176400914,1,"1173","480","Male","Male","Male_Male","M-M",37,43,6,"Resident","Resident","Resident_Resident","R-R",2,0.15476,0.701092,0.144148,-0.164627155447794
"295","1173_509",0.0121010268228141,0.0226433774591627,0,"1173","509","Male","Male","Male_Male","M-M",37,43,6,"Resident","Resident","Resident_Resident","R-R",1,0.520422,0.427289,0.052289,-0.164627155447794
"296","1173_549",0.00832255401747733,0.0126082562083657,0,"1173","549","Male","Male","Male_Male","M-M",37,43,6,"Resident","Resident","Resident_Resident","R-R",1,0.631071,0.359843,0.009086,-0.164627155447794
"297","1173_558",0.0122715638647597,0.0224296121911238,0,"1173","558","Male","Male","Male_Male","M-M",37,43,6,"Resident","Resident","Resident_Resident","R-R",1,0.509928,0.430579,0.059493,-0.164627155447794
"298","1173_606",0.0711742539712627,0.0890467572288458,1,"1173","606","Male","Male","Male_Male","M-M",37,36,1,"Resident","Resident","Resident_Resident","R-R",2,0.083417,0.514454,0.402129,-0.906780571853278
"299","1173_76",0.0104062845826644,0.017552130407781,0,"1173","76","Male","Male","Male_Male","M-M",37,44,7,"Resident","Resident","Resident_Resident","R-R",1,0.54031454031454,0.419424419424419,0.0402610402610403,-0.0161964721666967
"300","1173_804",0.00660714359075142,0.009296588879585,0,"1173","804","Male","Male","Male_Male","M-M",37,39,2,"Resident","Resident","Resident_Resident","R-R",1,0.703415,0.294628,0.001957,-0.758349888572181
"301","1173_824",0.00772289750073294,0.0110236817777577,0,"1173","824","Male","Male","Male_Male","M-M",37,39,2,"Resident","Resident","Resident_Resident","R-R",1,0.652147347852652,0.341855658144342,0.005996994003006,-0.758349888572181
"302","1173_92",0.00956194330026389,0.015939202222748,0,"1173","92","Male","Male","Male_Male","M-M",37,43,6,"Resident","Resident","Resident_Resident","R-R",1,0.584797,0.394562,0.020641,-0.164627155447794
"303","1173_9907",0.00985345612261082,0.015857901379269,0,"1173","9907","Male","Male","Male_Male","M-M",37,37,0,"Resident","Transient","Resident_Transient","R-T",1,0.576411,0.399965,0.023624,-1.05521125513437
"304","1173_9911",0.00819169336335352,0.0120252340552875,0,"1173","9911","Male","Male","Male_Male","M-M",37,37,0,"Resident","Resident","Resident_Resident","R-R",1,0.623774,0.365798,0.010428,-1.05521125513437
"305","1179_118",0.0130246812806389,0.0262520510541738,0,"1179","118","Male","Male","Male_Male","M-M",37,44,7,"Transient","Resident","Resident_Transient","R-T",1,0.487705,0.435572,0.076723,-0.0161964721666967
"306","1179_120",0.0118446542806068,0.023352098657722,0,"1179","120","Male","Male","Male_Male","M-M",37,44,7,"Transient","Resident","Resident_Transient","R-T",1,0.509928,0.430579,0.059493,-0.0161964721666967
"307","1179_124",0.0113361626060818,0.0200865132193557,0,"1179","124","Male","Male","Male_Male","M-M",37,44,7,"Transient","Resident","Resident_Transient","R-T",1,0.530542469457531,0.423551576448424,0.0459059540940459,-0.0161964721666967
"308","1179_16",0.0140502530846291,0.0290801631046639,0,"1179","16","Male","Male","Male_Male","M-M",37,43,6,"Transient","Resident","Resident_Transient","R-T",1,0.487705,0.435572,0.076723,-0.164627155447794
"309","1179_18",0.011928150752925,0.0204255914476012,0,"1179","18","Male","Male","Male_Male","M-M",37,44,7,"Transient","Resident","Resident_Transient","R-T",1,0.509928,0.430579,0.059493,-0.0161964721666967
"310","1179_28",0.0610903020622513,0.0762385882528579,1,"1179","28","Male","Male","Male_Male","M-M",37,42,5,"Transient","Resident","Resident_Transient","R-T",2,0.089701,0.537907,0.372392,-0.31305783872889
"311","1179_3",0.0134308874018567,0.0270525126584917,0,"1179","3","Male","Male","Male_Male","M-M",37,45,8,"Transient","Resident","Resident_Transient","R-T",1,0.487705,0.435572,0.076723,0.1322342111144
"312","1179_33",0.0117815190177324,0.0209151376579482,0,"1179","33","Male","Male","Male_Male","M-M",37,37,0,"Transient","Resident","Resident_Transient","R-T",1,0.520422,0.427289,0.052289,-1.05521125513437
"313","1179_37",0.0110974965053935,0.019567714114914,0,"1179","37","Male","Male","Male_Male","M-M",37,44,7,"Transient","Resident","Resident_Transient","R-T",1,0.530542469457531,0.423551576448424,0.0459059540940459,-0.0161964721666967
"314","1179_413",0.0122897115670108,0.0228061298272439,0,"1179","413","Male","Male","Male_Male","M-M",37,43,6,"Transient","Resident","Resident_Transient","R-T",1,0.509928,0.430579,0.059493,-0.164627155447794
"315","1179_45",0.010267229381449,0.0171284074580144,0,"1179","45","Male","Male","Male_Male","M-M",37,44,7,"Transient","Resident","Resident_Transient","R-T",1,0.558915,0.410198,0.030887,-0.0161964721666967
"316","1179_480",0.0136990443676929,0.0266513266584175,0,"1179","480","Male","Male","Male_Male","M-M",37,43,6,"Transient","Resident","Resident_Transient","R-T",1,0.499031,0.433362,0.067607,-0.164627155447794
"317","1179_509",0.0142256145751882,0.0291379885031616,0,"1179","509","Male","Male","Male_Male","M-M",37,43,6,"Transient","Resident","Resident_Transient","R-T",1,0.487705,0.435572,0.076723,-0.164627155447794
"318","1179_549",0.0111069706589886,0.0197659267928773,0,"1179","549","Male","Male","Male_Male","M-M",37,43,6,"Transient","Resident","Resident_Transient","R-T",1,0.54031454031454,0.419424419424419,0.0402610402610403,-0.164627155447794
"319","1179_558",0.0135597850813516,0.0265619430823485,0,"1179","558","Male","Male","Male_Male","M-M",37,43,6,"Transient","Resident","Resident_Transient","R-T",1,0.487705,0.435572,0.076723,-0.164627155447794
"320","1179_76",0.0127855111408164,0.0249160974797452,0,"1179","76","Male","Male","Male_Male","M-M",37,44,7,"Transient","Resident","Resident_Transient","R-T",1,0.499031,0.433362,0.067607,-0.0161964721666967
"321","1179_804",0.0122367532382841,0.0227915101732106,0,"1179","804","Male","Male","Male_Male","M-M",37,39,2,"Transient","Resident","Resident_Transient","R-T",1,0.509928,0.430579,0.059493,-0.758349888572181
"322","1179_824",0.0123713791435185,0.0225367519528449,0,"1179","824","Male","Male","Male_Male","M-M",37,39,2,"Transient","Resident","Resident_Transient","R-T",1,0.509928,0.430579,0.059493,-0.758349888572181
"323","1179_92",0.0118106452211341,0.0212021056765067,0,"1179","92","Male","Male","Male_Male","M-M",37,43,6,"Transient","Resident","Resident_Transient","R-T",1,0.520422,0.427289,0.052289,-0.164627155447794
"324","1179_9907",0.00967127298255528,0.0147580262858969,0,"1179","9907","Male","Male","Male_Male","M-M",37,37,0,"Transient","Transient","Transient_Transient","T-T",1,0.56779,0.405188,0.027022,-1.05521125513437
"325","1179_9911",0.00945485924029955,0.01570700297183,0,"1179","9911","Male","Male","Male_Male","M-M",37,37,0,"Transient","Resident","Resident_Transient","R-T",1,0.576411,0.399965,0.023624,-1.05521125513437
"326","118_120",0.0359924133848781,0.0391786415450554,1,"118","120","Male","Male","Male_Male","M-M",44,44,0,"Resident","Resident","Resident_Resident","R-R",2,0.141895,0.679897,0.178208,-1.05521125513437
"327","118_124",0.0100523026487872,0.0174565994581359,0,"118","124","Male","Male","Male_Male","M-M",44,44,0,"Resident","Resident","Resident_Resident","R-R",1,0.56779,0.405188,0.027022,-1.05521125513437
"328","118_1292",0.010586342038901,0.0186485738624663,0,"118","1292","Male","Male","Male_Male","M-M",44,36,8,"Resident","Transient","Resident_Transient","R-T",1,0.54976345023655,0.414957585042415,0.0352789647210353,0.1322342111144
"329","118_1293",0.0120419089608719,0.0244236606073492,0,"118","1293","Male","Male","Male_Male","M-M",44,36,8,"Resident","Transient","Resident_Transient","R-T",1,0.520422,0.427289,0.052289,0.1322342111144
"330","118_1345",0.0129776606383983,0.0243551013841735,0,"118","1345","Male","Male","Male_Male","M-M",44,36,8,"Resident","Transient","Resident_Transient","R-T",1,0.499031,0.433362,0.067607,0.1322342111144
"331","118_1424",0.590847653970616,0.160305373962933,6,"118","1424","Male","Male","Male_Male","M-M",44,35,9,"Resident","Transient","Resident_Transient","R-T",3,9.99999000001e-07,0.000657999342000658,0.999341000658999,0.280664894395497
"332","118_1458",0.0096802396626223,0.0165618286748944,0,"118","1458","Male","Male","Male_Male","M-M",44,35,9,"Resident","Resident","Resident_Resident","R-R",1,0.56779,0.405188,0.027022,0.280664894395497
"333","118_15",0.0119606088707571,0.0232842096018055,0,"118","15","Male","Male","Male_Male","M-M",44,44,0,"Resident","Resident","Resident_Resident","R-R",1,0.520422,0.427289,0.052289,-1.05521125513437
"334","118_16",0.00949964634204885,0.0150916629604424,0,"118","16","Male","Male","Male_Male","M-M",44,43,1,"Resident","Resident","Resident_Resident","R-R",1,0.558915,0.410198,0.030887,-0.906780571853278
"335","118_18",0.00912410444587113,0.0144565140865021,0,"118","18","Male","Male","Male_Male","M-M",44,44,0,"Resident","Resident","Resident_Resident","R-R",1,0.592966,0.38901,0.018024,-1.05521125513437
"336","118_21",0.0114251289962133,0.0201409255377307,0,"118","21","Male","Male","Male_Male","M-M",44,44,0,"Resident","Resident","Resident_Resident","R-R",1,0.530542469457531,0.423551576448424,0.0459059540940459,-1.05521125513437
"337","118_28",0.00884652944018102,0.0140174163599387,0,"118","28","Male","Male","Male_Male","M-M",44,42,2,"Resident","Resident","Resident_Resident","R-R",1,0.600934600934601,0.383335383335383,0.0157300157300157,-0.758349888572181
"338","118_291",0.00920257544324937,0.0142952149640909,0,"118","291","Male","Male","Male_Male","M-M",44,43,1,"Resident","Transient","Resident_Transient","R-T",1,0.576411,0.399965,0.023624,-0.906780571853278
"339","118_3",0.00620274839748288,0.00828735271692869,0,"118","3","Male","Male","Male_Male","M-M",44,45,1,"Resident","Resident","Resident_Resident","R-R",1,0.743398743398743,0.255875255875256,0.000726000726000726,-0.906780571853278
"340","118_33",0.027330748437781,0.0293689732729511,1,"118","33","Male","Male","Male_Male","M-M",44,37,7,"Resident","Resident","Resident_Resident","R-R",2,0.185919,0.732056,0.082025,-0.0161964721666967
"341","118_355",0.012683816251755,0.0238481125610393,0,"118","355","Male","Male","Male_Male","M-M",44,43,1,"Resident","Transient","Resident_Transient","R-T",1,0.509928,0.430579,0.059493,-0.906780571853278
"342","118_37",0.00776002973558791,0.0109185398583902,0,"118","37","Male","Male","Male_Male","M-M",44,44,0,"Resident","Resident","Resident_Resident","R-R",1,0.66559,0.329871,0.004539,-1.05521125513437
"343","118_413",0.0247055085996688,0.0256005239165618,1,"118","413","Male","Male","Male_Male","M-M",44,43,1,"Resident","Resident","Resident_Resident","R-R",2,0.20998,0.739065,0.050955,-0.906780571853278
"344","118_45",0.0248833038317502,0.0176759415998826,2,"118","45","Male","Male","Male_Male","M-M",44,44,0,"Resident","Resident","Resident_Resident","R-R",2,0.096033,0.899531,0.004436,-1.05521125513437
"345","118_452",0.0144989830988559,0.0285644207700871,0,"118","452","Male","Male","Male_Male","M-M",44,43,1,"Resident","Transient","Resident_Transient","R-T",1,0.487705,0.435572,0.076723,-0.906780571853278
"346","118_480",0.00826814605638216,0.0120507959340847,0,"118","480","Male","Male","Male_Male","M-M",44,43,1,"Resident","Resident","Resident_Resident","R-R",1,0.623774,0.365798,0.010428,-0.906780571853278
"347","118_496",0.012016355771009,0.022338385683443,0,"118","496","Male","Male","Male_Male","M-M",44,43,1,"Resident","Transient","Resident_Transient","R-T",1,0.509928,0.430579,0.059493,-0.906780571853278
"348","118_504",0.0127686380428568,0.024035760949147,0,"118","504","Male","Male","Male_Male","M-M",44,43,1,"Resident","Transient","Resident_Transient","R-T",1,0.499031,0.433362,0.067607,-0.906780571853278
"349","118_509",0.0121193721088356,0.0227320204973582,0,"118","509","Male","Male","Male_Male","M-M",44,43,1,"Resident","Resident","Resident_Resident","R-R",1,0.520422,0.427289,0.052289,-0.906780571853278
"350","118_549",0.00783031189987893,0.0119079745904522,0,"118","549","Male","Male","Male_Male","M-M",44,43,1,"Resident","Resident","Resident_Resident","R-R",1,0.638227638227638,0.353859353859354,0.00791300791300791,-0.906780571853278
"351","118_558",0.01044579652949,0.0188412848374622,0,"118","558","Male","Male","Male_Male","M-M",44,43,1,"Resident","Resident","Resident_Resident","R-R",1,0.54976345023655,0.414957585042415,0.0352789647210353,-0.906780571853278
"352","118_562",0.0133105603894269,0.0249364059650878,0,"118","562","Male","Male","Male_Male","M-M",44,43,1,"Resident","Transient","Resident_Transient","R-T",1,0.487705,0.435572,0.076723,-0.906780571853278
"353","118_606",0.0103268675548701,0.0171136279368832,0,"118","606","Male","Male","Male_Male","M-M",44,36,8,"Resident","Resident","Resident_Resident","R-R",1,0.54976345023655,0.414957585042415,0.0352789647210353,0.1322342111144
"354","118_74",0.012885704843653,0.0243838806960595,0,"118","74","Male","Male","Male_Male","M-M",44,43,1,"Resident","Resident","Resident_Resident","R-R",1,0.509928,0.430579,0.059493,-0.906780571853278
"355","118_76",0.0081383110017898,0.0124914983614359,0,"118","76","Male","Male","Male_Male","M-M",44,44,0,"Resident","Resident","Resident_Resident","R-R",1,0.638227638227638,0.353859353859354,0.00791300791300791,-1.05521125513437
"356","118_804",0.0290371365816327,0.0309047711381437,1,"118","804","Male","Male","Male_Male","M-M",44,39,5,"Resident","Resident","Resident_Resident","R-R",2,0.173625,0.723088,0.103287,-0.31305783872889
"357","118_824",0.144095477139094,0.0887051664779507,3,"118","824","Male","Male","Male_Male","M-M",44,39,5,"Resident","Resident","Resident_Resident","R-R",3,0.000546,0.131849,0.867605,-0.31305783872889
"358","118_92",0.00914120032392698,0.0145106456547989,0,"118","92","Male","Male","Male_Male","M-M",44,43,1,"Resident","Resident","Resident_Resident","R-R",1,0.600934600934601,0.383335383335383,0.0157300157300157,-0.906780571853278
"359","118_9907",0.0108110204139676,0.0181012998839841,0,"118","9907","Male","Male","Male_Male","M-M",44,37,7,"Resident","Transient","Resident_Transient","R-T",1,0.558915,0.410198,0.030887,-0.0161964721666967
"360","118_9911",0.00843426204790716,0.0134805548836682,0,"118","9911","Male","Male","Male_Male","M-M",44,37,7,"Resident","Resident","Resident_Resident","R-R",1,0.631071,0.359843,0.009086,-0.0161964721666967
"361","120_124",0.00908677885312141,0.0149150376523912,0,"120","124","Male","Male","Male_Male","M-M",44,44,0,"Resident","Resident","Resident_Resident","R-R",1,0.600934600934601,0.383335383335383,0.0157300157300157,-1.05521125513437
"362","120_1292",0.0101479811828559,0.0163570579259607,0,"120","1292","Male","Male","Male_Male","M-M",44,36,8,"Resident","Transient","Resident_Transient","R-T",1,0.558915,0.410198,0.030887,0.1322342111144
"363","120_1293",0.0117727265258732,0.0228412623491985,0,"120","1293","Male","Male","Male_Male","M-M",44,36,8,"Resident","Transient","Resident_Transient","R-T",1,0.530542469457531,0.423551576448424,0.0459059540940459,0.1322342111144
"364","120_1345",0.0115698624415654,0.0214961957971579,0,"120","1345","Male","Male","Male_Male","M-M",44,36,8,"Resident","Transient","Resident_Transient","R-T",1,0.509928,0.430579,0.059493,0.1322342111144
"365","120_1424",0.0110185044251963,0.0197071338775834,0,"120","1424","Male","Male","Male_Male","M-M",44,35,9,"Resident","Transient","Resident_Transient","R-T",1,0.54031454031454,0.419424419424419,0.0402610402610403,0.280664894395497
"366","120_1458",0.00689295173752495,0.00986741454424926,0,"120","1458","Male","Male","Male_Male","M-M",44,35,9,"Resident","Resident","Resident_Resident","R-R",1,0.709388,0.288913,0.001699,0.280664894395497
"367","120_15",0.0115903213782321,0.020779523118222,0,"120","15","Male","Male","Male_Male","M-M",44,44,0,"Resident","Resident","Resident_Resident","R-R",1,0.530542469457531,0.423551576448424,0.0459059540940459,-1.05521125513437
"368","120_16",0.0507732298763784,0.039733416488372,2,"120","16","Male","Male","Male_Male","M-M",44,43,1,"Resident","Resident","Resident_Resident","R-R",2,0.028876,0.721786,0.249338,-0.906780571853278
"369","120_1676",0.0271626163489023,0.0270749487712177,1,"120","1676","Male","Male","Male_Male","M-M",44,34,10,"Resident","Resident","Resident_Resident","R-R",2,0.185919,0.732056,0.082025,0.429095577676594
"370","120_1696",0.0113364372465893,0.020914793433387,0,"120","1696","Male","Male","Male_Male","M-M",44,34,10,"Resident","Transient","Resident_Transient","R-T",1,0.520422,0.427289,0.052289,0.429095577676594
"371","120_1739",0.00742639933670694,0.0110696911299814,0,"120","1739","Male","Male","Male_Male","M-M",44,32,12,"Resident","Resident","Resident_Resident","R-R",1,0.672145,0.323908,0.003947,0.725956944238787
"372","120_1779",0.00892423717158711,0.0141619420688432,0,"120","1779","Male","Male","Male_Male","M-M",44,31,13,"Resident","Resident","Resident_Resident","R-R",1,0.600934600934601,0.383335383335383,0.0157300157300157,0.874387627519884
"373","120_18",0.00843125566645052,0.0126768192863986,0,"120","18","Male","Male","Male_Male","M-M",44,44,0,"Resident","Resident","Resident_Resident","R-R",1,0.623774,0.365798,0.010428,-1.05521125513437
"374","120_1829",0.00902711110010284,0.0138737979456506,0,"120","1829","Male","Male","Male_Male","M-M",44,31,13,"Resident","Resident","Resident_Resident","R-R",1,0.592966,0.38901,0.018024,0.874387627519884
"375","120_1924",0.0122307865740665,0.023410238141699,0,"120","1924","Male","Male","Male_Male","M-M",44,31,13,"Resident","Transient","Resident_Transient","R-T",1,0.509928,0.430579,0.059493,0.874387627519884
"376","120_1966",0.010518799742808,0.0180523878216116,0,"120","1966","Male","Male","Male_Male","M-M",44,31,13,"Resident","Transient","Resident_Transient","R-T",1,0.558915,0.410198,0.030887,0.874387627519884
"377","120_2028",0.00666579560851991,0.00920770839130681,0,"120","2028","Male","Male","Male_Male","M-M",44,31,13,"Resident","Resident","Resident_Resident","R-R",1,0.709388,0.288913,0.001699,0.874387627519884
"378","120_2048",0.0079637473147616,0.0120771257967384,0,"120","2048","Male","Male","Male_Male","M-M",44,31,13,"Resident","Resident","Resident_Resident","R-R",1,0.638227638227638,0.353859353859354,0.00791300791300791,0.874387627519884
"379","120_21",0.011056303174725,0.0206469758033617,0,"120","21","Male","Male","Male_Male","M-M",44,44,0,"Resident","Resident","Resident_Resident","R-R",1,0.54031454031454,0.419424419424419,0.0402610402610403,-1.05521125513437
"380","120_2102",0.0597705705698219,0.0463081974695008,2,"120","2102","Male","Male","Male_Male","M-M",44,34,10,"Resident","Resident","Resident_Resident","R-R",2,0.0223900223900224,0.626105626105626,0.351504351504351,0.429095577676594
"381","120_2232",0.0117867030342107,0.0217332706902534,0,"120","2232","Male","Male","Male_Male","M-M",44,30,14,"Resident","Transient","Resident_Transient","R-T",1,0.520422,0.427289,0.052289,1.02281831080098
"382","120_2233",0.0114413193542345,0.0207523478813859,0,"120","2233","Male","Male","Male_Male","M-M",44,30,14,"Resident","Transient","Resident_Transient","R-T",1,0.530542469457531,0.423551576448424,0.0459059540940459,1.02281831080098
"383","120_28",0.0204531742305453,0.0202659705190551,1,"120","28","Male","Male","Male_Male","M-M",44,42,2,"Resident","Resident","Resident_Resident","R-R",2,0.251409,0.72716,0.021431,-0.758349888572181
"384","120_291",0.010013845950438,0.0159281274551863,0,"120","291","Male","Male","Male_Male","M-M",44,43,1,"Resident","Transient","Resident_Transient","R-T",1,0.576411,0.399965,0.023624,-0.906780571853278
"385","120_293",0.00904320619955643,0.0148972875694007,0,"120","293","Male","Male","Male_Male","M-M",44,32,12,"Resident","Resident","Resident_Resident","R-R",1,0.600934600934601,0.383335383335383,0.0157300157300157,0.725956944238787
"386","120_3",0.0278376921313684,0.0204703723194708,2,"120","3","Male","Male","Male_Male","M-M",44,45,1,"Resident","Resident","Resident_Resident","R-R",2,0.077667,0.910474,0.011859,-0.906780571853278
"387","120_3009",0.00752005107160591,0.0112729870915287,0,"120","3009","Male","Male","Male_Male","M-M",44,27,17,"Resident","Resident","Resident_Resident","R-R",1,0.672145,0.323908,0.003947,1.46811036064427
"388","120_3012",0.00828132361332807,0.0126733027244964,0,"120","3012","Male","Male","Male_Male","M-M",44,27,17,"Resident","Resident","Resident_Resident","R-R",1,0.638227638227638,0.353859353859354,0.00791300791300791,1.46811036064427
"389","120_3098",0.00944557782873199,0.0161053779490763,0,"120","3098","Male","Male","Male_Male","M-M",44,27,17,"Resident","Resident","Resident_Resident","R-R",1,0.600934600934601,0.383335383335383,0.0157300157300157,1.46811036064427
"390","120_33",0.0205944644376781,0.0206296724651256,1,"120","33","Male","Male","Male_Male","M-M",44,37,7,"Resident","Resident","Resident_Resident","R-R",2,0.251409,0.72716,0.021431,-0.0161964721666967
"391","120_355",0.0119565105806198,0.0222971801884834,0,"120","355","Male","Male","Male_Male","M-M",44,43,1,"Resident","Transient","Resident_Transient","R-T",1,0.509928,0.430579,0.059493,-0.906780571853278
"392","120_37",0.00603178906556862,0.00815257561484876,0,"120","37","Male","Male","Male_Male","M-M",44,44,0,"Resident","Resident","Resident_Resident","R-R",1,0.764403,0.235186,0.000411,-1.05521125513437
"393","120_4104",0.0112324073175385,0.0206870574884607,0,"120","4104","Male","Male","Male_Male","M-M",44,26,18,"Resident","Resident","Resident_Resident","R-R",1,0.530542469457531,0.423551576448424,0.0459059540940459,1.61654104392537
"394","120_413",0.00706796001994813,0.0103835044786426,0,"120","413","Male","Male","Male_Male","M-M",44,43,1,"Resident","Resident","Resident_Resident","R-R",1,0.703415,0.294628,0.001957,-0.906780571853278
"395","120_45",0.0101364906766378,0.00907508369299982,1,"120","45","Male","Male","Male_Male","M-M",44,44,0,"Resident","Resident","Resident_Resident","R-R",1,0.637483,0.362508,9e-06,-1.05521125513437
"396","120_452",0.0130245501209182,0.0247428143166301,0,"120","452","Male","Male","Male_Male","M-M",44,43,1,"Resident","Transient","Resident_Transient","R-T",1,0.487705,0.435572,0.076723,-0.906780571853278
"397","120_480",0.0350145156324896,0.0255645395535134,2,"120","480","Male","Male","Male_Male","M-M",44,43,1,"Resident","Resident","Resident_Resident","R-R",2,0.054554,0.895385,0.050061,-0.906780571853278
"398","120_496",0.0120804760687692,0.022103387513864,0,"120","496","Male","Male","Male_Male","M-M",44,43,1,"Resident","Transient","Resident_Transient","R-T",1,0.509928,0.430579,0.059493,-0.906780571853278
"399","120_5001",0.0124738448935593,0.0244977297451352,0,"120","5001","Male","Male","Male_Male","M-M",44,22,22,"Resident","Resident","Resident_Resident","R-R",1,0.509928,0.430579,0.059493,2.21026377704976
"400","120_5003",0.00756573558116244,0.0117817656739777,0,"120","5003","Male","Male","Male_Male","M-M",44,23,21,"Resident","Resident","Resident_Resident","R-R",1,0.652147347852652,0.341855658144342,0.005996994003006,2.06183309376866
"401","120_5018",0.00908491566724759,0.0146293310417939,0,"120","5018","Male","Male","Male_Male","M-M",44,22,22,"Resident","Resident","Resident_Resident","R-R",1,0.592966,0.38901,0.018024,2.21026377704976
"402","120_5019",0.0093727264351076,0.0152250768685309,0,"120","5019","Male","Male","Male_Male","M-M",44,23,21,"Resident","Resident","Resident_Resident","R-R",1,0.592966,0.38901,0.018024,2.06183309376866
"403","120_5031",0.00784740691130883,0.0112323305773524,0,"120","5031","Male","Male","Male_Male","M-M",44,23,21,"Resident","Resident","Resident_Resident","R-R",1,0.66559,0.329871,0.004539,2.06183309376866
"404","120_5036",0.00872573372523448,0.013377122861844,0,"120","5036","Male","Male","Male_Male","M-M",44,23,21,"Resident","Resident","Resident_Resident","R-R",1,0.616326,0.371709,0.011965,2.06183309376866
"405","120_504",0.0135891500010502,0.0266967313942686,0,"120","504","Male","Male","Male_Male","M-M",44,43,1,"Resident","Transient","Resident_Transient","R-T",1,0.499031,0.433362,0.067607,-0.906780571853278
"406","120_5044",0.00878683864011138,0.0132515662057895,0,"120","5044","Male","Male","Male_Male","M-M",44,23,21,"Resident","Resident","Resident_Resident","R-R",1,0.600934600934601,0.383335383335383,0.0157300157300157,2.06183309376866
"407","120_5049",0.011102253568745,0.0195300564701193,0,"120","5049","Male","Male","Male_Male","M-M",44,22,22,"Resident","Transient","Resident_Transient","R-T",1,0.54031454031454,0.419424419424419,0.0402610402610403,2.21026377704976
"408","120_5061",0.00994904452164319,0.0160875962027496,0,"120","5061","Male","Male","Male_Male","M-M",44,22,22,"Resident","Resident","Resident_Resident","R-R",1,0.54976345023655,0.414957585042415,0.0352789647210353,2.21026377704976
"409","120_5068",0.0106189104979333,0.0194400579179284,0,"120","5068","Male","Male","Male_Male","M-M",44,22,22,"Resident","Resident","Resident_Resident","R-R",1,0.54976345023655,0.414957585042415,0.0352789647210353,2.21026377704976
"410","120_5069",0.00804438709226872,0.0119250393543624,0,"120","5069","Male","Male","Male_Male","M-M",44,23,21,"Resident","Resident","Resident_Resident","R-R",1,0.631071,0.359843,0.009086,2.06183309376866
"411","120_5071",0.00955065433330064,0.0154439338029938,0,"120","5071","Male","Male","Male_Male","M-M",44,22,22,"Resident","Resident","Resident_Resident","R-R",1,0.576411,0.399965,0.023624,2.21026377704976
"412","120_5075",0.00787491765943598,0.0116565547414165,0,"120","5075","Male","Male","Male_Male","M-M",44,23,21,"Resident","Resident","Resident_Resident","R-R",1,0.64525,0.34786,0.00689,2.06183309376866
"413","120_509",0.010547836287528,0.0176812257745901,0,"120","509","Male","Male","Male_Male","M-M",44,43,1,"Resident","Resident","Resident_Resident","R-R",1,0.54976345023655,0.414957585042415,0.0352789647210353,-0.906780571853278
"414","120_5109",0.011567762556794,0.0195005592769109,0,"120","5109","Male","Male","Male_Male","M-M",44,23,21,"Resident","Resident","Resident_Resident","R-R",1,0.530542469457531,0.423551576448424,0.0459059540940459,2.06183309376866
"415","120_5137",0.0123536964932926,0.0243758073460312,0,"120","5137","Male","Male","Male_Male","M-M",44,23,21,"Resident","Resident","Resident_Resident","R-R",1,0.509928,0.430579,0.059493,2.06183309376866
"416","120_5158",0.00881531550234821,0.0134892040633521,0,"120","5158","Male","Male","Male_Male","M-M",44,23,21,"Resident","Resident","Resident_Resident","R-R",1,0.608717,0.377561,0.013722,2.06183309376866
"417","120_5161",0.00929482997940363,0.0141386568247732,0,"120","5161","Male","Male","Male_Male","M-M",44,23,21,"Resident","Resident","Resident_Resident","R-R",1,0.576411,0.399965,0.023624,2.06183309376866
"418","120_5165",0.0399318883806659,0.0446676443598112,1,"120","5165","Male","Male","Male_Male","M-M",44,23,21,"Resident","Resident","Resident_Resident","R-R",2,0.128842,0.65297,0.218188,2.06183309376866
"419","120_5194",0.0130348376194284,0.0245207059842565,0,"120","5194","Male","Male","Male_Male","M-M",44,22,22,"Resident","Resident","Resident_Resident","R-R",1,0.509928,0.430579,0.059493,2.21026377704976
"420","120_549",0.00691512213969797,0.0100059968211374,0,"120","549","Male","Male","Male_Male","M-M",44,43,1,"Resident","Resident","Resident_Resident","R-R",1,0.697351302648697,0.3003956996043,0.00225299774700225,-0.906780571853278
"421","120_558",0.00886626660679029,0.0135695758223267,0,"120","558","Male","Male","Male_Male","M-M",44,43,1,"Resident","Resident","Resident_Resident","R-R",1,0.608717,0.377561,0.013722,-0.906780571853278
"422","120_562",0.0139849843836454,0.0305223626742142,0,"120","562","Male","Male","Male_Male","M-M",44,43,1,"Resident","Transient","Resident_Transient","R-T",1,0.487705,0.435572,0.076723,-0.906780571853278
"423","120_6000",0.0115536563711401,0.0224564759093783,0,"120","6000","Male","Male","Male_Male","M-M",44,20,24,"Resident","Transient","Resident_Transient","R-T",1,0.530542469457531,0.423551576448424,0.0459059540940459,2.50712514361195
"424","120_6001",0.011150474836255,0.0190050762469594,0,"120","6001","Male","Male","Male_Male","M-M",44,20,24,"Resident","Transient","Resident_Transient","R-T",1,0.530542469457531,0.423551576448424,0.0459059540940459,2.50712514361195
"425","120_6003",0.0102785769191362,0.0173819835568773,0,"120","6003","Male","Male","Male_Male","M-M",44,20,24,"Resident","Resident","Resident_Resident","R-R",1,0.54976345023655,0.414957585042415,0.0352789647210353,2.50712514361195
"426","120_6005",0.0119485330993217,0.021856065896301,0,"120","6005","Male","Male","Male_Male","M-M",44,20,24,"Resident","Transient","Resident_Transient","R-T",1,0.509928,0.430579,0.059493,2.50712514361195
"427","120_6014",0.0116104653807473,0.0207996639557961,0,"120","6014","Male","Male","Male_Male","M-M",44,20,24,"Resident","Transient","Resident_Transient","R-T",1,0.520422,0.427289,0.052289,2.50712514361195
"428","120_6016",0.010284236838691,0.0174700174924776,0,"120","6016","Male","Male","Male_Male","M-M",44,20,24,"Resident","Resident","Resident_Resident","R-R",1,0.54031454031454,0.419424419424419,0.0402610402610403,2.50712514361195
"429","120_6017",0.0122564477700373,0.0226510966435635,0,"120","6017","Male","Male","Male_Male","M-M",44,20,24,"Resident","Resident","Resident_Resident","R-R",1,0.520422,0.427289,0.052289,2.50712514361195
"430","120_606",0.120837259190517,0.0631038558773005,4,"120","606","Male","Male","Male_Male","M-M",44,36,8,"Resident","Resident","Resident_Resident","R-R",3,8.2e-05,0.103379,0.896539,0.1322342111144
"431","120_74",0.011891797158656,0.0209667894199764,0,"120","74","Male","Male","Male_Male","M-M",44,43,1,"Resident","Resident","Resident_Resident","R-R",1,0.509928,0.430579,0.059493,-0.906780571853278
"432","120_76",0.0332640889165078,0.0249113995483083,2,"120","76","Male","Male","Male_Male","M-M",44,44,0,"Resident","Resident","Resident_Resident","R-R",2,0.0581460581460581,0.902282902282902,0.0395710395710396,-1.05521125513437
"433","120_804",0.0379097380924333,0.0283967536171153,2,"120","804","Male","Male","Male_Male","M-M",44,39,5,"Resident","Resident","Resident_Resident","R-R",2,0.047552,0.873113,0.079335,-0.31305783872889
"434","120_824",0.0387399107960633,0.029920587313752,2,"120","824","Male","Male","Male_Male","M-M",44,39,5,"Resident","Resident","Resident_Resident","R-R",2,0.0458280458280458,0.865388865388865,0.0887830887830888,-0.31305783872889
"435","120_92",0.00634271856975015,0.00890443003605596,0,"120","92","Male","Male","Male_Male","M-M",44,43,1,"Resident","Resident","Resident_Resident","R-R",1,0.743398743398743,0.255875255875256,0.000726000726000726,-0.906780571853278
"436","120_9907",0.00989989095513451,0.0158198370343437,0,"120","9907","Male","Male","Male_Male","M-M",44,37,7,"Resident","Transient","Resident_Transient","R-T",1,0.576411,0.399965,0.023624,-0.0161964721666967
"437","120_9911",0.0260559881724428,0.0283608449412454,1,"120","9911","Male","Male","Male_Male","M-M",44,37,7,"Resident","Resident","Resident_Resident","R-R",2,0.191992,0.735062,0.072946,-0.0161964721666967
"438","124_1292",0.0101083119062982,0.0165085918654375,0,"124","1292","Male","Male","Male_Male","M-M",44,36,8,"Resident","Transient","Resident_Transient","R-T",1,0.558915,0.410198,0.030887,0.1322342111144
"439","124_1293",0.0114172257714667,0.0199910845011478,0,"124","1293","Male","Male","Male_Male","M-M",44,36,8,"Resident","Transient","Resident_Transient","R-T",1,0.530542469457531,0.423551576448424,0.0459059540940459,0.1322342111144
"440","124_1345",0.0120109401870712,0.0217706328034076,0,"124","1345","Male","Male","Male_Male","M-M",44,36,8,"Resident","Transient","Resident_Transient","R-T",1,0.509928,0.430579,0.059493,0.1322342111144
"441","124_15",0.0120711015688356,0.0223604799292836,0,"124","15","Male","Male","Male_Male","M-M",44,44,0,"Resident","Resident","Resident_Resident","R-R",1,0.530542469457531,0.423551576448424,0.0459059540940459,-1.05521125513437
"442","124_16",0.0104363495503132,0.0179101154627315,0,"124","16","Male","Male","Male_Male","M-M",44,43,1,"Resident","Resident","Resident_Resident","R-R",1,0.558915,0.410198,0.030887,-0.906780571853278
"443","124_18",0.0265652894049442,0.0270908067254092,1,"124","18","Male","Male","Male_Male","M-M",44,44,0,"Resident","Resident","Resident_Resident","R-R",2,0.185919,0.732056,0.082025,-1.05521125513437
"444","124_21",0.0108681317599136,0.0185919283462206,0,"124","21","Male","Male","Male_Male","M-M",44,44,0,"Resident","Resident","Resident_Resident","R-R",1,0.54031454031454,0.419424419424419,0.0402610402610403,-1.05521125513437
"445","124_28",0.00911125749817539,0.0142539030493095,0,"124","28","Male","Male","Male_Male","M-M",44,42,2,"Resident","Resident","Resident_Resident","R-R",1,0.608717,0.377561,0.013722,-0.758349888572181
"446","124_291",0.00947991577784073,0.0154029387863467,0,"124","291","Male","Male","Male_Male","M-M",44,43,1,"Resident","Transient","Resident_Transient","R-T",1,0.576411,0.399965,0.023624,-0.906780571853278
"447","124_3",0.00770203454960963,0.0114943114241882,0,"124","3","Male","Male","Male_Male","M-M",44,45,1,"Resident","Resident","Resident_Resident","R-R",1,0.66559,0.329871,0.004539,-0.906780571853278
"448","124_33",0.0438383132919785,0.0492359916348779,1,"124","33","Male","Male","Male_Male","M-M",44,37,7,"Resident","Resident","Resident_Resident","R-R",2,0.11569,0.620142,0.264168,-0.0161964721666967
"449","124_355",0.0120366512413923,0.0227968413807851,0,"124","355","Male","Male","Male_Male","M-M",44,43,1,"Resident","Transient","Resident_Transient","R-T",1,0.509928,0.430579,0.059493,-0.906780571853278
"450","124_37",0.0607574077321861,0.0467062266258719,2,"124","37","Male","Male","Male_Male","M-M",44,44,0,"Resident","Resident","Resident_Resident","R-R",2,0.020839,0.599285,0.379876,-1.05521125513437
"451","124_413",0.120114622893575,0.0763365727848499,3,"124","413","Male","Male","Male_Male","M-M",44,43,1,"Resident","Resident","Resident_Resident","R-R",3,0.000807000807000807,0.179337179337179,0.81985581985582,-0.906780571853278
"452","124_45",0.00576752296708106,0.00761128193655424,0,"124","45","Male","Male","Male_Male","M-M",44,44,0,"Resident","Resident","Resident_Resident","R-R",1,0.784116,0.215652,0.000232,-1.05521125513437
"453","124_452",0.0145426055901706,0.0320896195244625,0,"124","452","Male","Male","Male_Male","M-M",44,43,1,"Resident","Transient","Resident_Transient","R-T",1,0.487705,0.435572,0.076723,-0.906780571853278
"454","124_480",0.0306139944625665,0.0315830327792341,1,"124","480","Male","Male","Male_Male","M-M",44,43,1,"Resident","Resident","Resident_Resident","R-R",2,0.161107,0.709664,0.129229,-0.906780571853278
"455","124_496",0.0125874381861347,0.0227937232873651,0,"124","496","Male","Male","Male_Male","M-M",44,43,1,"Resident","Transient","Resident_Transient","R-T",1,0.509928,0.430579,0.059493,-0.906780571853278
"456","124_504",0.0123333174764566,0.0241555542916986,0,"124","504","Male","Male","Male_Male","M-M",44,43,1,"Resident","Transient","Resident_Transient","R-T",1,0.499031,0.433362,0.067607,-0.906780571853278
"457","124_509",0.00957934013686639,0.0156257024720055,0,"124","509","Male","Male","Male_Male","M-M",44,43,1,"Resident","Resident","Resident_Resident","R-R",1,0.576411,0.399965,0.023624,-0.906780571853278
"458","124_549",0.0297608093719078,0.0312357887073288,1,"124","549","Male","Male","Male_Male","M-M",44,43,1,"Resident","Resident","Resident_Resident","R-R",2,0.167395167395167,0.716971716971717,0.115633115633116,-0.906780571853278
"459","124_558",0.0103030743977202,0.0171632674407826,0,"124","558","Male","Male","Male_Male","M-M",44,43,1,"Resident","Resident","Resident_Resident","R-R",1,0.54976345023655,0.414957585042415,0.0352789647210353,-0.906780571853278
"460","124_562",0.013757905639856,0.025702363308672,0,"124","562","Male","Male","Male_Male","M-M",44,43,1,"Resident","Transient","Resident_Transient","R-T",1,0.487705,0.435572,0.076723,-0.906780571853278
"461","124_606",0.0141216750411181,0.0290907372159637,0,"124","606","Male","Male","Male_Male","M-M",44,36,8,"Resident","Resident","Resident_Resident","R-R",1,0.499031,0.433362,0.067607,0.1322342111144
"462","124_74",0.0121487464114693,0.0231019060495009,0,"124","74","Male","Male","Male_Male","M-M",44,43,1,"Resident","Resident","Resident_Resident","R-R",1,0.509928,0.430579,0.059493,-0.906780571853278
"463","124_76",0.00783566090246832,0.0112792942742977,0,"124","76","Male","Male","Male_Male","M-M",44,44,0,"Resident","Resident","Resident_Resident","R-R",1,0.64525,0.34786,0.00689,-1.05521125513437
"464","124_804",0.0358309140452761,0.0386047412923103,1,"124","804","Male","Male","Male_Male","M-M",44,39,5,"Resident","Resident","Resident_Resident","R-R",2,0.141895,0.679897,0.178208,-0.31305783872889
"465","124_824",0.102210674742535,0.080973381755803,2,"124","824","Male","Male","Male_Male","M-M",44,39,5,"Resident","Resident","Resident_Resident","R-R",3,0.00926,0.342775,0.647965,-0.31305783872889
"466","124_92",0.00926852102445323,0.0149809639361313,0,"124","92","Male","Male","Male_Male","M-M",44,43,1,"Resident","Resident","Resident_Resident","R-R",1,0.600934600934601,0.383335383335383,0.0157300157300157,-0.906780571853278
"467","124_9907",0.0091045171698611,0.0147061849251337,0,"124","9907","Male","Male","Male_Male","M-M",44,37,7,"Resident","Transient","Resident_Transient","R-T",1,0.592966,0.38901,0.018024,-0.0161964721666967
"468","124_9911",0.00855810433915485,0.0133482089379293,0,"124","9911","Male","Male","Male_Male","M-M",44,37,7,"Resident","Resident","Resident_Resident","R-R",1,0.623774,0.365798,0.010428,-0.0161964721666967
"469","1292_1293",0.180540022178022,0.106103188275484,3,"1292","1293","Male","Male","Male_Male","M-M",36,36,0,"Transient","Transient","Transient_Transient","T-T",3,0.000363,0.095462,0.904175,-1.05521125513437
"470","1292_1345",0.00964601862453782,0.0151709270718073,0,"1292","1345","Male","Male","Male_Male","M-M",36,36,0,"Transient","Transient","Transient_Transient","T-T",1,0.56779,0.405188,0.027022,-1.05521125513437
"471","1292_16",0.0108996206929198,0.0184980837311186,0,"1292","16","Male","Male","Male_Male","M-M",36,43,7,"Transient","Resident","Resident_Transient","R-T",1,0.54976345023655,0.414957585042415,0.0352789647210353,-0.0161964721666967
"472","1292_18",0.0101916002262853,0.0170839617600245,0,"1292","18","Male","Male","Male_Male","M-M",36,44,8,"Transient","Resident","Resident_Transient","R-T",1,0.56779,0.405188,0.027022,0.1322342111144
"473","1292_28",0.00938868923517711,0.0147055767948083,0,"1292","28","Male","Male","Male_Male","M-M",36,42,6,"Transient","Resident","Resident_Transient","R-T",1,0.576411,0.399965,0.023624,-0.164627155447794
"474","1292_3",0.010428885200054,0.0176537589256471,0,"1292","3","Male","Male","Male_Male","M-M",36,45,9,"Transient","Resident","Resident_Transient","R-T",1,0.54976345023655,0.414957585042415,0.0352789647210353,0.280664894395497
"475","1292_33",0.0109191136773863,0.0190142210137035,0,"1292","33","Male","Male","Male_Male","M-M",36,37,1,"Transient","Resident","Resident_Transient","R-T",1,0.54976345023655,0.414957585042415,0.0352789647210353,-0.906780571853278
"476","1292_37",0.00998980713382507,0.015776674163,0,"1292","37","Male","Male","Male_Male","M-M",36,44,8,"Transient","Resident","Resident_Transient","R-T",1,0.558915,0.410198,0.030887,0.1322342111144
"477","1292_413",0.00918168882984536,0.0141057732089186,0,"1292","413","Male","Male","Male_Male","M-M",36,43,7,"Transient","Resident","Resident_Transient","R-T",1,0.592966,0.38901,0.018024,-0.0161964721666967
"478","1292_45",0.0325618915659315,0.0351984601081065,1,"1292","45","Male","Male","Male_Male","M-M",36,44,8,"Transient","Resident","Resident_Transient","R-T",2,0.15476,0.701092,0.144148,0.1322342111144
"479","1292_480",0.0100276497687428,0.0160206341574152,0,"1292","480","Male","Male","Male_Male","M-M",36,43,7,"Transient","Resident","Resident_Transient","R-T",1,0.576411,0.399965,0.023624,-0.0161964721666967
"480","1292_509",0.0103966566338921,0.0175844569644352,0,"1292","509","Male","Male","Male_Male","M-M",36,43,7,"Transient","Resident","Resident_Transient","R-T",1,0.56779,0.405188,0.027022,-0.0161964721666967
"481","1292_549",0.0111791124107692,0.0203287012046255,0,"1292","549","Male","Male","Male_Male","M-M",36,43,7,"Transient","Resident","Resident_Transient","R-T",1,0.54976345023655,0.414957585042415,0.0352789647210353,-0.0161964721666967
"482","1292_558",0.0104094273526589,0.0179288526994319,0,"1292","558","Male","Male","Male_Male","M-M",36,43,7,"Transient","Resident","Resident_Transient","R-T",1,0.54976345023655,0.414957585042415,0.0352789647210353,-0.0161964721666967
"483","1292_606",0.0102783397495412,0.0180495209122526,0,"1292","606","Male","Male","Male_Male","M-M",36,36,0,"Transient","Resident","Resident_Transient","R-T",1,0.558915,0.410198,0.030887,-1.05521125513437
"484","1292_76",0.0104111405263423,0.0174305854946635,0,"1292","76","Male","Male","Male_Male","M-M",36,44,8,"Transient","Resident","Resident_Transient","R-T",1,0.558915,0.410198,0.030887,0.1322342111144
"485","1292_804",0.0094442118862518,0.0165499645551106,0,"1292","804","Male","Male","Male_Male","M-M",36,39,3,"Transient","Resident","Resident_Transient","R-T",1,0.576411,0.399965,0.023624,-0.609919205291084
"486","1292_824",0.0102246920223255,0.0158306874483999,0,"1292","824","Male","Male","Male_Male","M-M",36,39,3,"Transient","Resident","Resident_Transient","R-T",1,0.558915,0.410198,0.030887,-0.609919205291084
"487","1292_92",0.00997685551815389,0.0160670658582345,0,"1292","92","Male","Male","Male_Male","M-M",36,43,7,"Transient","Resident","Resident_Transient","R-T",1,0.576411,0.399965,0.023624,-0.0161964721666967
"488","1292_9911",0.00959645568003517,0.0149414286713775,0,"1292","9911","Male","Male","Male_Male","M-M",36,37,1,"Transient","Resident","Resident_Transient","R-T",1,0.56779,0.405188,0.027022,-0.906780571853278
"489","1293_1345",0.0108767990720367,0.017941887715757,0,"1293","1345","Male","Male","Male_Male","M-M",36,36,0,"Transient","Transient","Transient_Transient","T-T",1,0.54031454031454,0.419424419424419,0.0402610402610403,-1.05521125513437
"490","1293_16",0.0113595043162275,0.020550279076403,0,"1293","16","Male","Male","Male_Male","M-M",36,43,7,"Transient","Resident","Resident_Transient","R-T",1,0.520422,0.427289,0.052289,-0.0161964721666967
"491","1293_18",0.0107212387750559,0.0175698516478126,0,"1293","18","Male","Male","Male_Male","M-M",36,44,8,"Transient","Resident","Resident_Transient","R-T",1,0.54031454031454,0.419424419424419,0.0402610402610403,0.1322342111144
"492","1293_28",0.0107208542697618,0.0179398714449925,0,"1293","28","Male","Male","Male_Male","M-M",36,42,6,"Transient","Resident","Resident_Transient","R-T",1,0.54976345023655,0.414957585042415,0.0352789647210353,-0.164627155447794
"493","1293_3",0.012403614880413,0.0241189564051467,0,"1293","3","Male","Male","Male_Male","M-M",36,45,9,"Transient","Resident","Resident_Transient","R-T",1,0.520422,0.427289,0.052289,0.280664894395497
"494","1293_33",0.0124437841481264,0.0241716351183968,0,"1293","33","Male","Male","Male_Male","M-M",36,37,1,"Transient","Resident","Resident_Transient","R-T",1,0.520422,0.427289,0.052289,-0.906780571853278
"495","1293_37",0.0113316706668839,0.0195235247641944,0,"1293","37","Male","Male","Male_Male","M-M",36,44,8,"Transient","Resident","Resident_Transient","R-T",1,0.530542469457531,0.423551576448424,0.0459059540940459,0.1322342111144
"496","1293_413",0.00963216868598692,0.0155495678298251,0,"1293","413","Male","Male","Male_Male","M-M",36,43,7,"Transient","Resident","Resident_Transient","R-T",1,0.56779,0.405188,0.027022,-0.0161964721666967
"497","1293_45",0.0376287539896217,0.0408952038552115,1,"1293","45","Male","Male","Male_Male","M-M",36,44,8,"Transient","Resident","Resident_Transient","R-T",2,0.135388,0.667167,0.197445,0.1322342111144
"498","1293_480",0.0102739261261267,0.0173111233548572,0,"1293","480","Male","Male","Male_Male","M-M",36,43,7,"Transient","Resident","Resident_Transient","R-T",1,0.54976345023655,0.414957585042415,0.0352789647210353,-0.0161964721666967
"499","1293_509",0.0113049688809391,0.0203391886863191,0,"1293","509","Male","Male","Male_Male","M-M",36,43,7,"Transient","Resident","Resident_Transient","R-T",1,0.54031454031454,0.419424419424419,0.0402610402610403,-0.0161964721666967
"500","1293_549",0.0124031600606727,0.02423833909239,0,"1293","549","Male","Male","Male_Male","M-M",36,43,7,"Transient","Resident","Resident_Transient","R-T",1,0.520422,0.427289,0.052289,-0.0161964721666967
"501","1293_558",0.011704947493909,0.0207093292223174,0,"1293","558","Male","Male","Male_Male","M-M",36,43,7,"Transient","Resident","Resident_Transient","R-T",1,0.520422,0.427289,0.052289,-0.0161964721666967
"502","1293_606",0.011247061313664,0.0193137178517271,0,"1293","606","Male","Male","Male_Male","M-M",36,36,0,"Transient","Resident","Resident_Transient","R-T",1,0.530542469457531,0.423551576448424,0.0459059540940459,-1.05521125513437
"503","1293_76",0.0110196956509575,0.0208586033310901,0,"1293","76","Male","Male","Male_Male","M-M",36,44,8,"Transient","Resident","Resident_Transient","R-T",1,0.530542469457531,0.423551576448424,0.0459059540940459,0.1322342111144
"504","1293_804",0.011397682880839,0.0205777888491803,0,"1293","804","Male","Male","Male_Male","M-M",36,39,3,"Transient","Resident","Resident_Transient","R-T",1,0.54976345023655,0.414957585042415,0.0352789647210353,-0.609919205291084
"505","1293_824",0.0116100177046874,0.0222766125691322,0,"1293","824","Male","Male","Male_Male","M-M",36,39,3,"Transient","Resident","Resident_Transient","R-T",1,0.530542469457531,0.423551576448424,0.0459059540940459,-0.609919205291084
"506","1293_92",0.0106399200944893,0.0197952014315591,0,"1293","92","Male","Male","Male_Male","M-M",36,43,7,"Transient","Resident","Resident_Transient","R-T",1,0.54976345023655,0.414957585042415,0.0352789647210353,-0.0161964721666967
"507","1293_9911",0.0107471874098593,0.0187829306732317,0,"1293","9911","Male","Male","Male_Male","M-M",36,37,1,"Transient","Resident","Resident_Transient","R-T",1,0.54031454031454,0.419424419424419,0.0402610402610403,-0.906780571853278
"508","1345_16",0.0133234556877517,0.0281480955061963,0,"1345","16","Male","Male","Male_Male","M-M",36,43,7,"Transient","Resident","Resident_Transient","R-T",1,0.499031,0.433362,0.067607,-0.0161964721666967
"509","1345_18",0.0117571726160256,0.0207236840962061,0,"1345","18","Male","Male","Male_Male","M-M",36,44,8,"Transient","Resident","Resident_Transient","R-T",1,0.520422,0.427289,0.052289,0.1322342111144
"510","1345_28",0.0118740615910329,0.0229519234746698,0,"1345","28","Male","Male","Male_Male","M-M",36,42,6,"Transient","Resident","Resident_Transient","R-T",1,0.530542469457531,0.423551576448424,0.0459059540940459,-0.164627155447794
"511","1345_3",0.0134749201624036,0.0267249129362868,0,"1345","3","Male","Male","Male_Male","M-M",36,45,9,"Transient","Resident","Resident_Transient","R-T",1,0.499031,0.433362,0.067607,0.280664894395497
"512","1345_33",0.0128710392966653,0.0251446134016795,0,"1345","33","Male","Male","Male_Male","M-M",36,37,1,"Transient","Resident","Resident_Transient","R-T",1,0.499031,0.433362,0.067607,-0.906780571853278
"513","1345_37",0.0117633905883836,0.0207174876648543,0,"1345","37","Male","Male","Male_Male","M-M",36,44,8,"Transient","Resident","Resident_Transient","R-T",1,0.509928,0.430579,0.059493,0.1322342111144
"514","1345_413",0.0110005808532173,0.0180441953206148,0,"1345","413","Male","Male","Male_Male","M-M",36,43,7,"Transient","Resident","Resident_Transient","R-T",1,0.54976345023655,0.414957585042415,0.0352789647210353,-0.0161964721666967
"515","1345_45",0.00972103903204033,0.0168573622096121,0,"1345","45","Male","Male","Male_Male","M-M",36,44,8,"Transient","Resident","Resident_Transient","R-T",1,0.56779,0.405188,0.027022,0.1322342111144
"516","1345_480",0.0115281182392156,0.020362988023295,0,"1345","480","Male","Male","Male_Male","M-M",36,43,7,"Transient","Resident","Resident_Transient","R-T",1,0.530542469457531,0.423551576448424,0.0459059540940459,-0.0161964721666967
"517","1345_509",0.0119911073851897,0.022166215740039,0,"1345","509","Male","Male","Male_Male","M-M",36,43,7,"Transient","Resident","Resident_Transient","R-T",1,0.520422,0.427289,0.052289,-0.0161964721666967
"518","1345_549",0.012829112162684,0.0253084609362356,0,"1345","549","Male","Male","Male_Male","M-M",36,43,7,"Transient","Resident","Resident_Transient","R-T",1,0.499031,0.433362,0.067607,-0.0161964721666967
"519","1345_558",0.0132849245467842,0.0254818953489372,0,"1345","558","Male","Male","Male_Male","M-M",36,43,7,"Transient","Resident","Resident_Transient","R-T",1,0.499031,0.433362,0.067607,-0.0161964721666967
"520","1345_606",0.0121236459217088,0.0236828198765924,0,"1345","606","Male","Male","Male_Male","M-M",36,36,0,"Transient","Resident","Resident_Transient","R-T",1,0.509928,0.430579,0.059493,-1.05521125513437
"521","1345_76",0.0119931151314455,0.0213157045061937,0,"1345","76","Male","Male","Male_Male","M-M",36,44,8,"Transient","Resident","Resident_Transient","R-T",1,0.509928,0.430579,0.059493,0.1322342111144
"522","1345_804",0.0110964799162184,0.0179877175736437,0,"1345","804","Male","Male","Male_Male","M-M",36,39,3,"Transient","Resident","Resident_Transient","R-T",1,0.530542469457531,0.423551576448424,0.0459059540940459,-0.609919205291084
"523","1345_824",0.0130223596968361,0.0269686044645401,0,"1345","824","Male","Male","Male_Male","M-M",36,39,3,"Transient","Resident","Resident_Transient","R-T",1,0.509928,0.430579,0.059493,-0.609919205291084
"524","1345_92",0.0114985230464,0.020454769078356,0,"1345","92","Male","Male","Male_Male","M-M",36,43,7,"Transient","Resident","Resident_Transient","R-T",1,0.530542469457531,0.423551576448424,0.0459059540940459,-0.0161964721666967
"525","1345_9911",0.0114826121559982,0.0201816786269824,0,"1345","9911","Male","Male","Male_Male","M-M",36,37,1,"Transient","Resident","Resident_Transient","R-T",1,0.520422,0.427289,0.052289,-0.906780571853278
"526","1424_1458",0.0102496660065594,0.016880063828533,0,"1424","1458","Male","Male","Male_Male","M-M",35,35,0,"Transient","Resident","Resident_Transient","R-T",1,0.56779,0.405188,0.027022,-1.05521125513437
"527","1424_16",0.010695198062959,0.0183517979142906,0,"1424","16","Male","Male","Male_Male","M-M",35,43,8,"Transient","Resident","Resident_Transient","R-T",1,0.54031454031454,0.419424419424419,0.0402610402610403,0.1322342111144
"528","1424_28",0.0101453185131138,0.0165720485197048,0,"1424","28","Male","Male","Male_Male","M-M",35,42,7,"Transient","Resident","Resident_Transient","R-T",1,0.54031454031454,0.419424419424419,0.0402610402610403,-0.0161964721666967
"529","1424_3",0.00786075089988527,0.0129399630586136,0,"1424","3","Male","Male","Male_Male","M-M",35,45,10,"Transient","Resident","Resident_Transient","R-T",1,0.652147347852652,0.341855658144342,0.005996994003006,0.429095577676594
"530","1424_33",0.0295306803136498,0.0309920388764521,1,"1424","33","Male","Male","Male_Male","M-M",35,37,2,"Transient","Resident","Resident_Transient","R-T",2,0.167395167395167,0.716971716971717,0.115633115633116,-0.758349888572181
"531","1424_37",0.010128580990535,0.0169328202213664,0,"1424","37","Male","Male","Male_Male","M-M",35,44,9,"Transient","Resident","Resident_Transient","R-T",1,0.576411,0.399965,0.023624,0.280664894395497
"532","1424_413",0.0361215546043975,0.0400448897001436,1,"1424","413","Male","Male","Male_Male","M-M",35,43,8,"Transient","Resident","Resident_Transient","R-T",2,0.141895,0.679897,0.178208,0.1322342111144
"533","1424_45",0.0533259068403031,0.0417054469928487,2,"1424","45","Male","Male","Male_Male","M-M",35,44,9,"Transient","Resident","Resident_Transient","R-T",2,0.027223,0.699821,0.272956,0.280664894395497
"534","1424_480",0.0108765530296571,0.0183166553111738,0,"1424","480","Male","Male","Male_Male","M-M",35,43,8,"Transient","Resident","Resident_Transient","R-T",1,0.54976345023655,0.414957585042415,0.0352789647210353,0.1322342111144
"535","1424_549",0.0104718294669995,0.0181920969193827,0,"1424","549","Male","Male","Male_Male","M-M",35,43,8,"Transient","Resident","Resident_Transient","R-T",1,0.558915,0.410198,0.030887,0.1322342111144
"536","1424_558",0.0108834029707547,0.0189355002508662,0,"1424","558","Male","Male","Male_Male","M-M",35,43,8,"Transient","Resident","Resident_Transient","R-T",1,0.54031454031454,0.419424419424419,0.0402610402610403,0.1322342111144
"537","1424_606",0.0104419647830032,0.0182949368690882,0,"1424","606","Male","Male","Male_Male","M-M",35,36,1,"Transient","Resident","Resident_Transient","R-T",1,0.54031454031454,0.419424419424419,0.0402610402610403,-0.906780571853278
"538","1424_76",0.0108731856876704,0.0190967629073857,0,"1424","76","Male","Male","Male_Male","M-M",35,44,9,"Transient","Resident","Resident_Transient","R-T",1,0.54031454031454,0.419424419424419,0.0402610402610403,0.280664894395497
"539","1424_804",0.0374051076672464,0.0416662535753336,1,"1424","804","Male","Male","Male_Male","M-M",35,39,4,"Transient","Resident","Resident_Transient","R-T",2,0.135388,0.667167,0.197445,-0.461488522009987
"540","1424_824",0.201701366849351,0.120766259943031,3,"1424","824","Male","Male","Male_Male","M-M",35,39,4,"Transient","Resident","Resident_Transient","R-T",3,0.000316,0.085486,0.914198,-0.461488522009987
"541","1424_92",0.0107367133317105,0.0196385511908863,0,"1424","92","Male","Male","Male_Male","M-M",35,43,8,"Transient","Resident","Resident_Transient","R-T",1,0.54031454031454,0.419424419424419,0.0402610402610403,0.1322342111144
"542","1424_9911",0.0106576847156145,0.0177558040350899,0,"1424","9911","Male","Male","Male_Male","M-M",35,37,2,"Transient","Resident","Resident_Transient","R-T",1,0.54031454031454,0.419424419424419,0.0402610402610403,-0.758349888572181
"543","1458_16",0.091846182750539,0.0567944098097537,3,"1458","16","Male","Male","Male_Male","M-M",35,43,8,"Resident","Resident","Resident_Resident","R-R",3,0.001658,0.311346,0.686996,0.1322342111144
"544","1458_1676",0.00795096717743143,0.0119351388874123,0,"1458","1676","Male","Male","Male_Male","M-M",35,34,1,"Resident","Resident","Resident_Resident","R-R",1,0.64525,0.34786,0.00689,-0.906780571853278
"545","1458_1696",0.0136421996163983,0.0277665228062395,0,"1458","1696","Male","Male","Male_Male","M-M",35,34,1,"Resident","Transient","Resident_Transient","R-T",1,0.487705,0.435572,0.076723,-0.906780571853278
"546","1458_1739",0.00583076586946306,0.00776626808461185,0,"1458","1739","Male","Male","Male_Male","M-M",35,32,3,"Resident","Resident","Resident_Resident","R-R",1,0.784116,0.215652,0.000232,-0.609919205291084
"547","1458_1779",0.00826663712191995,0.0130468168595081,0,"1458","1779","Male","Male","Male_Male","M-M",35,31,4,"Resident","Resident","Resident_Resident","R-R",1,0.631071,0.359843,0.009086,-0.461488522009987
"548","1458_1829",0.00764172661151471,0.0117396723737175,0,"1458","1829","Male","Male","Male_Male","M-M",35,31,4,"Resident","Resident","Resident_Resident","R-R",1,0.684944684944685,0.312072312072312,0.00298300298300298,-0.461488522009987
"549","1458_1924",0.0136896566077229,0.0265663981566277,0,"1458","1924","Male","Male","Male_Male","M-M",35,31,4,"Resident","Transient","Resident_Transient","R-T",1,0.487705,0.435572,0.076723,-0.461488522009987
"550","1458_1966",0.0110594089041816,0.0190533943379371,0,"1458","1966","Male","Male","Male_Male","M-M",35,31,4,"Resident","Transient","Resident_Transient","R-T",1,0.54031454031454,0.419424419424419,0.0402610402610403,-0.461488522009987
"551","1458_2028",0.00649886701296725,0.00871517075020088,0,"1458","2028","Male","Male","Male_Male","M-M",35,31,4,"Resident","Resident","Resident_Resident","R-R",1,0.732401,0.266634,0.000965,-0.461488522009987
"552","1458_2048",0.0573899991656845,0.0356120340689682,3,"1458","2048","Male","Male","Male_Male","M-M",35,31,4,"Resident","Resident","Resident_Resident","R-R",2,0.00594100594100594,0.732473732473732,0.261585261585262,-0.461488522009987
"553","1458_2102",0.00763374281312032,0.011296872624831,0,"1458","2102","Male","Male","Male_Male","M-M",35,34,1,"Resident","Resident","Resident_Resident","R-R",1,0.652147347852652,0.341855658144342,0.005996994003006,-0.906780571853278
"554","1458_2232",0.0142554199441954,0.0300018975090275,0,"1458","2232","Male","Male","Male_Male","M-M",35,30,5,"Resident","Transient","Resident_Transient","R-T",1,0.487705,0.435572,0.076723,-0.31305783872889
"555","1458_2233",0.0131320675269159,0.0257223765413132,0,"1458","2233","Male","Male","Male_Male","M-M",35,30,5,"Resident","Transient","Resident_Transient","R-T",1,0.499031,0.433362,0.067607,-0.31305783872889
"556","1458_28",0.00747896876491629,0.0107970833816021,0,"1458","28","Male","Male","Male_Male","M-M",35,42,7,"Resident","Resident","Resident_Resident","R-R",1,0.66559,0.329871,0.004539,-0.0161964721666967
"557","1458_293",0.00834023686076296,0.0133543982584545,0,"1458","293","Male","Male","Male_Male","M-M",35,32,3,"Resident","Resident","Resident_Resident","R-R",1,0.638227638227638,0.353859353859354,0.00791300791300791,-0.609919205291084
"558","1458_3",0.00716572622637162,0.0111485939292378,0,"1458","3","Male","Male","Male_Male","M-M",35,45,10,"Resident","Resident","Resident_Resident","R-R",1,0.697351302648697,0.3003956996043,0.00225299774700225,0.429095577676594
"559","1458_3009",0.0151557955234848,0.0141431118099828,1,"1458","3009","Male","Male","Male_Male","M-M",35,27,8,"Resident","Resident","Resident_Resident","R-R",2,0.363412636587363,0.634484365515634,0.0021029978970021,0.1322342111144
"560","1458_3012",0.0171421088183197,0.0160590503448733,1,"1458","3012","Male","Male","Male_Male","M-M",35,27,8,"Resident","Resident","Resident_Resident","R-R",2,0.312096,0.681935,0.005969,0.1322342111144
"561","1458_3098",0.00764484413839652,0.0113947922806691,0,"1458","3098","Male","Male","Male_Male","M-M",35,27,8,"Resident","Resident","Resident_Resident","R-R",1,0.658926,0.335856,0.005218,0.1322342111144
"562","1458_33",0.107841679929045,0.0681226601521183,3,"1458","33","Male","Male","Male_Male","M-M",35,37,2,"Resident","Resident","Resident_Resident","R-R",3,0.001037,0.217827,0.781136,-0.758349888572181
"563","1458_37",0.0572146021535484,0.0448639216635161,2,"1458","37","Male","Male","Male_Male","M-M",35,44,9,"Resident","Resident","Resident_Resident","R-R",2,0.023975,0.651887,0.324138,0.280664894395497
"564","1458_4104",0.00723674833752469,0.0105928677162313,0,"1458","4104","Male","Male","Male_Male","M-M",35,26,9,"Resident","Resident","Resident_Resident","R-R",1,0.672145,0.323908,0.003947,0.280664894395497
"565","1458_413",0.032546590720391,0.0352287237897508,1,"1458","413","Male","Male","Male_Male","M-M",35,43,8,"Resident","Resident","Resident_Resident","R-R",2,0.15476,0.701092,0.144148,0.1322342111144
"566","1458_45",0.0217895437838803,0.0156082331699011,2,"1458","45","Male","Male","Male_Male","M-M",35,44,9,"Resident","Resident","Resident_Resident","R-R",2,0.126752,0.872117,0.001131,0.280664894395497
"567","1458_480",0.104189258342016,0.0540799162887396,4,"1458","480","Male","Male","Male_Male","M-M",35,43,8,"Resident","Resident","Resident_Resident","R-R",3,0.00014,0.157801,0.842059,0.1322342111144
"568","1458_5001",0.00723424621081767,0.0103009104730711,0,"1458","5001","Male","Male","Male_Male","M-M",35,22,13,"Resident","Resident","Resident_Resident","R-R",1,0.672145,0.323908,0.003947,0.874387627519884
"569","1458_5003",0.0156509491780313,0.0146616461995669,1,"1458","5003","Male","Male","Male_Male","M-M",35,23,12,"Resident","Resident","Resident_Resident","R-R",2,0.343854,0.653031,0.003115,0.725956944238787
"570","1458_5018",0.020821099617258,0.0209965011684348,1,"1458","5018","Male","Male","Male_Male","M-M",35,22,13,"Resident","Resident","Resident_Resident","R-R",2,0.251409,0.72716,0.021431,0.874387627519884
"571","1458_5019",0.0207189587106476,0.0206290490805056,1,"1458","5019","Male","Male","Male_Male","M-M",35,23,12,"Resident","Resident","Resident_Resident","R-R",2,0.251409,0.72716,0.021431,0.725956944238787
"572","1458_5031",0.0202694519586458,0.0193926677547728,1,"1458","5031","Male","Male","Male_Male","M-M",35,23,12,"Resident","Resident","Resident_Resident","R-R",2,0.25735,0.723758,0.018892,0.725956944238787
"573","1458_5036",0.0061619298300881,0.00862062911678385,0,"1458","5036","Male","Male","Male_Male","M-M",35,23,12,"Resident","Resident","Resident_Resident","R-R",1,0.764403,0.235186,0.000411,0.725956944238787
"574","1458_5044",0.0251415435696594,0.026146008933909,1,"1458","5044","Male","Male","Male_Male","M-M",35,23,12,"Resident","Resident","Resident_Resident","R-R",2,0.204016,0.738496,0.057488,0.725956944238787
"575","1458_5049",0.0343188392453721,0.0387734720208054,1,"1458","5049","Male","Male","Male_Male","M-M",35,22,13,"Resident","Transient","Resident_Transient","R-T",2,0.148354148354148,0.691189691189691,0.16045616045616,0.874387627519884
"576","1458_5061",0.00629149512569172,0.00832860996559356,0,"1458","5061","Male","Male","Male_Male","M-M",35,22,13,"Resident","Resident","Resident_Resident","R-R",1,0.743398743398743,0.255875255875256,0.000726000726000726,0.874387627519884
"577","1458_5068",0.00654048361920723,0.00918173254198054,0,"1458","5068","Male","Male","Male_Male","M-M",35,22,13,"Resident","Resident","Resident_Resident","R-R",1,0.715271,0.283253,0.001476,0.874387627519884
"578","1458_5069",0.0223158829852338,0.0224208713605072,1,"1458","5069","Male","Male","Male_Male","M-M",35,23,12,"Resident","Resident","Resident_Resident","R-R",2,0.227755772244228,0.736945263054737,0.0352989647010353,0.725956944238787
"579","1458_5071",0.00653809170306788,0.0089198716741659,0,"1458","5071","Male","Male","Male_Male","M-M",35,22,13,"Resident","Resident","Resident_Resident","R-R",1,0.721067,0.277652,0.001281,0.874387627519884
"580","1458_5075",0.00587133705970069,0.00768896352412934,0,"1458","5075","Male","Male","Male_Male","M-M",35,23,12,"Resident","Resident","Resident_Resident","R-R",1,0.784116,0.215652,0.000232,0.725956944238787
"581","1458_5109",0.0070032069221329,0.00935640179767211,0,"1458","5109","Male","Male","Male_Male","M-M",35,23,12,"Resident","Resident","Resident_Resident","R-R",1,0.691195308804691,0.306211693788306,0.00259299740700259,0.725956944238787
"582","1458_5137",0.00914355328701173,0.0139206478374729,0,"1458","5137","Male","Male","Male_Male","M-M",35,23,12,"Resident","Resident","Resident_Resident","R-R",1,0.592966,0.38901,0.018024,0.725956944238787
"583","1458_5158",0.0177980215077377,0.017408355060562,1,"1458","5158","Male","Male","Male_Male","M-M",35,23,12,"Resident","Resident","Resident_Resident","R-R",2,0.299683,0.692589,0.007728,0.725956944238787
"584","1458_5161",0.00676401086308287,0.00993726914265123,0,"1458","5161","Male","Male","Male_Male","M-M",35,23,12,"Resident","Resident","Resident_Resident","R-R",1,0.703415,0.294628,0.001957,0.725956944238787
"585","1458_5165",0.0857179448067897,0.044276125810978,4,"1458","5165","Male","Male","Male_Male","M-M",35,23,12,"Resident","Resident","Resident_Resident","R-R",3,0.000329,0.304672,0.694999,0.725956944238787
"586","1458_5194",0.00734362444195396,0.0102882977107559,0,"1458","5194","Male","Male","Male_Male","M-M",35,22,13,"Resident","Resident","Resident_Resident","R-R",1,0.678595,0.317973,0.003432,0.874387627519884
"587","1458_549",0.0880351712500562,0.0707473411251474,2,"1458","549","Male","Male","Male_Male","M-M",35,43,8,"Resident","Resident","Resident_Resident","R-R",3,0.011378,0.398184,0.590438,0.1322342111144
"588","1458_558",0.0109582246635449,0.0194623676021469,0,"1458","558","Male","Male","Male_Male","M-M",35,43,8,"Resident","Resident","Resident_Resident","R-R",1,0.530542469457531,0.423551576448424,0.0459059540940459,0.1322342111144
"589","1458_6000",0.0117904909580319,0.020673644630339,0,"1458","6000","Male","Male","Male_Male","M-M",35,20,15,"Resident","Transient","Resident_Transient","R-T",1,0.520422,0.427289,0.052289,1.17124899408208
"590","1458_6001",0.0107691237566716,0.0185360587442414,0,"1458","6001","Male","Male","Male_Male","M-M",35,20,15,"Resident","Transient","Resident_Transient","R-T",1,0.520422,0.427289,0.052289,1.17124899408208
"591","1458_6003",0.0257502806121399,0.0272615685286718,1,"1458","6003","Male","Male","Male_Male","M-M",35,20,15,"Resident","Resident","Resident_Resident","R-R",2,0.204016,0.738496,0.057488,1.17124899408208
"592","1458_6005",0.0137687044722166,0.03049596291044,0,"1458","6005","Male","Male","Male_Male","M-M",35,20,15,"Resident","Transient","Resident_Transient","R-T",1,0.499031,0.433362,0.067607,1.17124899408208
"593","1458_6014",0.0129697632381795,0.023588652135561,0,"1458","6014","Male","Male","Male_Male","M-M",35,20,15,"Resident","Transient","Resident_Transient","R-T",1,0.509928,0.430579,0.059493,1.17124899408208
"594","1458_6016",0.0259846467707249,0.0261361412204119,1,"1458","6016","Male","Male","Male_Male","M-M",35,20,15,"Resident","Resident","Resident_Resident","R-R",2,0.191992,0.735062,0.072946,1.17124899408208
"595","1458_6017",0.0279974092437105,0.0296925030165151,1,"1458","6017","Male","Male","Male_Male","M-M",35,20,15,"Resident","Resident","Resident_Resident","R-R",2,0.173625,0.723088,0.103287,1.17124899408208
"596","1458_606",0.115372380260264,0.0609048574462399,4,"1458","606","Male","Male","Male_Male","M-M",35,36,1,"Resident","Resident","Resident_Resident","R-R",3,9.4e-05,0.115185,0.884721,-0.906780571853278
"597","1458_6102",0.00929234055171096,0.0154149455753827,0,"1458","6102","Male","Male","Male_Male","M-M",35,18,17,"Resident","Resident","Resident_Resident","R-R",1,0.592966,0.38901,0.018024,1.46811036064427
"598","1458_6105",0.0256111690346359,0.0260384947479106,1,"1458","6105","Male","Male","Male_Male","M-M",35,18,17,"Resident","Resident","Resident_Resident","R-R",2,0.198022,0.737185,0.064793,1.46811036064427
"599","1458_6110",0.0146028390258609,0.0308662892418658,0,"1458","6110","Male","Male","Male_Male","M-M",35,18,17,"Resident","Transient","Resident_Transient","R-T",1,0.487705,0.435572,0.076723,1.46811036064427
"600","1458_6112",0.0089929302455388,0.0139498797591146,0,"1458","6112","Male","Male","Male_Male","M-M",35,18,17,"Resident","Resident","Resident_Resident","R-R",1,0.600934600934601,0.383335383335383,0.0157300157300157,1.46811036064427
"601","1458_6122",0.00863314970363085,0.0131678569101666,0,"1458","6122","Male","Male","Male_Male","M-M",35,18,17,"Resident","Resident","Resident_Resident","R-R",1,0.608717,0.377561,0.013722,1.46811036064427
"602","1458_6123",0.00868856232922228,0.0125807784082193,0,"1458","6123","Male","Male","Male_Male","M-M",35,18,17,"Resident","Resident","Resident_Resident","R-R",1,0.600934600934601,0.383335383335383,0.0157300157300157,1.46811036064427
"603","1458_6133",0.0087663640849924,0.0140645659310909,0,"1458","6133","Male","Male","Male_Male","M-M",35,18,17,"Resident","Resident","Resident_Resident","R-R",1,0.616326,0.371709,0.011965,1.46811036064427
"604","1458_6138",0.00940928689840547,0.0155744440123187,0,"1458","6138","Male","Male","Male_Male","M-M",35,18,17,"Resident","Resident","Resident_Resident","R-R",1,0.592966,0.38901,0.018024,1.46811036064427
"605","1458_6139",0.00935641014213559,0.015461234080428,0,"1458","6139","Male","Male","Male_Male","M-M",35,18,17,"Resident","Resident","Resident_Resident","R-R",1,0.592966,0.38901,0.018024,1.46811036064427
"606","1458_6201",0.0100675671178601,0.0171031676783463,0,"1458","6201","Male","Male","Male_Male","M-M",35,15,20,"Resident","Resident","Resident_Resident","R-R",1,0.576411,0.399965,0.023624,1.91340241048756
"607","1458_6210",0.0695999271249678,0.052954846814343,2,"1458","6210","Male","Male","Male_Male","M-M",35,17,18,"Resident","Resident","Resident_Resident","R-R",2,0.016441,0.514305,0.469254,1.61654104392537
"608","1458_6220",0.00940082899686449,0.0152179016755401,0,"1458","6220","Male","Male","Male_Male","M-M",35,17,18,"Resident","Resident","Resident_Resident","R-R",1,0.584797,0.394562,0.020641,1.61654104392537
"609","1458_6257",0.0330542673101904,0.0351752664202678,1,"1458","6257","Male","Male","Male_Male","M-M",35,17,18,"Resident","Resident","Resident_Resident","R-R",2,0.148354148354148,0.691189691189691,0.16045616045616,1.61654104392537
"610","1458_76",0.108607200006245,0.0580281899431984,4,"1458","76","Male","Male","Male_Male","M-M",35,44,9,"Resident","Resident","Resident_Resident","R-R",3,0.000123,0.14233,0.857547,0.280664894395497
"611","1458_804",0.0227955348474812,0.0223292470365731,1,"1458","804","Male","Male","Male_Male","M-M",35,39,4,"Resident","Resident","Resident_Resident","R-R",2,0.215921,0.738957,0.045122,-0.461488522009987
"612","1458_824",0.00800741281221519,0.0118454055594418,0,"1458","824","Male","Male","Male_Male","M-M",35,39,4,"Resident","Resident","Resident_Resident","R-R",1,0.66559,0.329871,0.004539,-0.461488522009987
"613","1458_92",0.0943952619664773,0.0448653936016905,5,"1458","92","Male","Male","Male_Male","M-M",35,43,8,"Resident","Resident","Resident_Resident","R-R",3,3.1000031000031e-05,0.16989016989017,0.83007883007883,0.1322342111144
"614","1458_9911",0.011038818755507,0.0187505307001178,0,"1458","9911","Male","Male","Male_Male","M-M",35,37,2,"Resident","Resident","Resident_Resident","R-R",1,0.54031454031454,0.419424419424419,0.0402610402610403,-0.758349888572181
"615","15_16",0.0117839561178289,0.0204537718084526,0,"15","16","Male","Male","Male_Male","M-M",44,43,1,"Resident","Resident","Resident_Resident","R-R",1,0.520422,0.427289,0.052289,-0.906780571853278
"616","15_18",0.110167135917719,0.0882248342399779,2,"15","18","Male","Male","Male_Male","M-M",44,44,0,"Resident","Resident","Resident_Resident","R-R",3,0.00831100831100831,0.316392316392316,0.675296675296675,-1.05521125513437
"617","15_21",0.010723070804059,0.0180870128190846,0,"15","21","Male","Male","Male_Male","M-M",44,44,0,"Resident","Resident","Resident_Resident","R-R",1,0.54976345023655,0.414957585042415,0.0352789647210353,-1.05521125513437
"618","15_28",0.0123364206649779,0.0230636822459922,0,"15","28","Male","Male","Male_Male","M-M",44,42,2,"Resident","Resident","Resident_Resident","R-R",1,0.509928,0.430579,0.059493,-0.758349888572181
"619","15_291",0.00901354374631056,0.0143115755207781,0,"15","291","Male","Male","Male_Male","M-M",44,43,1,"Resident","Transient","Resident_Transient","R-T",1,0.592966,0.38901,0.018024,-0.906780571853278
"620","15_3",0.00867088973953032,0.0132776548347549,0,"15","3","Male","Male","Male_Male","M-M",44,45,1,"Resident","Resident","Resident_Resident","R-R",1,0.623774,0.365798,0.010428,-0.906780571853278
"621","15_355",0.0109761291800699,0.0188476497492286,0,"15","355","Male","Male","Male_Male","M-M",44,43,1,"Resident","Transient","Resident_Transient","R-T",1,0.530542469457531,0.423551576448424,0.0459059540940459,-0.906780571853278
"622","15_37",0.00955694655869356,0.0148075937314594,0,"15","37","Male","Male","Male_Male","M-M",44,44,0,"Resident","Resident","Resident_Resident","R-R",1,0.56779,0.405188,0.027022,-1.05521125513437
"623","15_413",0.0110732865440962,0.0189419369806591,0,"15","413","Male","Male","Male_Male","M-M",44,43,1,"Resident","Resident","Resident_Resident","R-R",1,0.54031454031454,0.419424419424419,0.0402610402610403,-0.906780571853278
"624","15_45",0.00829085967427968,0.0127340300104564,0,"15","45","Male","Male","Male_Male","M-M",44,44,0,"Resident","Resident","Resident_Resident","R-R",1,0.623774,0.365798,0.010428,-1.05521125513437
"625","15_452",0.0121873437731272,0.022146997712565,0,"15","452","Male","Male","Male_Male","M-M",44,43,1,"Resident","Transient","Resident_Transient","R-T",1,0.509928,0.430579,0.059493,-0.906780571853278
"626","15_480",0.0102376646035821,0.0178986412413152,0,"15","480","Male","Male","Male_Male","M-M",44,43,1,"Resident","Resident","Resident_Resident","R-R",1,0.54976345023655,0.414957585042415,0.0352789647210353,-0.906780571853278
"627","15_496",0.0112069846940385,0.0202466812883166,0,"15","496","Male","Male","Male_Male","M-M",44,43,1,"Resident","Transient","Resident_Transient","R-T",1,0.530542469457531,0.423551576448424,0.0459059540940459,-0.906780571853278
"628","15_504",0.0116360077056241,0.0200230121724181,0,"15","504","Male","Male","Male_Male","M-M",44,43,1,"Resident","Transient","Resident_Transient","R-T",1,0.520422,0.427289,0.052289,-0.906780571853278
"629","15_509",0.0118941467399859,0.0215859902186766,0,"15","509","Male","Male","Male_Male","M-M",44,43,1,"Resident","Resident","Resident_Resident","R-R",1,0.520422,0.427289,0.052289,-0.906780571853278
"630","15_549",0.0116644678644448,0.0194486557057897,0,"15","549","Male","Male","Male_Male","M-M",44,43,1,"Resident","Resident","Resident_Resident","R-R",1,0.520422,0.427289,0.052289,-0.906780571853278
"631","15_558",0.012555645431099,0.023413118652088,0,"15","558","Male","Male","Male_Male","M-M",44,43,1,"Resident","Resident","Resident_Resident","R-R",1,0.509928,0.430579,0.059493,-0.906780571853278
"632","15_562",0.012798616012186,0.0257644089383906,0,"15","562","Male","Male","Male_Male","M-M",44,43,1,"Resident","Transient","Resident_Transient","R-T",1,0.509928,0.430579,0.059493,-0.906780571853278
"633","15_74",0.0116315209874788,0.0216680271130686,0,"15","74","Male","Male","Male_Male","M-M",44,43,1,"Resident","Resident","Resident_Resident","R-R",1,0.530542469457531,0.423551576448424,0.0459059540940459,-0.906780571853278
"634","15_76",0.00947169636004974,0.0153781843654423,0,"15","76","Male","Male","Male_Male","M-M",44,44,0,"Resident","Resident","Resident_Resident","R-R",1,0.592966,0.38901,0.018024,-1.05521125513437
"635","15_92",0.0125247792530406,0.0234492629676277,0,"15","92","Male","Male","Male_Male","M-M",44,43,1,"Resident","Resident","Resident_Resident","R-R",1,0.509928,0.430579,0.059493,-0.906780571853278
"636","1676_1696",0.0123337060023775,0.0223193385527985,0,"1676","1696","Male","Male","Male_Male","M-M",34,34,0,"Resident","Transient","Resident_Transient","R-T",1,0.509928,0.430579,0.059493,-1.05521125513437
"637","1676_1739",0.0684521996759772,0.0541463604274215,2,"1676","1739","Male","Male","Male_Male","M-M",34,32,2,"Resident","Resident","Resident_Resident","R-R",2,0.0178579821420179,0.543192456807543,0.438949561050439,-0.758349888572181
"638","1676_1779",0.0109183497630674,0.0186186684463496,0,"1676","1779","Male","Male","Male_Male","M-M",34,31,3,"Resident","Resident","Resident_Resident","R-R",1,0.54031454031454,0.419424419424419,0.0402610402610403,-0.609919205291084
"639","1676_1829",0.0115097479217852,0.0203865847571781,0,"1676","1829","Male","Male","Male_Male","M-M",34,31,3,"Resident","Resident","Resident_Resident","R-R",1,0.530542469457531,0.423551576448424,0.0459059540940459,-0.609919205291084
"640","1676_1924",0.0131382902321256,0.0254340455241096,0,"1676","1924","Male","Male","Male_Male","M-M",34,31,3,"Resident","Transient","Resident_Transient","R-T",1,0.499031,0.433362,0.067607,-0.609919205291084
"641","1676_1966",0.0114379730203368,0.020386123142593,0,"1676","1966","Male","Male","Male_Male","M-M",34,31,3,"Resident","Transient","Resident_Transient","R-T",1,0.54976345023655,0.414957585042415,0.0352789647210353,-0.609919205291084
"642","1676_2028",0.00784771905598257,0.0119705201879514,0,"1676","2028","Male","Male","Male_Male","M-M",34,31,3,"Resident","Resident","Resident_Resident","R-R",1,0.66559,0.329871,0.004539,-0.609919205291084
"643","1676_2048",0.00933192370777498,0.0145921723071797,0,"1676","2048","Male","Male","Male_Male","M-M",34,31,3,"Resident","Resident","Resident_Resident","R-R",1,0.584797,0.394562,0.020641,-0.609919205291084
"644","1676_2102",0.00933955189359014,0.015493613881799,0,"1676","2102","Male","Male","Male_Male","M-M",34,34,0,"Resident","Resident","Resident_Resident","R-R",1,0.600934600934601,0.383335383335383,0.0157300157300157,-1.05521125513437
"645","1676_2232",0.0133622346032792,0.0255437671508614,0,"1676","2232","Male","Male","Male_Male","M-M",34,30,4,"Resident","Transient","Resident_Transient","R-T",1,0.487705,0.435572,0.076723,-0.461488522009987
"646","1676_2233",0.0121667468184413,0.0231260435727665,0,"1676","2233","Male","Male","Male_Male","M-M",34,30,4,"Resident","Transient","Resident_Transient","R-T",1,0.499031,0.433362,0.067607,-0.461488522009987
"647","1676_28",0.0887758057527881,0.0712068608698013,2,"1676","28","Male","Male","Male_Male","M-M",34,42,8,"Resident","Resident","Resident_Resident","R-R",3,0.011378,0.398184,0.590438,0.1322342111144
"648","1676_293",0.0104609358251035,0.0173262145235871,0,"1676","293","Male","Male","Male_Male","M-M",34,32,2,"Resident","Resident","Resident_Resident","R-R",1,0.54976345023655,0.414957585042415,0.0352789647210353,-0.758349888572181
"649","1676_3",0.00868008945408489,0.0129445503951805,0,"1676","3","Male","Male","Male_Male","M-M",34,45,11,"Resident","Resident","Resident_Resident","R-R",1,0.608717,0.377561,0.013722,0.577526260957691
"650","1676_3009",0.00757244943362613,0.0108127142801305,0,"1676","3009","Male","Male","Male_Male","M-M",34,27,7,"Resident","Resident","Resident_Resident","R-R",1,0.652147347852652,0.341855658144342,0.005996994003006,-0.0161964721666967
"651","1676_3012",0.00864684970333238,0.0127656874549958,0,"1676","3012","Male","Male","Male_Male","M-M",34,27,7,"Resident","Resident","Resident_Resident","R-R",1,0.616326,0.371709,0.011965,-0.0161964721666967
"652","1676_3098",0.00950272340796537,0.0155770326239052,0,"1676","3098","Male","Male","Male_Male","M-M",34,27,7,"Resident","Resident","Resident_Resident","R-R",1,0.576411,0.399965,0.023624,-0.0161964721666967
"653","1676_33",0.00967996943313492,0.0148787838820694,0,"1676","33","Male","Male","Male_Male","M-M",34,37,3,"Resident","Resident","Resident_Resident","R-R",1,0.576411,0.399965,0.023624,-0.609919205291084
"654","1676_37",0.00797713876069243,0.0115268454273692,0,"1676","37","Male","Male","Male_Male","M-M",34,44,10,"Resident","Resident","Resident_Resident","R-R",1,0.638227638227638,0.353859353859354,0.00791300791300791,0.429095577676594
"655","1676_4104",0.01207753711234,0.0214314186623821,0,"1676","4104","Male","Male","Male_Male","M-M",34,26,8,"Resident","Resident","Resident_Resident","R-R",1,0.509928,0.430579,0.059493,0.1322342111144
"656","1676_413",0.0105429009313726,0.0183121017835454,0,"1676","413","Male","Male","Male_Male","M-M",34,43,9,"Resident","Resident","Resident_Resident","R-R",1,0.54976345023655,0.414957585042415,0.0352789647210353,0.280664894395497
"657","1676_45",0.00718659295441251,0.0102378833558435,0,"1676","45","Male","Male","Male_Male","M-M",34,44,10,"Resident","Resident","Resident_Resident","R-R",1,0.678595,0.317973,0.003432,0.429095577676594
"658","1676_480",0.0278439436945208,0.0293817563688791,1,"1676","480","Male","Male","Male_Male","M-M",34,43,9,"Resident","Resident","Resident_Resident","R-R",2,0.185919,0.732056,0.082025,0.280664894395497
"659","1676_5001",0.0120334039468389,0.0215441770352525,0,"1676","5001","Male","Male","Male_Male","M-M",34,22,12,"Resident","Resident","Resident_Resident","R-R",1,0.509928,0.430579,0.059493,0.725956944238787
"660","1676_5003",0.00770994791586559,0.0112698843442733,0,"1676","5003","Male","Male","Male_Male","M-M",34,23,11,"Resident","Resident","Resident_Resident","R-R",1,0.638227638227638,0.353859353859354,0.00791300791300791,0.577526260957691
"661","1676_5018",0.00882565008759236,0.0136119662853836,0,"1676","5018","Male","Male","Male_Male","M-M",34,22,12,"Resident","Resident","Resident_Resident","R-R",1,0.592966,0.38901,0.018024,0.725956944238787
"662","1676_5019",0.00995738967856003,0.0162311274496238,0,"1676","5019","Male","Male","Male_Male","M-M",34,23,11,"Resident","Resident","Resident_Resident","R-R",1,0.576411,0.399965,0.023624,0.577526260957691
"663","1676_5031",0.00800629060513042,0.011895797749543,0,"1676","5031","Male","Male","Male_Male","M-M",34,23,11,"Resident","Resident","Resident_Resident","R-R",1,0.652147347852652,0.341855658144342,0.005996994003006,0.577526260957691
"664","1676_5036",0.00883949499474683,0.0130216535765619,0,"1676","5036","Male","Male","Male_Male","M-M",34,23,11,"Resident","Resident","Resident_Resident","R-R",1,0.600934600934601,0.383335383335383,0.0157300157300157,0.577526260957691
"665","1676_5044",0.0102102269165711,0.0177121518883049,0,"1676","5044","Male","Male","Male_Male","M-M",34,23,11,"Resident","Resident","Resident_Resident","R-R",1,0.584797,0.394562,0.020641,0.577526260957691
"666","1676_5049",0.0114162171123594,0.0204140586027496,0,"1676","5049","Male","Male","Male_Male","M-M",34,22,12,"Resident","Transient","Resident_Transient","R-T",1,0.54031454031454,0.419424419424419,0.0402610402610403,0.725956944238787
"667","1676_5061",0.010814052869302,0.0186184439624645,0,"1676","5061","Male","Male","Male_Male","M-M",34,22,12,"Resident","Resident","Resident_Resident","R-R",1,0.54976345023655,0.414957585042415,0.0352789647210353,0.725956944238787
"668","1676_5068",0.0106848000035998,0.0186308282546327,0,"1676","5068","Male","Male","Male_Male","M-M",34,22,12,"Resident","Resident","Resident_Resident","R-R",1,0.54976345023655,0.414957585042415,0.0352789647210353,0.725956944238787
"669","1676_5069",0.0082646137973071,0.0129145553498832,0,"1676","5069","Male","Male","Male_Male","M-M",34,23,11,"Resident","Resident","Resident_Resident","R-R",1,0.616326,0.371709,0.011965,0.577526260957691
"670","1676_5071",0.00912318049418425,0.0146608477477696,0,"1676","5071","Male","Male","Male_Male","M-M",34,22,12,"Resident","Resident","Resident_Resident","R-R",1,0.576411,0.399965,0.023624,0.725956944238787
"671","1676_5075",0.00815224150440831,0.0125532390233071,0,"1676","5075","Male","Male","Male_Male","M-M",34,23,11,"Resident","Resident","Resident_Resident","R-R",1,0.631071,0.359843,0.009086,0.577526260957691
"672","1676_5109",0.0116643293323763,0.0223446499951977,0,"1676","5109","Male","Male","Male_Male","M-M",34,23,11,"Resident","Resident","Resident_Resident","R-R",1,0.509928,0.430579,0.059493,0.577526260957691
"673","1676_5137",0.0128693825992964,0.0245994765071044,0,"1676","5137","Male","Male","Male_Male","M-M",34,23,11,"Resident","Resident","Resident_Resident","R-R",1,0.487705,0.435572,0.076723,0.577526260957691
"674","1676_5158",0.0094650857304916,0.0159232088991495,0,"1676","5158","Male","Male","Male_Male","M-M",34,23,11,"Resident","Resident","Resident_Resident","R-R",1,0.592966,0.38901,0.018024,0.577526260957691
"675","1676_5161",0.00995719398886894,0.0164220052777866,0,"1676","5161","Male","Male","Male_Male","M-M",34,23,11,"Resident","Resident","Resident_Resident","R-R",1,0.558915,0.410198,0.030887,0.577526260957691
"676","1676_5165",0.00990001403774706,0.0169135358784534,0,"1676","5165","Male","Male","Male_Male","M-M",34,23,11,"Resident","Resident","Resident_Resident","R-R",1,0.558915,0.410198,0.030887,0.577526260957691
"677","1676_5194",0.0123773109947729,0.0226424201849061,0,"1676","5194","Male","Male","Male_Male","M-M",34,22,12,"Resident","Resident","Resident_Resident","R-R",1,0.509928,0.430579,0.059493,0.725956944238787
"678","1676_549",0.00940121656587716,0.0142092805173322,0,"1676","549","Male","Male","Male_Male","M-M",34,43,9,"Resident","Resident","Resident_Resident","R-R",1,0.584797,0.394562,0.020641,0.280664894395497
"679","1676_558",0.011092832786562,0.019411749473718,0,"1676","558","Male","Male","Male_Male","M-M",34,43,9,"Resident","Resident","Resident_Resident","R-R",1,0.530542469457531,0.423551576448424,0.0459059540940459,0.280664894395497
"680","1676_6000",0.0556179945398245,0.065794478256326,1,"1676","6000","Male","Male","Male_Male","M-M",34,20,14,"Resident","Transient","Resident_Transient","R-T",2,0.096098,0.560333,0.343569,1.02281831080098
"681","1676_6001",0.0110530924974242,0.0196929486081419,0,"1676","6001","Male","Male","Male_Male","M-M",34,20,14,"Resident","Transient","Resident_Transient","R-T",1,0.530542469457531,0.423551576448424,0.0459059540940459,1.02281831080098
"682","1676_6003",0.0103122965156114,0.016881439538957,0,"1676","6003","Male","Male","Male_Male","M-M",34,20,14,"Resident","Resident","Resident_Resident","R-R",1,0.54976345023655,0.414957585042415,0.0352789647210353,1.02281831080098
"683","1676_6005",0.0125924709525367,0.0224284729854884,0,"1676","6005","Male","Male","Male_Male","M-M",34,20,14,"Resident","Transient","Resident_Transient","R-T",1,0.509928,0.430579,0.059493,1.02281831080098
"684","1676_6014",0.0616483743246906,0.0769263138286157,1,"1676","6014","Male","Male","Male_Male","M-M",34,20,14,"Resident","Transient","Resident_Transient","R-T",2,0.089701,0.537907,0.372392,1.02281831080098
"685","1676_6016",0.0107974040454639,0.0188364103590582,0,"1676","6016","Male","Male","Male_Male","M-M",34,20,14,"Resident","Resident","Resident_Resident","R-R",1,0.54031454031454,0.419424419424419,0.0402610402610403,1.02281831080098
"686","1676_6017",0.0116568189404074,0.0198317487725825,0,"1676","6017","Male","Male","Male_Male","M-M",34,20,14,"Resident","Resident","Resident_Resident","R-R",1,0.520422,0.427289,0.052289,1.02281831080098
"687","1676_606",0.0293850110451967,0.0309936825220236,1,"1676","606","Male","Male","Male_Male","M-M",34,36,2,"Resident","Resident","Resident_Resident","R-R",2,0.173625,0.723088,0.103287,-0.758349888572181
"688","1676_76",0.00813264167679061,0.0122521678518535,0,"1676","76","Male","Male","Male_Male","M-M",34,44,10,"Resident","Resident","Resident_Resident","R-R",1,0.638227638227638,0.353859353859354,0.00791300791300791,0.429095577676594
"689","1676_804",0.0585877827832059,0.0462871463214185,2,"1676","804","Male","Male","Male_Male","M-M",34,39,5,"Resident","Resident","Resident_Resident","R-R",2,0.0223900223900224,0.626105626105626,0.351504351504351,-0.31305783872889
"690","1676_824",0.00788885456412776,0.011368841199,0,"1676","824","Male","Male","Male_Male","M-M",34,39,5,"Resident","Resident","Resident_Resident","R-R",1,0.638227638227638,0.353859353859354,0.00791300791300791,-0.31305783872889
"691","1676_92",0.00791304963999915,0.011764790509083,0,"1676","92","Male","Male","Male_Male","M-M",34,43,9,"Resident","Resident","Resident_Resident","R-R",1,0.638227638227638,0.353859353859354,0.00791300791300791,0.280664894395497
"692","1676_9911",0.179106163906188,0.145721236192987,2,"1676","9911","Male","Male","Male_Male","M-M",34,37,3,"Resident","Resident","Resident_Resident","R-R",3,0.005227,0.222607,0.772166,-0.609919205291084
"693","1696_2102",0.0809774199146248,0.101303632755007,1,"1696","2102","Male","Male","Male_Male","M-M",34,34,0,"Transient","Resident","Resident_Transient","R-T",2,0.0772770772770773,0.49014249014249,0.432580432580433,-1.05521125513437
"694","1696_28",0.0136830961549043,0.0271634965394356,0,"1696","28","Male","Male","Male_Male","M-M",34,42,8,"Transient","Resident","Resident_Transient","R-T",1,0.487705,0.435572,0.076723,0.1322342111144
"695","1696_3",0.010054888949519,0.0163443088084165,0,"1696","3","Male","Male","Male_Male","M-M",34,45,11,"Transient","Resident","Resident_Transient","R-T",1,0.558915,0.410198,0.030887,0.577526260957691
"696","1696_33",0.0120992599195947,0.0224216460461889,0,"1696","33","Male","Male","Male_Male","M-M",34,37,3,"Transient","Resident","Resident_Transient","R-T",1,0.520422,0.427289,0.052289,-0.609919205291084
"697","1696_37",0.00864987330692398,0.0129089876704172,0,"1696","37","Male","Male","Male_Male","M-M",34,44,10,"Transient","Resident","Resident_Transient","R-T",1,0.600934600934601,0.383335383335383,0.0157300157300157,0.429095577676594
"698","1696_413",0.0111217043775867,0.0199101425600484,0,"1696","413","Male","Male","Male_Male","M-M",34,43,9,"Transient","Resident","Resident_Transient","R-T",1,0.54031454031454,0.419424419424419,0.0402610402610403,0.280664894395497
"699","1696_45",0.0112988994615001,0.0193140837519916,0,"1696","45","Male","Male","Male_Male","M-M",34,44,10,"Transient","Resident","Resident_Transient","R-T",1,0.530542469457531,0.423551576448424,0.0459059540940459,0.429095577676594
"700","1696_480",0.0109765223757567,0.0186751453525824,0,"1696","480","Male","Male","Male_Male","M-M",34,43,9,"Transient","Resident","Resident_Transient","R-T",1,0.530542469457531,0.423551576448424,0.0459059540940459,0.280664894395497
"701","1696_549",0.0103838184222835,0.0174738755432989,0,"1696","549","Male","Male","Male_Male","M-M",34,43,9,"Transient","Resident","Resident_Transient","R-T",1,0.558915,0.410198,0.030887,0.280664894395497
"702","1696_558",0.0131530029165069,0.0252247030625469,0,"1696","558","Male","Male","Male_Male","M-M",34,43,9,"Transient","Resident","Resident_Transient","R-T",1,0.487705,0.435572,0.076723,0.280664894395497
"703","1696_606",0.0145998644750133,0.0290586034568131,0,"1696","606","Male","Male","Male_Male","M-M",34,36,2,"Transient","Resident","Resident_Transient","R-T",1,0.487705,0.435572,0.076723,-0.758349888572181
"704","1696_76",0.0131946576132475,0.0262210030356982,0,"1696","76","Male","Male","Male_Male","M-M",34,44,10,"Transient","Resident","Resident_Transient","R-T",1,0.499031,0.433362,0.067607,0.429095577676594
"705","1696_804",0.00797205347441199,0.0111770082679399,0,"1696","804","Male","Male","Male_Male","M-M",34,39,5,"Transient","Resident","Resident_Transient","R-T",1,0.623774,0.365798,0.010428,-0.31305783872889
"706","1696_824",0.0109523715779766,0.0190608339101862,0,"1696","824","Male","Male","Male_Male","M-M",34,39,5,"Transient","Resident","Resident_Transient","R-T",1,0.54976345023655,0.414957585042415,0.0352789647210353,-0.31305783872889
"707","1696_92",0.0138789000943588,0.0289467962343204,0,"1696","92","Male","Male","Male_Male","M-M",34,43,9,"Transient","Resident","Resident_Transient","R-T",1,0.487705,0.435572,0.076723,0.280664894395497
"708","1696_9911",0.0120127896696012,0.0211651934855407,0,"1696","9911","Male","Male","Male_Male","M-M",34,37,3,"Transient","Resident","Resident_Transient","R-T",1,0.520422,0.427289,0.052289,-0.609919205291084
"709","16_1676",0.00903265452592149,0.0137711799804226,0,"16","1676","Male","Male","Male_Male","M-M",43,34,9,"Resident","Resident","Resident_Resident","R-R",1,0.592966,0.38901,0.018024,0.280664894395497
"710","16_1696",0.0147151794385488,0.0308188972329843,0,"16","1696","Male","Male","Male_Male","M-M",43,34,9,"Resident","Transient","Resident_Transient","R-T",1,0.487705,0.435572,0.076723,0.280664894395497
"711","16_1739",0.0087540530826596,0.0130032861984475,0,"16","1739","Male","Male","Male_Male","M-M",43,32,11,"Resident","Resident","Resident_Resident","R-R",1,0.608717,0.377561,0.013722,0.577526260957691
"712","16_1779",0.00908968942134906,0.0144652038763752,0,"16","1779","Male","Male","Male_Male","M-M",43,31,12,"Resident","Resident","Resident_Resident","R-R",1,0.600934600934601,0.383335383335383,0.0157300157300157,0.725956944238787
"713","16_18",0.00927263854217662,0.0154556384514901,0,"16","18","Male","Male","Male_Male","M-M",43,44,1,"Resident","Resident","Resident_Resident","R-R",1,0.584797,0.394562,0.020641,-0.906780571853278
"714","16_1829",0.00975974657410226,0.0149265108231807,0,"16","1829","Male","Male","Male_Male","M-M",43,31,12,"Resident","Resident","Resident_Resident","R-R",1,0.576411,0.399965,0.023624,0.725956944238787
"715","16_1924",0.0143858452318293,0.0286565281090661,0,"16","1924","Male","Male","Male_Male","M-M",43,31,12,"Resident","Transient","Resident_Transient","R-T",1,0.487705,0.435572,0.076723,0.725956944238787
"716","16_1966",0.0111215765338119,0.0190264182018014,0,"16","1966","Male","Male","Male_Male","M-M",43,31,12,"Resident","Transient","Resident_Transient","R-T",1,0.54031454031454,0.419424419424419,0.0402610402610403,0.725956944238787
"717","16_2028",0.00696196593189584,0.00955350974765627,0,"16","2028","Male","Male","Male_Male","M-M",43,31,12,"Resident","Resident","Resident_Resident","R-R",1,0.678595,0.317973,0.003432,0.725956944238787
"718","16_2048",0.00810996853997316,0.0118989055057867,0,"16","2048","Male","Male","Male_Male","M-M",43,31,12,"Resident","Resident","Resident_Resident","R-R",1,0.623774,0.365798,0.010428,0.725956944238787
"719","16_21",0.012307658876633,0.0231679455401858,0,"16","21","Male","Male","Male_Male","M-M",43,44,1,"Resident","Resident","Resident_Resident","R-R",1,0.520422,0.427289,0.052289,-0.906780571853278
"720","16_2102",0.00902045186821212,0.0138725532673677,0,"16","2102","Male","Male","Male_Male","M-M",43,34,9,"Resident","Resident","Resident_Resident","R-R",1,0.584797,0.394562,0.020641,0.280664894395497
"721","16_2232",0.0146320007128409,0.0306661145691381,0,"16","2232","Male","Male","Male_Male","M-M",43,30,13,"Resident","Transient","Resident_Transient","R-T",1,0.487705,0.435572,0.076723,0.874387627519884
"722","16_2233",0.0125542206090968,0.0232883081994474,0,"16","2233","Male","Male","Male_Male","M-M",43,30,13,"Resident","Transient","Resident_Transient","R-T",1,0.499031,0.433362,0.067607,0.874387627519884
"723","16_28",0.0255335663381299,0.0253667050313171,1,"16","28","Male","Male","Male_Male","M-M",43,42,1,"Resident","Resident","Resident_Resident","R-R",2,0.198022,0.737185,0.064793,-0.906780571853278
"724","16_291",0.00871377567323484,0.0131691468445369,0,"16","291","Male","Male","Male_Male","M-M",43,43,0,"Resident","Transient","Resident_Transient","R-T",1,0.592966,0.38901,0.018024,-1.05521125513437
"725","16_293",0.00907377798181257,0.0142674415566847,0,"16","293","Male","Male","Male_Male","M-M",43,32,11,"Resident","Resident","Resident_Resident","R-R",1,0.584797,0.394562,0.020641,0.577526260957691
"726","16_3",0.00606407855888765,0.00801331781010301,0,"16","3","Male","Male","Male_Male","M-M",43,45,2,"Resident","Resident","Resident_Resident","R-R",1,0.748772,0.250598,0.00063,-0.758349888572181
"727","16_3009",0.0077844211064853,0.0112674005112261,0,"16","3009","Male","Male","Male_Male","M-M",43,27,16,"Resident","Resident","Resident_Resident","R-R",1,0.658926,0.335856,0.005218,1.31967967736317
"728","16_3012",0.0295915405519393,0.0322793211567764,1,"16","3012","Male","Male","Male_Male","M-M",43,27,16,"Resident","Resident","Resident_Resident","R-R",2,0.173625,0.723088,0.103287,1.31967967736317
"729","16_3098",0.00852168873057588,0.0127087662636809,0,"16","3098","Male","Male","Male_Male","M-M",43,27,16,"Resident","Resident","Resident_Resident","R-R",1,0.616326,0.371709,0.011965,1.31967967736317
"730","16_33",0.00805183225503156,0.012704902854151,0,"16","33","Male","Male","Male_Male","M-M",43,37,6,"Resident","Resident","Resident_Resident","R-R",1,0.64525,0.34786,0.00689,-0.164627155447794
"731","16_355",0.0107677025701251,0.0186350056082666,0,"16","355","Male","Male","Male_Male","M-M",43,43,0,"Resident","Transient","Resident_Transient","R-T",1,0.530542469457531,0.423551576448424,0.0459059540940459,-1.05521125513437
"732","16_37",0.0215371112076087,0.0213138075543783,1,"16","37","Male","Male","Male_Male","M-M",43,44,1,"Resident","Resident","Resident_Resident","R-R",2,0.233663,0.73515,0.031187,-0.906780571853278
"733","16_4104",0.0100630521567237,0.0160301771468847,0,"16","4104","Male","Male","Male_Male","M-M",43,26,17,"Resident","Resident","Resident_Resident","R-R",1,0.56779,0.405188,0.027022,1.46811036064427
"734","16_413",0.00710454195880179,0.00972429872797673,0,"16","413","Male","Male","Male_Male","M-M",43,43,0,"Resident","Resident","Resident_Resident","R-R",1,0.678595,0.317973,0.003432,-1.05521125513437
"735","16_45",0.00445753518418726,0.00557238050550412,0,"16","45","Male","Male","Male_Male","M-M",43,44,1,"Resident","Resident","Resident_Resident","R-R",1,0.896620103379897,0.103376896623103,2.999997000003e-06,-0.906780571853278
"736","16_452",0.0124198075870314,0.0234158898821128,0,"16","452","Male","Male","Male_Male","M-M",43,43,0,"Resident","Transient","Resident_Transient","R-T",1,0.509928,0.430579,0.059493,-1.05521125513437
"737","16_480",0.0985517627300762,0.0515572058573864,4,"16","480","Male","Male","Male_Male","M-M",43,43,0,"Resident","Resident","Resident_Resident","R-R",3,0.000181,0.192798,0.807021,-1.05521125513437
"738","16_496",0.179170433138027,0.143176416746252,2,"16","496","Male","Male","Male_Male","M-M",43,43,0,"Resident","Transient","Resident_Transient","R-T",3,0.005227,0.222607,0.772166,-1.05521125513437
"739","16_5001",0.0116043692572888,0.0205061448219618,0,"16","5001","Male","Male","Male_Male","M-M",43,22,21,"Resident","Resident","Resident_Resident","R-R",1,0.530542469457531,0.423551576448424,0.0459059540940459,2.06183309376866
"740","16_5003",0.0240235870002213,0.0250319074324872,1,"16","5003","Male","Male","Male_Male","M-M",43,23,20,"Resident","Resident","Resident_Resident","R-R",2,0.215921,0.738957,0.045122,1.91340241048756
"741","16_5018",0.00871726526970587,0.0132533071890475,0,"16","5018","Male","Male","Male_Male","M-M",43,22,21,"Resident","Resident","Resident_Resident","R-R",1,0.608717,0.377561,0.013722,2.06183309376866
"742","16_5019",0.00836406706188794,0.0131360694752015,0,"16","5019","Male","Male","Male_Male","M-M",43,23,20,"Resident","Resident","Resident_Resident","R-R",1,0.623774,0.365798,0.010428,1.91340241048756
"743","16_5031",0.0445643111098175,0.0332660924915256,2,"16","5031","Male","Male","Male_Male","M-M",43,23,20,"Resident","Resident","Resident_Resident","R-R",2,0.035596,0.795347,0.169057,1.91340241048756
"744","16_5036",0.00799696446706275,0.0122255165450528,0,"16","5036","Male","Male","Male_Male","M-M",43,23,20,"Resident","Resident","Resident_Resident","R-R",1,0.631071,0.359843,0.009086,1.91340241048756
"745","16_504",0.0118051373209562,0.0209765445888281,0,"16","504","Male","Male","Male_Male","M-M",43,43,0,"Resident","Transient","Resident_Transient","R-T",1,0.520422,0.427289,0.052289,-1.05521125513437
"746","16_5044",0.00772210107911097,0.0109868790839163,0,"16","5044","Male","Male","Male_Male","M-M",43,23,20,"Resident","Resident","Resident_Resident","R-R",1,0.64525,0.34786,0.00689,1.91340241048756
"747","16_5049",0.0095573596531258,0.0147424712896615,0,"16","5049","Male","Male","Male_Male","M-M",43,22,21,"Resident","Transient","Resident_Transient","R-T",1,0.576411,0.399965,0.023624,2.06183309376866
"748","16_5061",0.0096284192257775,0.0155838930847122,0,"16","5061","Male","Male","Male_Male","M-M",43,22,21,"Resident","Resident","Resident_Resident","R-R",1,0.56779,0.405188,0.027022,2.06183309376866
"749","16_5068",0.00966896765508545,0.0155867791760676,0,"16","5068","Male","Male","Male_Male","M-M",43,22,21,"Resident","Resident","Resident_Resident","R-R",1,0.56779,0.405188,0.027022,2.06183309376866
"750","16_5069",0.0238404302762783,0.023537524778275,1,"16","5069","Male","Male","Male_Male","M-M",43,23,20,"Resident","Resident","Resident_Resident","R-R",2,0.20998,0.739065,0.050955,1.91340241048756
"751","16_5071",0.00868831055264339,0.0128168398496695,0,"16","5071","Male","Male","Male_Male","M-M",43,22,21,"Resident","Resident","Resident_Resident","R-R",1,0.592966,0.38901,0.018024,2.06183309376866
"752","16_5075",0.00736582996309015,0.0106641858945822,0,"16","5075","Male","Male","Male_Male","M-M",43,23,20,"Resident","Resident","Resident_Resident","R-R",1,0.672145,0.323908,0.003947,1.91340241048756
"753","16_509",0.0109416161552319,0.018462389859654,0,"16","509","Male","Male","Male_Male","M-M",43,43,0,"Resident","Resident","Resident_Resident","R-R",1,0.54031454031454,0.419424419424419,0.0402610402610403,-1.05521125513437
"754","16_5109",0.00999550007382684,0.0167477192804791,0,"16","5109","Male","Male","Male_Male","M-M",43,23,20,"Resident","Resident","Resident_Resident","R-R",1,0.56779,0.405188,0.027022,1.91340241048756
"755","16_5137",0.00959205867879134,0.0155406999323071,0,"16","5137","Male","Male","Male_Male","M-M",43,23,20,"Resident","Resident","Resident_Resident","R-R",1,0.56779,0.405188,0.027022,1.91340241048756
"756","16_5158",0.0276409458055039,0.0294504049756418,1,"16","5158","Male","Male","Male_Male","M-M",43,23,20,"Resident","Resident","Resident_Resident","R-R",2,0.179798,0.72809,0.092112,1.91340241048756
"757","16_5161",0.00868268924601668,0.0138781709896667,0,"16","5161","Male","Male","Male_Male","M-M",43,23,20,"Resident","Resident","Resident_Resident","R-R",1,0.608717,0.377561,0.013722,1.91340241048756
"758","16_5165",0.0389455851967551,0.0448870871213673,1,"16","5165","Male","Male","Male_Male","M-M",43,23,20,"Resident","Resident","Resident_Resident","R-R",2,0.128842,0.65297,0.218188,1.91340241048756
"759","16_5194",0.0118161450357184,0.0219810970892819,0,"16","5194","Male","Male","Male_Male","M-M",43,22,21,"Resident","Resident","Resident_Resident","R-R",1,0.520422,0.427289,0.052289,2.06183309376866
"760","16_549",0.00786409957088227,0.0119477872710833,0,"16","549","Male","Male","Male_Male","M-M",43,43,0,"Resident","Resident","Resident_Resident","R-R",1,0.658926,0.335856,0.005218,-1.05521125513437
"761","16_558",0.0119175199804911,0.0199951403771092,0,"16","558","Male","Male","Male_Male","M-M",43,43,0,"Resident","Resident","Resident_Resident","R-R",1,0.520422,0.427289,0.052289,-1.05521125513437
"762","16_562",0.0119400667341617,0.0217172885162072,0,"16","562","Male","Male","Male_Male","M-M",43,43,0,"Resident","Transient","Resident_Transient","R-T",1,0.509928,0.430579,0.059493,-1.05521125513437
"763","16_606",0.0285842464404933,0.0294656655543486,1,"16","606","Male","Male","Male_Male","M-M",43,36,7,"Resident","Resident","Resident_Resident","R-R",2,0.173625,0.723088,0.103287,-0.0161964721666967
"764","16_74",0.011302135496497,0.0189683915158625,0,"16","74","Male","Male","Male_Male","M-M",43,43,0,"Resident","Resident","Resident_Resident","R-R",1,0.530542469457531,0.423551576448424,0.0459059540940459,-1.05521125513437
"765","16_76",0.019942146654001,0.0195441260326462,1,"16","76","Male","Male","Male_Male","M-M",43,44,1,"Resident","Resident","Resident_Resident","R-R",2,0.263310736689263,0.72004227995772,0.0166469833530166,-0.906780571853278
"766","16_804",0.00695033193437637,0.00970360136807828,0,"16","804","Male","Male","Male_Male","M-M",43,39,4,"Resident","Resident","Resident_Resident","R-R",1,0.697351302648697,0.3003956996043,0.00225299774700225,-0.461488522009987
"767","16_824",0.00755964468521125,0.0110436380777435,0,"16","824","Male","Male","Male_Male","M-M",43,39,4,"Resident","Resident","Resident_Resident","R-R",1,0.66559,0.329871,0.004539,-0.461488522009987
"768","16_92",0.0225158045099823,0.0227880013398555,1,"16","92","Male","Male","Male_Male","M-M",43,43,0,"Resident","Resident","Resident_Resident","R-R",2,0.227755772244228,0.736945263054737,0.0352989647010353,-1.05521125513437
"769","16_9907",0.0106682933692603,0.0185550183192568,0,"16","9907","Male","Male","Male_Male","M-M",43,37,6,"Resident","Transient","Resident_Transient","R-T",1,0.558915,0.410198,0.030887,-0.164627155447794
"770","16_9911",0.00862221046538919,0.0134018276160641,0,"16","9911","Male","Male","Male_Male","M-M",43,37,6,"Resident","Resident","Resident_Resident","R-R",1,0.608717,0.377561,0.013722,-0.164627155447794
"771","1739_1779",0.00996247393499911,0.016650476622375,0,"1739","1779","Male","Male","Male_Male","M-M",32,31,1,"Resident","Resident","Resident_Resident","R-R",1,0.584797,0.394562,0.020641,-0.906780571853278
"772","1739_1829",0.00701494516939273,0.00999956551736854,0,"1739","1829","Male","Male","Male_Male","M-M",32,31,1,"Resident","Resident","Resident_Resident","R-R",1,0.697351302648697,0.3003956996043,0.00225299774700225,-0.906780571853278
"773","1739_1924",0.0144323113027312,0.0314941504329024,0,"1739","1924","Male","Male","Male_Male","M-M",32,31,1,"Resident","Transient","Resident_Transient","R-T",1,0.487705,0.435572,0.076723,-0.906780571853278
"774","1739_1966",0.0114960232998044,0.0206695194337478,0,"1739","1966","Male","Male","Male_Male","M-M",32,31,1,"Resident","Transient","Resident_Transient","R-T",1,0.54031454031454,0.419424419424419,0.0402610402610403,-0.906780571853278
"775","1739_2028",0.0828483970427391,0.0432230335207259,4,"1739","2028","Male","Male","Male_Male","M-M",32,31,1,"Resident","Resident","Resident_Resident","R-R",3,0.000367999632000368,0.330965669034331,0.668666331333669,-0.906780571853278
"776","1739_2048",0.0829864445110445,0.0388990752113498,5,"1739","2048","Male","Male","Male_Male","M-M",32,31,1,"Resident","Resident","Resident_Resident","R-R",3,6.5e-05,0.297753,0.702182,-0.906780571853278
"777","1739_2102",0.00806025814488469,0.0123738337378782,0,"1739","2102","Male","Male","Male_Male","M-M",32,34,2,"Resident","Resident","Resident_Resident","R-R",1,0.64525,0.34786,0.00689,-0.758349888572181
"778","1739_2232",0.0136325203564908,0.0269061597504936,0,"1739","2232","Male","Male","Male_Male","M-M",32,30,2,"Resident","Transient","Resident_Transient","R-T",1,0.487705,0.435572,0.076723,-0.758349888572181
"779","1739_2233",0.0133462046302308,0.0256267069563642,0,"1739","2233","Male","Male","Male_Male","M-M",32,30,2,"Resident","Transient","Resident_Transient","R-T",1,0.499031,0.433362,0.067607,-0.758349888572181
"780","1739_28",0.00803741753063375,0.0120935864650887,0,"1739","28","Male","Male","Male_Male","M-M",32,42,10,"Resident","Resident","Resident_Resident","R-R",1,0.64525,0.34786,0.00689,0.429095577676594
"781","1739_293",0.00747711778769405,0.0112336137442511,0,"1739","293","Male","Male","Male_Male","M-M",32,32,0,"Resident","Resident","Resident_Resident","R-R",1,0.672145,0.323908,0.003947,-1.05521125513437
"782","1739_3",0.0132430599768232,0.0256829862454308,0,"1739","3","Male","Male","Male_Male","M-M",32,45,13,"Resident","Resident","Resident_Resident","R-R",1,0.509928,0.430579,0.059493,0.874387627519884
"783","1739_3009",0.00558457558269917,0.00703106141349613,0,"1739","3009","Male","Male","Male_Male","M-M",32,27,5,"Resident","Resident","Resident_Resident","R-R",1,0.793497,0.206329,0.000174,-0.31305783872889
"784","1739_3012",0.00555930650269273,0.00727002972600602,0,"1739","3012","Male","Male","Male_Male","M-M",32,27,5,"Resident","Resident","Resident_Resident","R-R",1,0.784116,0.215652,0.000232,-0.31305783872889
"785","1739_3098",0.0078729149030102,0.0118503878911369,0,"1739","3098","Male","Male","Male_Male","M-M",32,27,5,"Resident","Resident","Resident_Resident","R-R",1,0.658926,0.335856,0.005218,-0.31305783872889
"786","1739_33",0.0123124300273453,0.0232354499860263,0,"1739","33","Male","Male","Male_Male","M-M",32,37,5,"Resident","Resident","Resident_Resident","R-R",1,0.509928,0.430579,0.059493,-0.31305783872889
"787","1739_37",0.0128997926818796,0.0245251805605642,0,"1739","37","Male","Male","Male_Male","M-M",32,44,12,"Resident","Resident","Resident_Resident","R-R",1,0.499031,0.433362,0.067607,0.725956944238787
"788","1739_4104",0.00720472998710607,0.00980361594409077,0,"1739","4104","Male","Male","Male_Male","M-M",32,26,6,"Resident","Resident","Resident_Resident","R-R",1,0.678595,0.317973,0.003432,-0.164627155447794
"789","1739_45",0.00554173475833044,0.0073574927872774,0,"1739","45","Male","Male","Male_Male","M-M",32,44,12,"Resident","Resident","Resident_Resident","R-R",1,0.784116,0.215652,0.000232,0.725956944238787
"790","1739_480",0.0073319231961798,0.0103337872137527,0,"1739","480","Male","Male","Male_Male","M-M",32,43,11,"Resident","Resident","Resident_Resident","R-R",1,0.66559,0.329871,0.004539,0.577526260957691
"791","1739_5001",0.0229707208250822,0.0229986759276228,1,"1739","5001","Male","Male","Male_Male","M-M",32,22,10,"Resident","Resident","Resident_Resident","R-R",2,0.221843778156222,0.738231261768738,0.0399249600750399,0.429095577676594
"792","1739_5003",0.0446563114753789,0.0274026677067552,3,"1739","5003","Male","Male","Male_Male","M-M",32,23,9,"Resident","Resident","Resident_Resident","R-R",2,0.010761,0.921349,0.06789,0.280664894395497
"793","1739_5018",0.0146348560716518,0.0137558131492726,1,"1739","5018","Male","Male","Male_Male","M-M",32,22,10,"Resident","Resident","Resident_Resident","R-R",2,0.383328616671383,0.615254384745615,0.00141699858300142,0.429095577676594
"794","1739_5019",0.00690888756138456,0.00993684678358642,0,"1739","5019","Male","Male","Male_Male","M-M",32,23,9,"Resident","Resident","Resident_Resident","R-R",1,0.703415,0.294628,0.001957,0.280664894395497
"795","1739_5031",0.0068484253981831,0.00961492813123836,0,"1739","5031","Male","Male","Male_Male","M-M",32,23,9,"Resident","Resident","Resident_Resident","R-R",1,0.691195308804691,0.306211693788306,0.00259299740700259,0.280664894395497
"796","1739_5036",0.0154933996760896,0.0142371630306549,1,"1739","5036","Male","Male","Male_Male","M-M",32,23,9,"Resident","Resident","Resident_Resident","R-R",2,0.35033235033235,0.646934646934647,0.00273300273300273,0.280664894395497
"797","1739_5044",0.00791143591081375,0.011338659958886,0,"1739","5044","Male","Male","Male_Male","M-M",32,23,9,"Resident","Resident","Resident_Resident","R-R",1,0.631071,0.359843,0.009086,0.280664894395497
"798","1739_5049",0.00903642400696432,0.0139347903640561,0,"1739","5049","Male","Male","Male_Male","M-M",32,22,10,"Resident","Transient","Resident_Transient","R-T",1,0.592966,0.38901,0.018024,0.429095577676594
"799","1739_5061",0.0362420244163524,0.0269419438220651,2,"1739","5061","Male","Male","Male_Male","M-M",32,22,10,"Resident","Resident","Resident_Resident","R-R",2,0.051029,0.885833,0.063138,0.429095577676594
"800","1739_5068",0.0529811167753926,0.0325935187962152,3,"1739","5068","Male","Male","Male_Male","M-M",32,22,10,"Resident","Resident","Resident_Resident","R-R",2,0.00738499261500739,0.813789186210814,0.178825821174179,0.429095577676594
"801","1739_5069",0.0258900423540963,0.0273828269996115,1,"1739","5069","Male","Male","Male_Male","M-M",32,23,9,"Resident","Resident","Resident_Resident","R-R",2,0.198022,0.737185,0.064793,0.280664894395497
"802","1739_5071",0.113940030303393,0.0527926850064578,5,"1739","5071","Male","Male","Male_Male","M-M",32,22,10,"Resident","Resident","Resident_Resident","R-R",3,1.0999989000011e-05,0.0719159280840719,0.928073071926928,0.429095577676594
"803","1739_5075",0.0332488905696448,0.0245753079627789,2,"1739","5075","Male","Male","Male_Male","M-M",32,23,9,"Resident","Resident","Resident_Resident","R-R",2,0.0581460581460581,0.902282902282902,0.0395710395710396,0.280664894395497
"804","1739_5109",0.016585626315298,0.0158360893106675,1,"1739","5109","Male","Male","Male_Male","M-M",32,23,9,"Resident","Resident","Resident_Resident","R-R",2,0.324673,0.670722,0.004605,0.280664894395497
"805","1739_5137",0.011290718421392,0.0200198404740048,0,"1739","5137","Male","Male","Male_Male","M-M",32,23,9,"Resident","Resident","Resident_Resident","R-R",1,0.54976345023655,0.414957585042415,0.0352789647210353,0.280664894395497
"806","1739_5158",0.0688038711497801,0.0357059483836051,4,"1739","5158","Male","Male","Male_Male","M-M",32,23,9,"Resident","Resident","Resident_Resident","R-R",2,0.000787,0.56615,0.433063,0.280664894395497
"807","1739_5161",0.0390121839149344,0.028626132767778,2,"1739","5161","Male","Male","Male_Male","M-M",32,23,9,"Resident","Resident","Resident_Resident","R-R",2,0.0441110441110441,0.856656856656857,0.0992320992320992,0.280664894395497
"808","1739_5165",0.0056559697366245,0.00726987576249336,0,"1739","5165","Male","Male","Male_Male","M-M",32,23,9,"Resident","Resident","Resident_Resident","R-R",1,0.784116,0.215652,0.000232,0.280664894395497
"809","1739_5194",0.0384481298887615,0.0277443231781113,2,"1739","5194","Male","Male","Male_Male","M-M",32,22,10,"Resident","Resident","Resident_Resident","R-R",2,0.0458280458280458,0.865388865388865,0.0887830887830888,0.429095577676594
"810","1739_558",0.0143328074847487,0.0303582560052711,0,"1739","558","Male","Male","Male_Male","M-M",32,43,11,"Resident","Resident","Resident_Resident","R-R",1,0.487705,0.435572,0.076723,0.577526260957691
"811","1739_6000",0.100866909917987,0.0786554967542286,2,"1739","6000","Male","Male","Male_Male","M-M",32,20,12,"Resident","Transient","Resident_Transient","R-T",3,0.00926,0.342775,0.647965,0.725956944238787
"812","1739_6001",0.00970655490738897,0.0159670414063068,0,"1739","6001","Male","Male","Male_Male","M-M",32,20,12,"Resident","Transient","Resident_Transient","R-T",1,0.576411,0.399965,0.023624,0.725956944238787
"813","1739_6003",0.00710158608781914,0.0100627461267288,0,"1739","6003","Male","Male","Male_Male","M-M",32,20,12,"Resident","Resident","Resident_Resident","R-R",1,0.697351302648697,0.3003956996043,0.00225299774700225,0.725956944238787
"814","1739_6005",0.00985546493223321,0.0163951176942094,0,"1739","6005","Male","Male","Male_Male","M-M",32,20,12,"Resident","Transient","Resident_Transient","R-T",1,0.558915,0.410198,0.030887,0.725956944238787
"815","1739_6014",0.0414659220527074,0.0465755304851508,1,"1739","6014","Male","Male","Male_Male","M-M",32,20,12,"Resident","Transient","Resident_Transient","R-T",2,0.122271,0.637292,0.240437,0.725956944238787
"816","1739_6016",0.00642420205678045,0.00870279222650059,0,"1739","6016","Male","Male","Male_Male","M-M",32,20,12,"Resident","Resident","Resident_Resident","R-R",1,0.715271,0.283253,0.001476,0.725956944238787
"817","1739_6017",0.00715900557678957,0.0103728229426919,0,"1739","6017","Male","Male","Male_Male","M-M",32,20,12,"Resident","Resident","Resident_Resident","R-R",1,0.678595,0.317973,0.003432,0.725956944238787
"818","1739_606",0.0073581126936412,0.0103561469873991,0,"1739","606","Male","Male","Male_Male","M-M",32,36,4,"Resident","Resident","Resident_Resident","R-R",1,0.678595,0.317973,0.003432,-0.461488522009987
"819","1739_6102",0.00867278068595785,0.0128410859792581,0,"1739","6102","Male","Male","Male_Male","M-M",32,18,14,"Resident","Resident","Resident_Resident","R-R",1,0.608717,0.377561,0.013722,1.02281831080098
"820","1739_6105",0.0676165143929766,0.0349554037667645,4,"1739","6105","Male","Male","Male_Male","M-M",32,18,14,"Resident","Resident","Resident_Resident","R-R",2,0.000851,0.595627,0.403522,1.02281831080098
"821","1739_6110",0.0112970106777817,0.0215089356900633,0,"1739","6110","Male","Male","Male_Male","M-M",32,18,14,"Resident","Transient","Resident_Transient","R-T",1,0.54031454031454,0.419424419424419,0.0402610402610403,1.02281831080098
"822","1739_6112",0.209836342661978,0.0899538143348238,5,"1739","6112","Male","Male","Male_Male","M-M",32,18,14,"Resident","Resident","Resident_Resident","R-R",3,1e-06,0.010986,0.989013,1.02281831080098
"823","1739_6122",0.0314799442402038,0.0328411671436608,1,"1739","6122","Male","Male","Male_Male","M-M",32,18,14,"Resident","Resident","Resident_Resident","R-R",2,0.161107,0.709664,0.129229,1.02281831080098
"824","1739_6123",0.00876207512841775,0.0131389580119496,0,"1739","6123","Male","Male","Male_Male","M-M",32,18,14,"Resident","Resident","Resident_Resident","R-R",1,0.592966,0.38901,0.018024,1.02281831080098
"825","1739_6133",0.0351900808736662,0.0390468857705201,1,"1739","6133","Male","Male","Male_Male","M-M",32,18,14,"Resident","Resident","Resident_Resident","R-R",2,0.141895,0.679897,0.178208,1.02281831080098
"826","1739_6138",0.00939360102427938,0.0154482824666065,0,"1739","6138","Male","Male","Male_Male","M-M",32,18,14,"Resident","Resident","Resident_Resident","R-R",1,0.592966,0.38901,0.018024,1.02281831080098
"827","1739_6139",0.00945232273175564,0.0149391687840152,0,"1739","6139","Male","Male","Male_Male","M-M",32,18,14,"Resident","Resident","Resident_Resident","R-R",1,0.584797,0.394562,0.020641,1.02281831080098
"828","1739_6201",0.019499758520997,0.0187298732335902,1,"1739","6201","Male","Male","Male_Male","M-M",32,15,17,"Resident","Resident","Resident_Resident","R-R",2,0.263310736689263,0.72004227995772,0.0166469833530166,1.46811036064427
"829","1739_6210",0.0700546248970279,0.0562814811174581,2,"1739","6210","Male","Male","Male_Male","M-M",32,17,15,"Resident","Resident","Resident_Resident","R-R",2,0.016441,0.514305,0.469254,1.17124899408208
"830","1739_6220",0.00904817710130591,0.0132708785023421,0,"1739","6220","Male","Male","Male_Male","M-M",32,17,15,"Resident","Resident","Resident_Resident","R-R",1,0.576411,0.399965,0.023624,1.17124899408208
"831","1739_6235",0.00827890363658347,0.0124571082883273,0,"1739","6235","Male","Male","Male_Male","M-M",32,14,18,"Resident","Resident","Resident_Resident","R-R",1,0.623774,0.365798,0.010428,1.61654104392537
"832","1739_6257",0.113449094563892,0.0899867839387479,2,"1739","6257","Male","Male","Male_Male","M-M",32,17,15,"Resident","Resident","Resident_Resident","R-R",3,0.00831100831100831,0.316392316392316,0.675296675296675,1.17124899408208
"833","1739_6421",0.00839974818276856,0.0122727727997061,0,"1739","6421","Male","Male","Male_Male","M-M",32,14,18,"Resident","Resident","Resident_Resident","R-R",1,0.616326,0.371709,0.011965,1.61654104392537
"834","1739_6516",0.00805823369255714,0.0125975039409142,0,"1739","6516","Male","Male","Male_Male","M-M",32,12,20,"Resident","Resident","Resident_Resident","R-R",1,0.638227638227638,0.353859353859354,0.00791300791300791,1.91340241048756
"835","1739_6527",0.0091341859659004,0.0161281942378369,0,"1739","6527","Male","Male","Male_Male","M-M",32,10,22,"Resident","Resident","Resident_Resident","R-R",1,0.592966,0.38901,0.018024,2.21026377704976
"836","1739_6534",0.0131624702492162,0.0270956100746563,0,"1739","6534","Male","Male","Male_Male","M-M",32,12,20,"Resident","Transient","Resident_Transient","R-T",1,0.499031,0.433362,0.067607,1.91340241048756
"837","1739_6535",0.010814494175066,0.0182064163512928,0,"1739","6535","Male","Male","Male_Male","M-M",32,10,22,"Resident","Resident","Resident_Resident","R-R",1,0.54031454031454,0.419424419424419,0.0402610402610403,2.21026377704976
"838","1739_6612",0.00907975056587657,0.0142293047899653,0,"1739","6612","Male","Male","Male_Male","M-M",32,10,22,"Resident","Resident","Resident_Resident","R-R",1,0.608717,0.377561,0.013722,2.21026377704976
"839","1739_6631",0.0112395571091382,0.0203795631329173,0,"1739","6631","Male","Male","Male_Male","M-M",32,10,22,"Resident","Transient","Resident_Transient","R-T",1,0.530542469457531,0.423551576448424,0.0459059540940459,2.21026377704976
"840","1739_6714",0.0337328254300142,0.0381086923761071,1,"1739","6714","Male","Male","Male_Male","M-M",32,9,23,"Resident","Unknown","Resident_Unknown","R-U",2,0.15476,0.701092,0.144148,2.35869446033085
"841","1739_6722",0.0120657237690668,0.0203938019259251,0,"1739","6722","Male","Male","Male_Male","M-M",32,9,23,"Resident","Unknown","Resident_Unknown","R-U",1,0.520422,0.427289,0.052289,2.35869446033085
"842","1739_76",0.0273527357619318,0.0285762216711106,1,"1739","76","Male","Male","Male_Male","M-M",32,44,12,"Resident","Resident","Resident_Resident","R-R",2,0.185919,0.732056,0.082025,0.725956944238787
"843","1739_804",0.0143248474610063,0.0286788299043103,0,"1739","804","Male","Male","Male_Male","M-M",32,39,7,"Resident","Resident","Resident_Resident","R-R",1,0.487705,0.435572,0.076723,-0.0161964721666967
"844","1739_824",0.0104269944335419,0.0167855904756269,0,"1739","824","Male","Male","Male_Male","M-M",32,39,7,"Resident","Resident","Resident_Resident","R-R",1,0.558915,0.410198,0.030887,-0.0161964721666967
"845","1739_92",0.00586705955707318,0.00762813122148089,0,"1739","92","Male","Male","Male_Male","M-M",32,43,11,"Resident","Resident","Resident_Resident","R-R",1,0.764403,0.235186,0.000411,0.577526260957691
"846","1779_1829",0.0109154626220282,0.018729691764495,0,"1779","1829","Male","Male","Male_Male","M-M",31,31,0,"Resident","Resident","Resident_Resident","R-R",1,0.54976345023655,0.414957585042415,0.0352789647210353,-1.05521125513437
"847","1779_1924",0.0137969004129901,0.027103698650336,0,"1779","1924","Male","Male","Male_Male","M-M",31,31,0,"Resident","Transient","Resident_Transient","R-T",1,0.487705,0.435572,0.076723,-1.05521125513437
"848","1779_1966",0.0113757946145497,0.0205614627998909,0,"1779","1966","Male","Male","Male_Male","M-M",31,31,0,"Resident","Transient","Resident_Transient","R-T",1,0.54031454031454,0.419424419424419,0.0402610402610403,-1.05521125513437
"849","1779_2028",0.0253310542924034,0.0253094483001056,1,"1779","2028","Male","Male","Male_Male","M-M",31,31,0,"Resident","Resident","Resident_Resident","R-R",2,0.198022,0.737185,0.064793,-1.05521125513437
"850","1779_2048",0.00889513304642521,0.0135225659044895,0,"1779","2048","Male","Male","Male_Male","M-M",31,31,0,"Resident","Resident","Resident_Resident","R-R",1,0.600934600934601,0.383335383335383,0.0157300157300157,-1.05521125513437
"851","1779_2102",0.0103051144106814,0.0174275777751193,0,"1779","2102","Male","Male","Male_Male","M-M",31,34,3,"Resident","Resident","Resident_Resident","R-R",1,0.54976345023655,0.414957585042415,0.0352789647210353,-0.609919205291084
"852","1779_2232",0.0146545061357677,0.0298780708492491,0,"1779","2232","Male","Male","Male_Male","M-M",31,30,1,"Resident","Transient","Resident_Transient","R-T",1,0.487705,0.435572,0.076723,-0.906780571853278
"853","1779_2233",0.0131094841681303,0.0260445091674642,0,"1779","2233","Male","Male","Male_Male","M-M",31,30,1,"Resident","Transient","Resident_Transient","R-T",1,0.499031,0.433362,0.067607,-0.906780571853278
"854","1779_28",0.0102677129834618,0.0170568720691615,0,"1779","28","Male","Male","Male_Male","M-M",31,42,11,"Resident","Resident","Resident_Resident","R-R",1,0.56779,0.405188,0.027022,0.577526260957691
"855","1779_293",0.00986705999505511,0.0162825421637167,0,"1779","293","Male","Male","Male_Male","M-M",31,32,1,"Resident","Resident","Resident_Resident","R-R",1,0.558915,0.410198,0.030887,-0.906780571853278
"856","1779_3",0.0129588880670246,0.0249707722184048,0,"1779","3","Male","Male","Male_Male","M-M",31,45,14,"Resident","Resident","Resident_Resident","R-R",1,0.499031,0.433362,0.067607,1.02281831080098
"857","1779_3009",0.113071476111929,0.0688808646527515,3,"1779","3009","Male","Male","Male_Male","M-M",31,27,4,"Resident","Resident","Resident_Resident","R-R",3,0.000916,0.19788,0.801204,-0.461488522009987
"858","1779_3012",0.0322494131857968,0.0334200022542049,1,"1779","3012","Male","Male","Male_Male","M-M",31,27,4,"Resident","Resident","Resident_Resident","R-R",2,0.15476,0.701092,0.144148,-0.461488522009987
"859","1779_3098",0.0352574804804,0.0391003170887222,1,"1779","3098","Male","Male","Male_Male","M-M",31,27,4,"Resident","Resident","Resident_Resident","R-R",2,0.141895,0.679897,0.178208,-0.461488522009987
"860","1779_33",0.0125872406920832,0.0236254524807901,0,"1779","33","Male","Male","Male_Male","M-M",31,37,6,"Resident","Resident","Resident_Resident","R-R",1,0.499031,0.433362,0.067607,-0.164627155447794
"861","1779_4104",0.0124461638370915,0.0243183922059274,0,"1779","4104","Male","Male","Male_Male","M-M",31,26,5,"Resident","Resident","Resident_Resident","R-R",1,0.509928,0.430579,0.059493,-0.31305783872889
"862","1779_45",0.00846497327854618,0.0129562430831657,0,"1779","45","Male","Male","Male_Male","M-M",31,44,13,"Resident","Resident","Resident_Resident","R-R",1,0.616326,0.371709,0.011965,0.874387627519884
"863","1779_480",0.00946974898822316,0.0149787271626255,0,"1779","480","Male","Male","Male_Male","M-M",31,43,12,"Resident","Resident","Resident_Resident","R-R",1,0.584797,0.394562,0.020641,0.725956944238787
"864","1779_5001",0.0127887660566496,0.0235480537058803,0,"1779","5001","Male","Male","Male_Male","M-M",31,22,9,"Resident","Resident","Resident_Resident","R-R",1,0.499031,0.433362,0.067607,0.280664894395497
"865","1779_5003",0.00774474697744866,0.0114511170177739,0,"1779","5003","Male","Male","Male_Male","M-M",31,23,8,"Resident","Resident","Resident_Resident","R-R",1,0.638227638227638,0.353859353859354,0.00791300791300791,0.1322342111144
"866","1779_5018",0.009272780556265,0.0142345232201444,0,"1779","5018","Male","Male","Male_Male","M-M",31,22,9,"Resident","Resident","Resident_Resident","R-R",1,0.584797,0.394562,0.020641,0.280664894395497
"867","1779_5019",0.00966471903328659,0.0160061355230253,0,"1779","5019","Male","Male","Male_Male","M-M",31,23,8,"Resident","Resident","Resident_Resident","R-R",1,0.576411,0.399965,0.023624,0.1322342111144
"868","1779_5031",0.00745452979947054,0.0107156594551823,0,"1779","5031","Male","Male","Male_Male","M-M",31,23,8,"Resident","Resident","Resident_Resident","R-R",1,0.66559,0.329871,0.004539,0.1322342111144
"869","1779_5036",0.0092879884971896,0.0147716404308164,0,"1779","5036","Male","Male","Male_Male","M-M",31,23,8,"Resident","Resident","Resident_Resident","R-R",1,0.584797,0.394562,0.020641,0.1322342111144
"870","1779_5044",0.00921626872068651,0.0167443325328197,0,"1779","5044","Male","Male","Male_Male","M-M",31,23,8,"Resident","Resident","Resident_Resident","R-R",1,0.600934600934601,0.383335383335383,0.0157300157300157,0.1322342111144
"871","1779_5049",0.0108427238493717,0.0190068491472964,0,"1779","5049","Male","Male","Male_Male","M-M",31,22,9,"Resident","Transient","Resident_Transient","R-T",1,0.54976345023655,0.414957585042415,0.0352789647210353,0.280664894395497
"872","1779_5061",0.0106698531862161,0.0179832201017119,0,"1779","5061","Male","Male","Male_Male","M-M",31,22,9,"Resident","Resident","Resident_Resident","R-R",1,0.54031454031454,0.419424419424419,0.0402610402610403,0.280664894395497
"873","1779_5068",0.0107760106708965,0.0181287720103037,0,"1779","5068","Male","Male","Male_Male","M-M",31,22,9,"Resident","Resident","Resident_Resident","R-R",1,0.54031454031454,0.419424419424419,0.0402610402610403,0.280664894395497
"874","1779_5069",0.00826567023467115,0.0119072620134595,0,"1779","5069","Male","Male","Male_Male","M-M",31,23,8,"Resident","Resident","Resident_Resident","R-R",1,0.631071,0.359843,0.009086,0.1322342111144
"875","1779_5071",0.00971978222645854,0.0158797139153478,0,"1779","5071","Male","Male","Male_Male","M-M",31,22,9,"Resident","Resident","Resident_Resident","R-R",1,0.56779,0.405188,0.027022,0.280664894395497
"876","1779_5075",0.00839458319408165,0.0128559899820904,0,"1779","5075","Male","Male","Male_Male","M-M",31,23,8,"Resident","Resident","Resident_Resident","R-R",1,0.631071,0.359843,0.009086,0.1322342111144
"877","1779_5109",0.0114330557782742,0.0201687907290617,0,"1779","5109","Male","Male","Male_Male","M-M",31,23,8,"Resident","Resident","Resident_Resident","R-R",1,0.509928,0.430579,0.059493,0.1322342111144
"878","1779_5137",0.0125745480592848,0.0231325058999099,0,"1779","5137","Male","Male","Male_Male","M-M",31,23,8,"Resident","Resident","Resident_Resident","R-R",1,0.509928,0.430579,0.059493,0.1322342111144
"879","1779_5158",0.00923718737440326,0.0153551449275762,0,"1779","5158","Male","Male","Male_Male","M-M",31,23,8,"Resident","Resident","Resident_Resident","R-R",1,0.592966,0.38901,0.018024,0.1322342111144
"880","1779_5161",0.0104788409586471,0.0174580744582131,0,"1779","5161","Male","Male","Male_Male","M-M",31,23,8,"Resident","Resident","Resident_Resident","R-R",1,0.558915,0.410198,0.030887,0.1322342111144
"881","1779_5165",0.0114668525998137,0.0205185618217737,0,"1779","5165","Male","Male","Male_Male","M-M",31,23,8,"Resident","Resident","Resident_Resident","R-R",1,0.520422,0.427289,0.052289,0.1322342111144
"882","1779_5194",0.0146217476490027,0.0287320172494356,0,"1779","5194","Male","Male","Male_Male","M-M",31,22,9,"Resident","Resident","Resident_Resident","R-R",1,0.487705,0.435572,0.076723,0.280664894395497
"883","1779_558",0.012433939510537,0.0231781840325846,0,"1779","558","Male","Male","Male_Male","M-M",31,43,12,"Resident","Resident","Resident_Resident","R-R",1,0.520422,0.427289,0.052289,0.725956944238787
"884","1779_606",0.00947963590956868,0.0158464346131883,0,"1779","606","Male","Male","Male_Male","M-M",31,36,5,"Resident","Resident","Resident_Resident","R-R",1,0.592966,0.38901,0.018024,-0.31305783872889
"885","1779_76",0.008192454433544,0.0126230891311978,0,"1779","76","Male","Male","Male_Male","M-M",31,44,13,"Resident","Resident","Resident_Resident","R-R",1,0.638227638227638,0.353859353859354,0.00791300791300791,0.874387627519884
"886","1779_804",0.0138136310298968,0.0269849240329095,0,"1779","804","Male","Male","Male_Male","M-M",31,39,8,"Resident","Resident","Resident_Resident","R-R",1,0.487705,0.435572,0.076723,0.1322342111144
"887","1779_824",0.0109365363871397,0.0187862903218046,0,"1779","824","Male","Male","Male_Male","M-M",31,39,8,"Resident","Resident","Resident_Resident","R-R",1,0.54976345023655,0.414957585042415,0.0352789647210353,0.1322342111144
"888","1779_92",0.00915316486428958,0.0144228507517929,0,"1779","92","Male","Male","Male_Male","M-M",31,43,12,"Resident","Resident","Resident_Resident","R-R",1,0.592966,0.38901,0.018024,0.725956944238787
"889","1829_1924",0.014076394251033,0.0283416303711136,0,"1829","1924","Male","Male","Male_Male","M-M",31,31,0,"Resident","Transient","Resident_Transient","R-T",1,0.487705,0.435572,0.076723,-1.05521125513437
"890","1829_1966",0.0106337100346448,0.0186649110743044,0,"1829","1966","Male","Male","Male_Male","M-M",31,31,0,"Resident","Transient","Resident_Transient","R-T",1,0.54031454031454,0.419424419424419,0.0402610402610403,-1.05521125513437
"891","1829_2028",0.00741644940373526,0.0107956597595408,0,"1829","2028","Male","Male","Male_Male","M-M",31,31,0,"Resident","Resident","Resident_Resident","R-R",1,0.66559,0.329871,0.004539,-1.05521125513437
"892","1829_2048",0.0261827385285417,0.0277876433706356,1,"1829","2048","Male","Male","Male_Male","M-M",31,31,0,"Resident","Resident","Resident_Resident","R-R",2,0.191992,0.735062,0.072946,-1.05521125513437
"893","1829_2102",0.0102173038215288,0.0178068712361774,0,"1829","2102","Male","Male","Male_Male","M-M",31,34,3,"Resident","Resident","Resident_Resident","R-R",1,0.558915,0.410198,0.030887,-0.609919205291084
"894","1829_2232",0.0142555060877511,0.0289453334221519,0,"1829","2232","Male","Male","Male_Male","M-M",31,30,1,"Resident","Transient","Resident_Transient","R-T",1,0.487705,0.435572,0.076723,-0.906780571853278
"895","1829_2233",0.0127303766556326,0.0273444903853431,0,"1829","2233","Male","Male","Male_Male","M-M",31,30,1,"Resident","Transient","Resident_Transient","R-T",1,0.499031,0.433362,0.067607,-0.906780571853278
"896","1829_28",0.010124513267665,0.016486328401586,0,"1829","28","Male","Male","Male_Male","M-M",31,42,11,"Resident","Resident","Resident_Resident","R-R",1,0.54976345023655,0.414957585042415,0.0352789647210353,0.577526260957691
"897","1829_293",0.0109070691775307,0.0182856847490778,0,"1829","293","Male","Male","Male_Male","M-M",31,32,1,"Resident","Resident","Resident_Resident","R-R",1,0.54976345023655,0.414957585042415,0.0352789647210353,-0.906780571853278
"898","1829_3",0.012687811724822,0.0247218102973012,0,"1829","3","Male","Male","Male_Male","M-M",31,45,14,"Resident","Resident","Resident_Resident","R-R",1,0.499031,0.433362,0.067607,1.02281831080098
"899","1829_3009",0.0069607750388829,0.0101311333620832,0,"1829","3009","Male","Male","Male_Male","M-M",31,27,4,"Resident","Resident","Resident_Resident","R-R",1,0.697351302648697,0.3003956996043,0.00225299774700225,-0.461488522009987
"900","1829_3012",0.0480592107642977,0.0358055810719353,2,"1829","3012","Male","Male","Male_Male","M-M",31,27,4,"Resident","Resident","Resident_Resident","R-R",2,0.0322200322200322,0.761447761447761,0.206332206332206,-0.461488522009987
"901","1829_3098",0.00968009922643421,0.0155714689758073,0,"1829","3098","Male","Male","Male_Male","M-M",31,27,4,"Resident","Resident","Resident_Resident","R-R",1,0.576411,0.399965,0.023624,-0.461488522009987
"902","1829_33",0.013528879322439,0.0287956629839353,0,"1829","33","Male","Male","Male_Male","M-M",31,37,6,"Resident","Resident","Resident_Resident","R-R",1,0.499031,0.433362,0.067607,-0.164627155447794
"903","1829_4104",0.0110802579287979,0.0187993659226963,0,"1829","4104","Male","Male","Male_Male","M-M",31,26,5,"Resident","Resident","Resident_Resident","R-R",1,0.54031454031454,0.419424419424419,0.0402610402610403,-0.31305783872889
"904","1829_45",0.00679549060901119,0.00922629085901133,0,"1829","45","Male","Male","Male_Male","M-M",31,44,13,"Resident","Resident","Resident_Resident","R-R",1,0.684944684944685,0.312072312072312,0.00298300298300298,0.874387627519884
"905","1829_480",0.0100282290820543,0.0171629400551522,0,"1829","480","Male","Male","Male_Male","M-M",31,43,12,"Resident","Resident","Resident_Resident","R-R",1,0.56779,0.405188,0.027022,0.725956944238787
"906","1829_5001",0.0102197319723698,0.0189667974401268,0,"1829","5001","Male","Male","Male_Male","M-M",31,22,9,"Resident","Resident","Resident_Resident","R-R",1,0.54976345023655,0.414957585042415,0.0352789647210353,0.280664894395497
"907","1829_5003",0.0071361802092503,0.0109291992846988,0,"1829","5003","Male","Male","Male_Male","M-M",31,23,8,"Resident","Resident","Resident_Resident","R-R",1,0.709388,0.288913,0.001699,0.1322342111144
"908","1829_5018",0.00809854558171895,0.0120755726023977,0,"1829","5018","Male","Male","Male_Male","M-M",31,22,9,"Resident","Resident","Resident_Resident","R-R",1,0.631071,0.359843,0.009086,0.280664894395497
"909","1829_5019",0.00972629926944819,0.0158980863351704,0,"1829","5019","Male","Male","Male_Male","M-M",31,23,8,"Resident","Resident","Resident_Resident","R-R",1,0.576411,0.399965,0.023624,0.1322342111144
"910","1829_5031",0.0548156627007864,0.0429813275672449,2,"1829","5031","Male","Male","Male_Male","M-M",31,23,8,"Resident","Resident","Resident_Resident","R-R",2,0.025588,0.676495,0.297917,0.1322342111144
"911","1829_5036",0.00735226679293647,0.0104321995151032,0,"1829","5036","Male","Male","Male_Male","M-M",31,23,8,"Resident","Resident","Resident_Resident","R-R",1,0.66559,0.329871,0.004539,0.1322342111144
"912","1829_5044",0.00869336095320214,0.0128425218471052,0,"1829","5044","Male","Male","Male_Male","M-M",31,23,8,"Resident","Resident","Resident_Resident","R-R",1,0.600934600934601,0.383335383335383,0.0157300157300157,0.1322342111144
"913","1829_5049",0.010270138773125,0.0174826178179254,0,"1829","5049","Male","Male","Male_Male","M-M",31,22,9,"Resident","Transient","Resident_Transient","R-T",1,0.558915,0.410198,0.030887,0.280664894395497
"914","1829_5061",0.0272936557695917,0.0278417197175187,1,"1829","5061","Male","Male","Male_Male","M-M",31,22,9,"Resident","Resident","Resident_Resident","R-R",2,0.185919,0.732056,0.082025,0.280664894395497
"915","1829_5068",0.0285655022887727,0.030089665496017,1,"1829","5068","Male","Male","Male_Male","M-M",31,22,9,"Resident","Resident","Resident_Resident","R-R",2,0.173625,0.723088,0.103287,0.280664894395497
"916","1829_5069",0.00788012449241325,0.0121910505493297,0,"1829","5069","Male","Male","Male_Male","M-M",31,23,8,"Resident","Resident","Resident_Resident","R-R",1,0.631071,0.359843,0.009086,0.1322342111144
"917","1829_5071",0.0265597943462252,0.0273063131127096,1,"1829","5071","Male","Male","Male_Male","M-M",31,22,9,"Resident","Resident","Resident_Resident","R-R",2,0.191992,0.735062,0.072946,0.280664894395497
"918","1829_5075",0.0246220081245114,0.0259839403704836,1,"1829","5075","Male","Male","Male_Male","M-M",31,23,8,"Resident","Resident","Resident_Resident","R-R",2,0.20998,0.739065,0.050955,0.1322342111144
"919","1829_5109",0.00975967965717946,0.0161475195882038,0,"1829","5109","Male","Male","Male_Male","M-M",31,23,8,"Resident","Resident","Resident_Resident","R-R",1,0.56779,0.405188,0.027022,0.1322342111144
"920","1829_5137",0.0127518808176563,0.0250695451935746,0,"1829","5137","Male","Male","Male_Male","M-M",31,23,8,"Resident","Resident","Resident_Resident","R-R",1,0.509928,0.430579,0.059493,0.1322342111144
"921","1829_5158",0.0250525934393337,0.0256611864459596,1,"1829","5158","Male","Male","Male_Male","M-M",31,23,8,"Resident","Resident","Resident_Resident","R-R",2,0.204016,0.738496,0.057488,0.1322342111144
"922","1829_5161",0.00928074499435542,0.0145728772059305,0,"1829","5161","Male","Male","Male_Male","M-M",31,23,8,"Resident","Resident","Resident_Resident","R-R",1,0.584797,0.394562,0.020641,0.1322342111144
"923","1829_5165",0.0802026731741295,0.0495851717829509,3,"1829","5165","Male","Male","Male_Male","M-M",31,23,8,"Resident","Resident","Resident_Resident","R-R",3,0.002282,0.393893,0.603825,0.1322342111144
"924","1829_5194",0.00886900333393296,0.0139014252463215,0,"1829","5194","Male","Male","Male_Male","M-M",31,22,9,"Resident","Resident","Resident_Resident","R-R",1,0.584797,0.394562,0.020641,0.280664894395497
"925","1829_558",0.0136955840747336,0.0266782805811398,0,"1829","558","Male","Male","Male_Male","M-M",31,43,12,"Resident","Resident","Resident_Resident","R-R",1,0.487705,0.435572,0.076723,0.725956944238787
"926","1829_6000",0.0122051326404887,0.0226397307989074,0,"1829","6000","Male","Male","Male_Male","M-M",31,20,11,"Resident","Transient","Resident_Transient","R-T",1,0.509928,0.430579,0.059493,0.577526260957691
"927","1829_6001",0.0120735088301081,0.0228885459011371,0,"1829","6001","Male","Male","Male_Male","M-M",31,20,11,"Resident","Transient","Resident_Transient","R-T",1,0.509928,0.430579,0.059493,0.577526260957691
"928","1829_6003",0.00907622513569601,0.0168768853009288,0,"1829","6003","Male","Male","Male_Male","M-M",31,20,11,"Resident","Resident","Resident_Resident","R-R",1,0.608717,0.377561,0.013722,0.577526260957691
"929","1829_6005",0.0136634573748288,0.0263226960589838,0,"1829","6005","Male","Male","Male_Male","M-M",31,20,11,"Resident","Transient","Resident_Transient","R-T",1,0.487705,0.435572,0.076723,0.577526260957691
"930","1829_6014",0.0133806953823262,0.0271974047000621,0,"1829","6014","Male","Male","Male_Male","M-M",31,20,11,"Resident","Transient","Resident_Transient","R-T",1,0.499031,0.433362,0.067607,0.577526260957691
"931","1829_6016",0.0675487892031735,0.0527730452702485,2,"1829","6016","Male","Male","Male_Male","M-M",31,20,11,"Resident","Resident","Resident_Resident","R-R",2,0.0178579821420179,0.543192456807543,0.438949561050439,0.577526260957691
"932","1829_6017",0.00947171906536048,0.0157726903173461,0,"1829","6017","Male","Male","Male_Male","M-M",31,20,11,"Resident","Resident","Resident_Resident","R-R",1,0.584797,0.394562,0.020641,0.577526260957691
"933","1829_606",0.0093387944066658,0.01546315870933,0,"1829","606","Male","Male","Male_Male","M-M",31,36,5,"Resident","Resident","Resident_Resident","R-R",1,0.592966,0.38901,0.018024,-0.31305783872889
"934","1829_6102",0.0117309398987736,0.0219981652712922,0,"1829","6102","Male","Male","Male_Male","M-M",31,18,13,"Resident","Resident","Resident_Resident","R-R",1,0.530542469457531,0.423551576448424,0.0459059540940459,0.874387627519884
"935","1829_6105",0.00915760134221738,0.0146904231215568,0,"1829","6105","Male","Male","Male_Male","M-M",31,18,13,"Resident","Resident","Resident_Resident","R-R",1,0.608717,0.377561,0.013722,0.874387627519884
"936","1829_6110",0.0143586533711396,0.027847553992985,0,"1829","6110","Male","Male","Male_Male","M-M",31,18,13,"Resident","Transient","Resident_Transient","R-T",1,0.487705,0.435572,0.076723,0.874387627519884
"937","1829_6112",0.0104774209430546,0.0175287031327852,0,"1829","6112","Male","Male","Male_Male","M-M",31,18,13,"Resident","Resident","Resident_Resident","R-R",1,0.54031454031454,0.419424419424419,0.0402610402610403,0.874387627519884
"938","1829_6122",0.011012953510804,0.0191310281311774,0,"1829","6122","Male","Male","Male_Male","M-M",31,18,13,"Resident","Resident","Resident_Resident","R-R",1,0.54976345023655,0.414957585042415,0.0352789647210353,0.874387627519884
"939","1829_6123",0.0104684108141831,0.0170063061320253,0,"1829","6123","Male","Male","Male_Male","M-M",31,18,13,"Resident","Resident","Resident_Resident","R-R",1,0.54031454031454,0.419424419424419,0.0402610402610403,0.874387627519884
"940","1829_6133",0.0114769346000975,0.0209673218435506,0,"1829","6133","Male","Male","Male_Male","M-M",31,18,13,"Resident","Resident","Resident_Resident","R-R",1,0.530542469457531,0.423551576448424,0.0459059540940459,0.874387627519884
"941","1829_6138",0.0104839175816081,0.0178799023085411,0,"1829","6138","Male","Male","Male_Male","M-M",31,18,13,"Resident","Resident","Resident_Resident","R-R",1,0.530542469457531,0.423551576448424,0.0459059540940459,0.874387627519884
"942","1829_6139",0.0113719861838949,0.0189464976873823,0,"1829","6139","Male","Male","Male_Male","M-M",31,18,13,"Resident","Resident","Resident_Resident","R-R",1,0.530542469457531,0.423551576448424,0.0459059540940459,0.874387627519884
"943","1829_6201",0.0114469593738596,0.0200978623601306,0,"1829","6201","Male","Male","Male_Male","M-M",31,15,16,"Resident","Resident","Resident_Resident","R-R",1,0.509928,0.430579,0.059493,1.31967967736317
"944","1829_6210",0.0100291377065529,0.0162954056743763,0,"1829","6210","Male","Male","Male_Male","M-M",31,17,14,"Resident","Resident","Resident_Resident","R-R",1,0.56779,0.405188,0.027022,1.02281831080098
"945","1829_6220",0.0109565325874941,0.0185126930686488,0,"1829","6220","Male","Male","Male_Male","M-M",31,17,14,"Resident","Resident","Resident_Resident","R-R",1,0.520422,0.427289,0.052289,1.02281831080098
"946","1829_6257",0.0102432096949254,0.0170320348893354,0,"1829","6257","Male","Male","Male_Male","M-M",31,17,14,"Resident","Resident","Resident_Resident","R-R",1,0.558915,0.410198,0.030887,1.02281831080098
"947","1829_76",0.00895043723238066,0.0148575657808322,0,"1829","76","Male","Male","Male_Male","M-M",31,44,13,"Resident","Resident","Resident_Resident","R-R",1,0.616326,0.371709,0.011965,0.874387627519884
"948","1829_804",0.0135386269573757,0.0276060384487261,0,"1829","804","Male","Male","Male_Male","M-M",31,39,8,"Resident","Resident","Resident_Resident","R-R",1,0.487705,0.435572,0.076723,0.1322342111144
"949","1829_824",0.0119770775828272,0.0214068459980816,0,"1829","824","Male","Male","Male_Male","M-M",31,39,8,"Resident","Resident","Resident_Resident","R-R",1,0.520422,0.427289,0.052289,0.1322342111144
"950","1829_92",0.00770839677422906,0.0112841816443165,0,"1829","92","Male","Male","Male_Male","M-M",31,43,12,"Resident","Resident","Resident_Resident","R-R",1,0.64525,0.34786,0.00689,0.725956944238787
"951","18_21",0.00941894811753726,0.0150103964885867,0,"18","21","Male","Male","Male_Male","M-M",44,44,0,"Resident","Resident","Resident_Resident","R-R",1,0.576411,0.399965,0.023624,-1.05521125513437
"952","18_28",0.00821534049691795,0.0124170598084644,0,"18","28","Male","Male","Male_Male","M-M",44,42,2,"Resident","Resident","Resident_Resident","R-R",1,0.631071,0.359843,0.009086,-0.758349888572181
"953","18_291",0.00913441404643587,0.0141152667108219,0,"18","291","Male","Male","Male_Male","M-M",44,43,1,"Resident","Transient","Resident_Transient","R-T",1,0.608717,0.377561,0.013722,-0.906780571853278
"954","18_3",0.022791602055725,0.0231733387091303,1,"18","3","Male","Male","Male_Male","M-M",44,45,1,"Resident","Resident","Resident_Resident","R-R",2,0.221843778156222,0.738231261768738,0.0399249600750399,-0.906780571853278
"955","18_33",0.0107557719215707,0.0184230836250782,0,"18","33","Male","Male","Male_Male","M-M",44,37,7,"Resident","Resident","Resident_Resident","R-R",1,0.54976345023655,0.414957585042415,0.0352789647210353,-0.0161964721666967
"956","18_355",0.0101366416197678,0.0166292291928106,0,"18","355","Male","Male","Male_Male","M-M",44,43,1,"Resident","Transient","Resident_Transient","R-T",1,0.54976345023655,0.414957585042415,0.0352789647210353,-0.906780571853278
"957","18_37",0.0544933155063803,0.041649202779949,2,"18","37","Male","Male","Male_Male","M-M",44,44,0,"Resident","Resident","Resident_Resident","R-R",2,0.025588,0.676495,0.297917,-1.05521125513437
"958","18_413",0.00748726079799,0.010327031038168,0,"18","413","Male","Male","Male_Male","M-M",44,43,1,"Resident","Resident","Resident_Resident","R-R",1,0.652147347852652,0.341855658144342,0.005996994003006,-0.906780571853278
"959","18_45",0.0154098766555705,0.014472267782836,1,"18","45","Male","Male","Male_Male","M-M",44,44,0,"Resident","Resident","Resident_Resident","R-R",2,0.35033235033235,0.646934646934647,0.00273300273300273,-1.05521125513437
"960","18_452",0.0107935680952682,0.0191272974983934,0,"18","452","Male","Male","Male_Male","M-M",44,43,1,"Resident","Transient","Resident_Transient","R-T",1,0.530542469457531,0.423551576448424,0.0459059540940459,-0.906780571853278
"961","18_480",0.00807778065308013,0.0116907821199484,0,"18","480","Male","Male","Male_Male","M-M",44,43,1,"Resident","Resident","Resident_Resident","R-R",1,0.638227638227638,0.353859353859354,0.00791300791300791,-0.906780571853278
"962","18_496",0.0103429635301784,0.0169715754455089,0,"18","496","Male","Male","Male_Male","M-M",44,43,1,"Resident","Transient","Resident_Transient","R-T",1,0.54976345023655,0.414957585042415,0.0352789647210353,-0.906780571853278
"963","18_504",0.0107238902576147,0.0181114572846928,0,"18","504","Male","Male","Male_Male","M-M",44,43,1,"Resident","Transient","Resident_Transient","R-T",1,0.54031454031454,0.419424419424419,0.0402610402610403,-0.906780571853278
"964","18_509",0.00910848141984634,0.0152651114228608,0,"18","509","Male","Male","Male_Male","M-M",44,43,1,"Resident","Resident","Resident_Resident","R-R",1,0.600934600934601,0.383335383335383,0.0157300157300157,-0.906780571853278
"965","18_549",0.107466556410786,0.066767100003273,3,"18","549","Male","Male","Male_Male","M-M",44,43,1,"Resident","Resident","Resident_Resident","R-R",3,0.001037,0.217827,0.781136,-0.906780571853278
"966","18_558",0.00977025399545008,0.0169320594271913,0,"18","558","Male","Male","Male_Male","M-M",44,43,1,"Resident","Resident","Resident_Resident","R-R",1,0.576411,0.399965,0.023624,-0.906780571853278
"967","18_562",0.0118306010504111,0.0203039818801322,0,"18","562","Male","Male","Male_Male","M-M",44,43,1,"Resident","Transient","Resident_Transient","R-T",1,0.530542469457531,0.423551576448424,0.0459059540940459,-0.906780571853278
"968","18_606",0.0117179301094956,0.0215106436933401,0,"18","606","Male","Male","Male_Male","M-M",44,36,8,"Resident","Resident","Resident_Resident","R-R",1,0.509928,0.430579,0.059493,0.1322342111144
"969","18_74",0.0110541361111692,0.0187242182956805,0,"18","74","Male","Male","Male_Male","M-M",44,43,1,"Resident","Resident","Resident_Resident","R-R",1,0.54976345023655,0.414957585042415,0.0352789647210353,-0.906780571853278
"970","18_76",0.00739104718922456,0.0107173735916451,0,"18","76","Male","Male","Male_Male","M-M",44,44,0,"Resident","Resident","Resident_Resident","R-R",1,0.66559,0.329871,0.004539,-1.05521125513437
"971","18_804",0.00932999162313028,0.0151607354345915,0,"18","804","Male","Male","Male_Male","M-M",44,39,5,"Resident","Resident","Resident_Resident","R-R",1,0.584797,0.394562,0.020641,-0.31305783872889
"972","18_824",0.0405450489636023,0.0448885623520884,1,"18","824","Male","Male","Male_Male","M-M",44,39,5,"Resident","Resident","Resident_Resident","R-R",2,0.122271,0.637292,0.240437,-0.31305783872889
"973","18_92",0.0702350443842833,0.0539093497112663,2,"18","92","Male","Male","Male_Male","M-M",44,43,1,"Resident","Resident","Resident_Resident","R-R",2,0.016441,0.514305,0.469254,-0.906780571853278
"974","18_9907",0.0400346032150452,0.0462280494025275,1,"18","9907","Male","Male","Male_Male","M-M",44,37,7,"Resident","Transient","Resident_Transient","R-T",2,0.128842,0.65297,0.218188,-0.0161964721666967
"975","18_9911",0.00861581751186491,0.0131210200780384,0,"18","9911","Male","Male","Male_Male","M-M",44,37,7,"Resident","Resident","Resident_Resident","R-R",1,0.616326,0.371709,0.011965,-0.0161964721666967
"976","1924_1966",0.0104566545525629,0.0172507265349106,0,"1924","1966","Male","Male","Male_Male","M-M",31,31,0,"Transient","Transient","Transient_Transient","T-T",1,0.54976345023655,0.414957585042415,0.0352789647210353,-1.05521125513437
"977","1924_2028",0.0138454219833942,0.0269848319857329,0,"1924","2028","Male","Male","Male_Male","M-M",31,31,0,"Transient","Resident","Resident_Transient","R-T",1,0.487705,0.435572,0.076723,-1.05521125513437
"978","1924_2048",0.0134587843556901,0.0260595389215832,0,"1924","2048","Male","Male","Male_Male","M-M",31,31,0,"Transient","Resident","Resident_Transient","R-T",1,0.487705,0.435572,0.076723,-1.05521125513437
"979","1924_2102",0.0146515962250341,0.0310649317191453,0,"1924","2102","Male","Male","Male_Male","M-M",31,34,3,"Transient","Resident","Resident_Transient","R-T",1,0.487705,0.435572,0.076723,-0.609919205291084
"980","1924_28",0.0127049751839351,0.0248761154133296,0,"1924","28","Male","Male","Male_Male","M-M",31,42,11,"Transient","Resident","Resident_Transient","R-T",1,0.509928,0.430579,0.059493,0.577526260957691
"981","1924_293",0.0134170273555397,0.0260348333867308,0,"1924","293","Male","Male","Male_Male","M-M",31,32,1,"Transient","Resident","Resident_Transient","R-T",1,0.487705,0.435572,0.076723,-0.906780571853278
"982","1924_3",0.0132653593763501,0.0250437873599357,0,"1924","3","Male","Male","Male_Male","M-M",31,45,14,"Transient","Resident","Resident_Transient","R-T",1,0.499031,0.433362,0.067607,1.02281831080098
"983","1924_33",0.0140053453816144,0.0300238060016427,0,"1924","33","Male","Male","Male_Male","M-M",31,37,6,"Transient","Resident","Resident_Transient","R-T",1,0.487705,0.435572,0.076723,-0.164627155447794
"984","1924_37",0.013403849052949,0.0260349116424867,0,"1924","37","Male","Male","Male_Male","M-M",31,44,13,"Transient","Resident","Resident_Transient","R-T",1,0.487705,0.435572,0.076723,0.874387627519884
"985","1924_45",0.0120467279348597,0.0213758338747283,0,"1924","45","Male","Male","Male_Male","M-M",31,44,13,"Transient","Resident","Resident_Transient","R-T",1,0.520422,0.427289,0.052289,0.874387627519884
"986","1924_480",0.01350158929406,0.0270502016650507,0,"1924","480","Male","Male","Male_Male","M-M",31,43,12,"Transient","Resident","Resident_Transient","R-T",1,0.487705,0.435572,0.076723,0.725956944238787
"987","1924_549",0.0133247428026254,0.0242424695455356,0,"1924","549","Male","Male","Male_Male","M-M",31,43,12,"Transient","Resident","Resident_Transient","R-T",1,0.487705,0.435572,0.076723,0.725956944238787
"988","1924_558",0.0138829419781211,0.028358974567122,0,"1924","558","Male","Male","Male_Male","M-M",31,43,12,"Transient","Resident","Resident_Transient","R-T",1,0.487705,0.435572,0.076723,0.725956944238787
"989","1924_606",0.0134445072465007,0.0267309928151454,0,"1924","606","Male","Male","Male_Male","M-M",31,36,5,"Transient","Resident","Resident_Transient","R-T",1,0.487705,0.435572,0.076723,-0.31305783872889
"990","1924_76",0.0123984212135503,0.0227413963153993,0,"1924","76","Male","Male","Male_Male","M-M",31,44,13,"Transient","Resident","Resident_Transient","R-T",1,0.509928,0.430579,0.059493,0.874387627519884
"991","1924_804",0.0136033890026206,0.0264121727783285,0,"1924","804","Male","Male","Male_Male","M-M",31,39,8,"Transient","Resident","Resident_Transient","R-T",1,0.499031,0.433362,0.067607,0.1322342111144
"992","1924_824",0.0130872971443611,0.0256190057362981,0,"1924","824","Male","Male","Male_Male","M-M",31,39,8,"Transient","Resident","Resident_Transient","R-T",1,0.487705,0.435572,0.076723,0.1322342111144
"993","1924_92",0.0132668106461091,0.0253955060883767,0,"1924","92","Male","Male","Male_Male","M-M",31,43,12,"Transient","Resident","Resident_Transient","R-T",1,0.499031,0.433362,0.067607,0.725956944238787
"994","1966_2028",0.0115423919575123,0.0195630260874369,0,"1966","2028","Male","Male","Male_Male","M-M",31,31,0,"Transient","Resident","Resident_Transient","R-T",1,0.54031454031454,0.419424419424419,0.0402610402610403,-1.05521125513437
"995","1966_2048",0.0110776457382366,0.0198128718653594,0,"1966","2048","Male","Male","Male_Male","M-M",31,31,0,"Transient","Resident","Resident_Transient","R-T",1,0.54031454031454,0.419424419424419,0.0402610402610403,-1.05521125513437
"996","1966_2102",0.0111386601898611,0.0189521810200156,0,"1966","2102","Male","Male","Male_Male","M-M",31,34,3,"Transient","Resident","Resident_Transient","R-T",1,0.54031454031454,0.419424419424419,0.0402610402610403,-0.609919205291084
"997","1966_28",0.0100180632491237,0.0176070069741907,0,"1966","28","Male","Male","Male_Male","M-M",31,42,11,"Transient","Resident","Resident_Transient","R-T",1,0.558915,0.410198,0.030887,0.577526260957691
"998","1966_293",0.0109267999327635,0.0197893430264167,0,"1966","293","Male","Male","Male_Male","M-M",31,32,1,"Transient","Resident","Resident_Transient","R-T",1,0.54031454031454,0.419424419424419,0.0402610402610403,-0.906780571853278
"999","1966_3",0.0105878144313508,0.0174072912943006,0,"1966","3","Male","Male","Male_Male","M-M",31,45,14,"Transient","Resident","Resident_Transient","R-T",1,0.54976345023655,0.414957585042415,0.0352789647210353,1.02281831080098
"1000","1966_33",0.0100912552324821,0.0165583777320635,0,"1966","33","Male","Male","Male_Male","M-M",31,37,6,"Transient","Resident","Resident_Transient","R-T",1,0.54031454031454,0.419424419424419,0.0402610402610403,-0.164627155447794
"1001","1966_37",0.0111450345256755,0.0188412733122525,0,"1966","37","Male","Male","Male_Male","M-M",31,44,13,"Transient","Resident","Resident_Transient","R-T",1,0.54031454031454,0.419424419424419,0.0402610402610403,0.874387627519884
"1002","1966_45",0.0100499689724235,0.0164510142321212,0,"1966","45","Male","Male","Male_Male","M-M",31,44,13,"Transient","Resident","Resident_Transient","R-T",1,0.56779,0.405188,0.027022,0.874387627519884
"1003","1966_480",0.0113580568022277,0.0193288468784841,0,"1966","480","Male","Male","Male_Male","M-M",31,43,12,"Transient","Resident","Resident_Transient","R-T",1,0.54031454031454,0.419424419424419,0.0402610402610403,0.725956944238787
"1004","1966_549",0.0108505075780813,0.0204712908172152,0,"1966","549","Male","Male","Male_Male","M-M",31,43,12,"Transient","Resident","Resident_Transient","R-T",1,0.54031454031454,0.419424419424419,0.0402610402610403,0.725956944238787
"1005","1966_558",0.0107313194738567,0.0194766240761897,0,"1966","558","Male","Male","Male_Male","M-M",31,43,12,"Transient","Resident","Resident_Transient","R-T",1,0.54031454031454,0.419424419424419,0.0402610402610403,0.725956944238787
"1006","1966_606",0.0108627364415061,0.01902385458458,0,"1966","606","Male","Male","Male_Male","M-M",31,36,5,"Transient","Resident","Resident_Transient","R-T",1,0.54031454031454,0.419424419424419,0.0402610402610403,-0.31305783872889
"1007","1966_76",0.0104961808029237,0.0172994188780893,0,"1966","76","Male","Male","Male_Male","M-M",31,44,13,"Transient","Resident","Resident_Transient","R-T",1,0.558915,0.410198,0.030887,0.874387627519884
"1008","1966_804",0.0107787629148202,0.0185806199502388,0,"1966","804","Male","Male","Male_Male","M-M",31,39,8,"Transient","Resident","Resident_Transient","R-T",1,0.54976345023655,0.414957585042415,0.0352789647210353,0.1322342111144
"1009","1966_824",0.010862445285233,0.0177722911158646,0,"1966","824","Male","Male","Male_Male","M-M",31,39,8,"Transient","Resident","Resident_Transient","R-T",1,0.54031454031454,0.419424419424419,0.0402610402610403,0.1322342111144
"1010","1966_92",0.0108522944527945,0.0200106049788003,0,"1966","92","Male","Male","Male_Male","M-M",31,43,12,"Transient","Resident","Resident_Transient","R-T",1,0.54976345023655,0.414957585042415,0.0352789647210353,0.725956944238787
"1011","1_10",0.0227176466487746,0.0164158465688606,2,"1","10","Male","Male","Male_Male","M-M",44,44,0,"Resident","Resident","Resident_Resident","R-R",2,0.117669,0.880687,0.001644,-1.05521125513437
"1012","1_101",0.00694177088779874,0.00975208490628721,0,"1","101","Male","Male","Male_Male","M-M",44,44,0,"Resident","Resident","Resident_Resident","R-R",1,0.684944684944685,0.312072312072312,0.00298300298300298,-1.05521125513437
"1013","1_102",0.00989574938142526,0.00829898519521469,1,"1","102","Male","Male","Male_Male","M-M",44,44,0,"Resident","Resident","Resident_Resident","R-R",1,0.624422,0.375566,1.2e-05,-1.05521125513437
"1014","1_1114",0.00720108023985728,0.0103647114766749,0,"1","1114","Male","Male","Male_Male","M-M",44,37,7,"Resident","Resident","Resident_Resident","R-R",1,0.703415,0.294628,0.001957,-0.0161964721666967
"1015","1_1123",0.0111773615820259,0.0210185925953049,0,"1","1123","Male","Male","Male_Male","M-M",44,37,7,"Resident","Transient","Resident_Transient","R-T",1,0.530542469457531,0.423551576448424,0.0459059540940459,-0.0161964721666967
"1016","1_1173",0.00753500495443669,0.0114034637524139,0,"1","1173","Male","Male","Male_Male","M-M",44,37,7,"Resident","Resident","Resident_Resident","R-R",1,0.678595,0.317973,0.003432,-0.0161964721666967
"1017","1_1179",0.0109483606309691,0.0203230300958763,0,"1","1179","Male","Male","Male_Male","M-M",44,37,7,"Resident","Transient","Resident_Transient","R-T",1,0.530542469457531,0.423551576448424,0.0459059540940459,-0.0161964721666967
"1018","1_118",0.0058772753766109,0.0079927199239036,0,"1","118","Male","Male","Male_Male","M-M",44,44,0,"Resident","Resident","Resident_Resident","R-R",1,0.779307,0.220425,0.000268,-1.05521125513437
"1019","1_120",0.0380436336559991,0.0228508967844599,3,"1","120","Male","Male","Male_Male","M-M",44,44,0,"Resident","Resident","Resident_Resident","R-R",2,0.0153580153580154,0.965920965920966,0.0187210187210187,-1.05521125513437
"1020","1_124",0.0061395409394368,0.00808089717237033,0,"1","124","Male","Male","Male_Male","M-M",44,44,0,"Resident","Resident","Resident_Resident","R-R",1,0.754064,0.24539,0.000546,-1.05521125513437
"1021","1_1292",0.0104606180742359,0.0167340735759888,0,"1","1292","Male","Male","Male_Male","M-M",44,36,8,"Resident","Transient","Resident_Transient","R-T",1,0.54976345023655,0.414957585042415,0.0352789647210353,0.1322342111144
"1022","1_1293",0.0110247836294205,0.0190505105803711,0,"1","1293","Male","Male","Male_Male","M-M",44,36,8,"Resident","Transient","Resident_Transient","R-T",1,0.520422,0.427289,0.052289,0.1322342111144
"1023","1_1345",0.0128848584602412,0.0250453726465952,0,"1","1345","Male","Male","Male_Male","M-M",44,36,8,"Resident","Transient","Resident_Transient","R-T",1,0.499031,0.433362,0.067607,0.1322342111144
"1024","1_1424",0.00945623807321959,0.0149021503591945,0,"1","1424","Male","Male","Male_Male","M-M",44,35,9,"Resident","Transient","Resident_Transient","R-T",1,0.592966,0.38901,0.018024,0.280664894395497
"1025","1_1458",0.0249535690432046,0.0263020226415146,1,"1","1458","Male","Male","Male_Male","M-M",44,35,9,"Resident","Resident","Resident_Resident","R-R",2,0.20998,0.739065,0.050955,0.280664894395497
"1026","1_15",0.00725815165278263,0.0106109906129764,0,"1","15","Male","Male","Male_Male","M-M",44,44,0,"Resident","Resident","Resident_Resident","R-R",1,0.678595,0.317973,0.003432,-1.05521125513437
"1027","1_16",0.00591117976413659,0.00760369843060588,0,"1","16","Male","Male","Male_Male","M-M",44,43,1,"Resident","Resident","Resident_Resident","R-R",1,0.759274,0.240252,0.000474,-0.906780571853278
"1028","1_1676",0.0648616672928326,0.0506840979299297,2,"1","1676","Male","Male","Male_Male","M-M",44,34,10,"Resident","Resident","Resident_Resident","R-R",2,0.019326,0.571586,0.409088,0.429095577676594
"1029","1_1696",0.0099723178439723,0.0158908621771721,0,"1","1696","Male","Male","Male_Male","M-M",44,34,10,"Resident","Transient","Resident_Transient","R-T",1,0.56779,0.405188,0.027022,0.429095577676594
"1030","1_1739",0.0111303412173255,0.0195431654811115,0,"1","1739","Male","Male","Male_Male","M-M",44,32,12,"Resident","Resident","Resident_Resident","R-R",1,0.54031454031454,0.419424419424419,0.0402610402610403,0.725956944238787
"1031","1_1779",0.0122529241961738,0.0226503432419415,0,"1","1779","Male","Male","Male_Male","M-M",44,31,13,"Resident","Resident","Resident_Resident","R-R",1,0.509928,0.430579,0.059493,0.874387627519884
"1032","1_18",0.017130928799692,0.0159581939164215,1,"1","18","Male","Male","Male_Male","M-M",44,44,0,"Resident","Resident","Resident_Resident","R-R",2,0.312096,0.681935,0.005969,-1.05521125513437
"1033","1_1829",0.0128668335785493,0.0244998924297909,0,"1","1829","Male","Male","Male_Male","M-M",44,31,13,"Resident","Resident","Resident_Resident","R-R",1,0.509928,0.430579,0.059493,0.874387627519884
"1034","1_1924",0.0135127367467794,0.0280623641113798,0,"1","1924","Male","Male","Male_Male","M-M",44,31,13,"Resident","Transient","Resident_Transient","R-T",1,0.487705,0.435572,0.076723,0.874387627519884
"1035","1_1966",0.010560800062713,0.0184066948487413,0,"1","1966","Male","Male","Male_Male","M-M",44,31,13,"Resident","Transient","Resident_Transient","R-T",1,0.54031454031454,0.419424419424419,0.0402610402610403,0.874387627519884
"1036","1_2028",0.0128962722112705,0.0225981479366968,0,"1","2028","Male","Male","Male_Male","M-M",44,31,13,"Resident","Resident","Resident_Resident","R-R",1,0.509928,0.430579,0.059493,0.874387627519884
"1037","1_2048",0.0116614198680731,0.0212116403420601,0,"1","2048","Male","Male","Male_Male","M-M",44,31,13,"Resident","Resident","Resident_Resident","R-R",1,0.509928,0.430579,0.059493,0.874387627519884
"1038","1_21",0.00727062643431749,0.010703878481521,0,"1","21","Male","Male","Male_Male","M-M",44,44,0,"Resident","Resident","Resident_Resident","R-R",1,0.684944684944685,0.312072312072312,0.00298300298300298,-1.05521125513437
"1039","1_2102",0.0083598044384781,0.0125701151262489,0,"1","2102","Male","Male","Male_Male","M-M",44,34,10,"Resident","Resident","Resident_Resident","R-R",1,0.623774,0.365798,0.010428,0.429095577676594
"1040","1_2232",0.0113543813322636,0.0193022103212555,0,"1","2232","Male","Male","Male_Male","M-M",44,30,14,"Resident","Transient","Resident_Transient","R-T",1,0.520422,0.427289,0.052289,1.02281831080098
"1041","1_2233",0.0116655682487714,0.0210313157819678,0,"1","2233","Male","Male","Male_Male","M-M",44,30,14,"Resident","Transient","Resident_Transient","R-T",1,0.530542469457531,0.423551576448424,0.0459059540940459,1.02281831080098
"1042","1_28",0.00501609403565922,0.0062711727204491,0,"1","28","Male","Male","Male_Male","M-M",44,42,2,"Resident","Resident","Resident_Resident","R-R",1,0.847014152985847,0.152958847041153,2.6999973000027e-05,-0.758349888572181
"1043","1_291",0.00803062290033408,0.0120741201599792,0,"1","291","Male","Male","Male_Male","M-M",44,43,1,"Resident","Transient","Resident_Transient","R-T",1,0.638227638227638,0.353859353859354,0.00791300791300791,-0.906780571853278
"1044","1_293",0.0107157177326179,0.0174330421382419,0,"1","293","Male","Male","Male_Male","M-M",44,32,12,"Resident","Resident","Resident_Resident","R-R",1,0.54031454031454,0.419424419424419,0.0402610402610403,0.725956944238787
"1045","1_3",0.140758648530571,0.0399945742027804,12,"1","3","Male","Male","Male_Male","M-M",44,45,1,"Resident","Resident","Resident_Resident","R-R",3,9.99999000001e-07,0.000180999819000181,0.999818000182,-0.906780571853278
"1046","1_33",0.0737171072432566,0.0379381091784785,4,"1","33","Male","Male","Male_Male","M-M",44,37,7,"Resident","Resident","Resident_Resident","R-R",3,0.000608,0.475669,0.523723,-0.0161964721666967
"1047","1_355",0.00936166065044744,0.015003251125474,0,"1","355","Male","Male","Male_Male","M-M",44,43,1,"Resident","Transient","Resident_Transient","R-T",1,0.584797,0.394562,0.020641,-0.906780571853278
"1048","1_37",0.0206849498600599,0.014932496004103,2,"1","37","Male","Male","Male_Male","M-M",44,44,0,"Resident","Resident","Resident_Resident","R-R",2,0.143173,0.856222,0.000605,-1.05521125513437
"1049","1_413",0.0441340381502758,0.0267745861521032,3,"1","413","Male","Male","Male_Male","M-M",44,43,1,"Resident","Resident","Resident_Resident","R-R",2,0.0111500111500112,0.928269928269928,0.0605800605800606,-0.906780571853278
"1050","1_45",0.039600986716883,0.0179329580104797,5,"1","45","Male","Male","Male_Male","M-M",44,44,0,"Resident","Resident","Resident_Resident","R-R",2,0.001142,0.997036,0.001822,-1.05521125513437
"1051","1_452",0.0416029723657157,0.0467262140017353,1,"1","452","Male","Male","Male_Male","M-M",44,43,1,"Resident","Transient","Resident_Transient","R-T",2,0.122271,0.637292,0.240437,-0.906780571853278
"1052","1_480",0.0276422510709231,0.019761568752949,2,"1","480","Male","Male","Male_Male","M-M",44,43,1,"Resident","Resident","Resident_Resident","R-R",2,0.08199,0.908725,0.009285,-0.906780571853278
"1053","1_496",0.00918376432551024,0.0146774340959338,0,"1","496","Male","Male","Male_Male","M-M",44,43,1,"Resident","Transient","Resident_Transient","R-T",1,0.584797,0.394562,0.020641,-0.906780571853278
"1054","1_504",0.00984174550397005,0.0158154910678567,0,"1","504","Male","Male","Male_Male","M-M",44,43,1,"Resident","Transient","Resident_Transient","R-T",1,0.576411,0.399965,0.023624,-0.906780571853278
"1055","1_509",0.00759220357071845,0.0113291351208764,0,"1","509","Male","Male","Male_Male","M-M",44,43,1,"Resident","Resident","Resident_Resident","R-R",1,0.652147347852652,0.341855658144342,0.005996994003006,-0.906780571853278
"1056","1_549",0.00522345107783575,0.00679339153073132,0,"1","549","Male","Male","Male_Male","M-M",44,43,1,"Resident","Resident","Resident_Resident","R-R",1,0.82389,0.176047,6.3e-05,-0.906780571853278
"1057","1_558",0.00614238090538,0.00858475453777361,0,"1","558","Male","Male","Male_Male","M-M",44,43,1,"Resident","Resident","Resident_Resident","R-R",1,0.754064,0.24539,0.000546,-0.906780571853278
"1058","1_562",0.00981655304514289,0.0162703002673335,0,"1","562","Male","Male","Male_Male","M-M",44,43,1,"Resident","Transient","Resident_Transient","R-T",1,0.56779,0.405188,0.027022,-0.906780571853278
"1059","1_606",0.00739722350233614,0.0106770940732201,0,"1","606","Male","Male","Male_Male","M-M",44,36,8,"Resident","Resident","Resident_Resident","R-R",1,0.672145,0.323908,0.003947,0.1322342111144
"1060","1_74",0.0095208844739956,0.0154976418977266,0,"1","74","Male","Male","Male_Male","M-M",44,43,1,"Resident","Resident","Resident_Resident","R-R",1,0.584797,0.394562,0.020641,-0.906780571853278
"1061","1_76",0.0124323267582994,0.0109307015492465,1,"1","76","Male","Male","Male_Male","M-M",44,44,0,"Resident","Resident","Resident_Resident","R-R",2,0.465765465765466,0.533948533948534,0.000286000286000286,-1.05521125513437
"1062","1_804",0.0619653993314083,0.0314058793513587,4,"1","804","Male","Male","Male_Male","M-M",44,39,5,"Resident","Resident","Resident_Resident","R-R",2,0.0011999988000012,0.729476270523729,0.269323730676269,-0.31305783872889
"1063","1_824",0.108474773609771,0.0439704100402116,6,"1","824","Male","Male","Male_Male","M-M",44,39,5,"Resident","Resident","Resident_Resident","R-R",3,2e-06,0.055531,0.944467,-0.31305783872889
"1064","1_92",0.0289657646785611,0.0211722040758612,2,"1","92","Male","Male","Male_Male","M-M",44,43,1,"Resident","Resident","Resident_Resident","R-R",2,0.073503,0.911364,0.015133,-0.906780571853278
"1065","1_9907",0.00901011498153472,0.0144475913770438,0,"1","9907","Male","Male","Male_Male","M-M",44,37,7,"Resident","Transient","Resident_Transient","R-T",1,0.592966,0.38901,0.018024,-0.0161964721666967
"1066","1_9911",0.041268236746306,0.0314579456247996,2,"1","9911","Male","Male","Male_Male","M-M",44,37,7,"Resident","Resident","Resident_Resident","R-R",2,0.0424,0.846842,0.110758,-0.0161964721666967
"1067","2028_2048",0.138602395121026,0.0644274395994674,5,"2028","2048","Male","Male","Male_Male","M-M",31,31,0,"Resident","Resident","Resident_Resident","R-R",3,4.999995000005e-06,0.0360529639470361,0.963942036057964,-1.05521125513437
"1068","2028_2102",0.00700057762435786,0.0101127759300067,0,"2028","2102","Male","Male","Male_Male","M-M",31,34,3,"Resident","Resident","Resident_Resident","R-R",1,0.684944684944685,0.312072312072312,0.00298300298300298,-0.609919205291084
"1069","2028_2232",0.012917142027343,0.0254253234498684,0,"2028","2232","Male","Male","Male_Male","M-M",31,30,1,"Resident","Transient","Resident_Transient","R-T",1,0.487705,0.435572,0.076723,-0.906780571853278
"1070","2028_2233",0.0122804443255504,0.0208935166040082,0,"2028","2233","Male","Male","Male_Male","M-M",31,30,1,"Resident","Transient","Resident_Transient","R-T",1,0.499031,0.433362,0.067607,-0.906780571853278
"1071","2028_28",0.0074433939227997,0.0107144135289494,0,"2028","28","Male","Male","Male_Male","M-M",31,42,11,"Resident","Resident","Resident_Resident","R-R",1,0.678595,0.317973,0.003432,0.577526260957691
"1072","2028_293",0.0071464134169971,0.00991722815794316,0,"2028","293","Male","Male","Male_Male","M-M",31,32,1,"Resident","Resident","Resident_Resident","R-R",1,0.684944684944685,0.312072312072312,0.00298300298300298,-0.906780571853278
"1073","2028_3",0.0129274616689901,0.0244272841127001,0,"2028","3","Male","Male","Male_Male","M-M",31,45,14,"Resident","Resident","Resident_Resident","R-R",1,0.499031,0.433362,0.067607,1.02281831080098
"1074","2028_3009",0.0179670790109548,0.0172012410947558,1,"2028","3009","Male","Male","Male_Male","M-M",31,27,4,"Resident","Resident","Resident_Resident","R-R",2,0.299683,0.692589,0.007728,-0.461488522009987
"1075","2028_3012",0.00667843793997613,0.00932619630225842,0,"2028","3012","Male","Male","Male_Male","M-M",31,27,4,"Resident","Resident","Resident_Resident","R-R",1,0.732401,0.266634,0.000965,-0.461488522009987
"1076","2028_3098",0.0467611772354782,0.0351086981293654,2,"2028","3098","Male","Male","Male_Male","M-M",31,27,4,"Resident","Resident","Resident_Resident","R-R",2,0.033905,0.779112,0.186983,-0.461488522009987
"1077","2028_33",0.0130133779621705,0.0250322365266033,0,"2028","33","Male","Male","Male_Male","M-M",31,37,6,"Resident","Resident","Resident_Resident","R-R",1,0.499031,0.433362,0.067607,-0.164627155447794
"1078","2028_4104",0.00798297723587416,0.0119253565949,0,"2028","4104","Male","Male","Male_Male","M-M",31,26,5,"Resident","Resident","Resident_Resident","R-R",1,0.658926,0.335856,0.005218,-0.31305783872889
"1079","2028_45",0.00619890903829776,0.0078770138124038,0,"2028","45","Male","Male","Male_Male","M-M",31,44,13,"Resident","Resident","Resident_Resident","R-R",1,0.743398743398743,0.255875255875256,0.000726000726000726,0.874387627519884
"1080","2028_480",0.0225058555926968,0.0230015610487979,1,"2028","480","Male","Male","Male_Male","M-M",31,43,12,"Resident","Resident","Resident_Resident","R-R",2,0.227755772244228,0.736945263054737,0.0352989647010353,0.725956944238787
"1081","2028_5001",0.00783710297069034,0.0114089737345295,0,"2028","5001","Male","Male","Male_Male","M-M",31,22,9,"Resident","Resident","Resident_Resident","R-R",1,0.64525,0.34786,0.00689,0.280664894395497
"1082","2028_5003",0.0176062345864935,0.0165653499540514,1,"2028","5003","Male","Male","Male_Male","M-M",31,23,8,"Resident","Resident","Resident_Resident","R-R",2,0.293535,0.697675,0.00879,0.1322342111144
"1083","2028_5018",0.00672852680697572,0.00924694243939509,0,"2028","5018","Male","Male","Male_Male","M-M",31,22,9,"Resident","Resident","Resident_Resident","R-R",1,0.703415,0.294628,0.001957,0.280664894395497
"1084","2028_5019",0.0212787474219442,0.0213198480496824,1,"2028","5019","Male","Male","Male_Male","M-M",31,23,8,"Resident","Resident","Resident_Resident","R-R",2,0.23957,0.732893,0.027537,0.1322342111144
"1085","2028_5031",0.01821704250262,0.0169899691130527,1,"2028","5031","Male","Male","Male_Male","M-M",31,23,8,"Resident","Resident","Resident_Resident","R-R",2,0.287424287424287,0.702581702581703,0.00999400999400999,0.1322342111144
"1086","2028_5036",0.0190132279636703,0.0188025116482361,1,"2028","5036","Male","Male","Male_Male","M-M",31,23,8,"Resident","Resident","Resident_Resident","R-R",2,0.275307,0.711785,0.012908,0.1322342111144
"1087","2028_5044",0.0217063772182434,0.021639303242994,1,"2028","5044","Male","Male","Male_Male","M-M",31,23,8,"Resident","Resident","Resident_Resident","R-R",2,0.233663,0.73515,0.031187,0.1322342111144
"1088","2028_5049",0.00810811734709197,0.0124277579256749,0,"2028","5049","Male","Male","Male_Male","M-M",31,22,9,"Resident","Transient","Resident_Transient","R-T",1,0.64525,0.34786,0.00689,0.280664894395497
"1089","2028_5061",0.0410384443334403,0.030588406768349,2,"2028","5061","Male","Male","Male_Male","M-M",31,22,9,"Resident","Resident","Resident_Resident","R-R",2,0.0424,0.846842,0.110758,0.280664894395497
"1090","2028_5068",0.0208490141329053,0.0203499244641012,1,"2028","5068","Male","Male","Male_Male","M-M",31,22,9,"Resident","Resident","Resident_Resident","R-R",2,0.23957,0.732893,0.027537,0.280664894395497
"1091","2028_5069",0.00672158256362242,0.00951379554715999,0,"2028","5069","Male","Male","Male_Male","M-M",31,23,8,"Resident","Resident","Resident_Resident","R-R",1,0.721067,0.277652,0.001281,0.1322342111144
"1092","2028_5071",0.0222003976200006,0.0226812436349088,1,"2028","5071","Male","Male","Male_Male","M-M",31,22,9,"Resident","Resident","Resident_Resident","R-R",2,0.227755772244228,0.736945263054737,0.0352989647010353,0.280664894395497
"1093","2028_5075",0.0622674784925352,0.038925186708533,3,"2028","5075","Male","Male","Male_Male","M-M",31,23,8,"Resident","Resident","Resident_Resident","R-R",2,0.004901,0.657246,0.337853,0.1322342111144
"1094","2028_5109",0.0071047056673002,0.00979747391825061,0,"2028","5109","Male","Male","Male_Male","M-M",31,23,8,"Resident","Resident","Resident_Resident","R-R",1,0.678595,0.317973,0.003432,0.1322342111144
"1095","2028_5137",0.00802995134991204,0.0116437209785451,0,"2028","5137","Male","Male","Male_Male","M-M",31,23,8,"Resident","Resident","Resident_Resident","R-R",1,0.631071,0.359843,0.009086,0.1322342111144
"1096","2028_5158",0.00675646301477961,0.00923517742497906,0,"2028","5158","Male","Male","Male_Male","M-M",31,23,8,"Resident","Resident","Resident_Resident","R-R",1,0.721067,0.277652,0.001281,0.1322342111144
"1097","2028_5161",0.0488497836443578,0.036309593748834,2,"2028","5161","Male","Male","Male_Male","M-M",31,23,8,"Resident","Resident","Resident_Resident","R-R",2,0.0322200322200322,0.761447761447761,0.206332206332206,0.1322342111144
"1098","2028_5165",0.00703200789695176,0.00993481812983596,0,"2028","5165","Male","Male","Male_Male","M-M",31,23,8,"Resident","Resident","Resident_Resident","R-R",1,0.697351302648697,0.3003956996043,0.00225299774700225,0.1322342111144
"1099","2028_5194",0.00795242162830739,0.0126236312057387,0,"2028","5194","Male","Male","Male_Male","M-M",31,22,9,"Resident","Resident","Resident_Resident","R-R",1,0.652147347852652,0.341855658144342,0.005996994003006,0.280664894395497
"1100","2028_558",0.0134888035433007,0.025813101656632,0,"2028","558","Male","Male","Male_Male","M-M",31,43,12,"Resident","Resident","Resident_Resident","R-R",1,0.487705,0.435572,0.076723,0.725956944238787
"1101","2028_6000",0.0109160227585012,0.0196237295273262,0,"2028","6000","Male","Male","Male_Male","M-M",31,20,11,"Resident","Transient","Resident_Transient","R-T",1,0.54031454031454,0.419424419424419,0.0402610402610403,0.577526260957691
"1102","2028_6001",0.0111953811190017,0.0188065080877398,0,"2028","6001","Male","Male","Male_Male","M-M",31,20,11,"Resident","Transient","Resident_Transient","R-T",1,0.54031454031454,0.419424419424419,0.0402610402610403,0.577526260957691
"1103","2028_6003",0.00985667659529712,0.0160591207567191,0,"2028","6003","Male","Male","Male_Male","M-M",31,20,11,"Resident","Resident","Resident_Resident","R-R",1,0.56779,0.405188,0.027022,0.577526260957691
"1104","2028_6005",0.0120134142725431,0.0217912546467834,0,"2028","6005","Male","Male","Male_Male","M-M",31,20,11,"Resident","Transient","Resident_Transient","R-T",1,0.520422,0.427289,0.052289,0.577526260957691
"1105","2028_6014",0.0114009422446033,0.0205695493181,0,"2028","6014","Male","Male","Male_Male","M-M",31,20,11,"Resident","Transient","Resident_Transient","R-T",1,0.530542469457531,0.423551576448424,0.0459059540940459,0.577526260957691
"1106","2028_6016",0.0097680729114101,0.0159600272671688,0,"2028","6016","Male","Male","Male_Male","M-M",31,20,11,"Resident","Resident","Resident_Resident","R-R",1,0.576411,0.399965,0.023624,0.577526260957691
"1107","2028_6017",0.0111562056189024,0.0193965486780358,0,"2028","6017","Male","Male","Male_Male","M-M",31,20,11,"Resident","Resident","Resident_Resident","R-R",1,0.54976345023655,0.414957585042415,0.0352789647210353,0.577526260957691
"1108","2028_606",0.00663038802933637,0.00909078007218584,0,"2028","606","Male","Male","Male_Male","M-M",31,36,5,"Resident","Resident","Resident_Resident","R-R",1,0.709388,0.288913,0.001699,-0.31305783872889
"1109","2028_6102",0.0128111884297069,0.02319330608613,0,"2028","6102","Male","Male","Male_Male","M-M",31,18,13,"Resident","Resident","Resident_Resident","R-R",1,0.509928,0.430579,0.059493,0.874387627519884
"1110","2028_6105",0.0129139385603097,0.0244899602445458,0,"2028","6105","Male","Male","Male_Male","M-M",31,18,13,"Resident","Resident","Resident_Resident","R-R",1,0.520422,0.427289,0.052289,0.874387627519884
"1111","2028_6110",0.0132993682783409,0.0266302600740105,0,"2028","6110","Male","Male","Male_Male","M-M",31,18,13,"Resident","Transient","Resident_Transient","R-T",1,0.499031,0.433362,0.067607,0.874387627519884
"1112","2028_6112",0.0132422042996088,0.0252219599364164,0,"2028","6112","Male","Male","Male_Male","M-M",31,18,13,"Resident","Resident","Resident_Resident","R-R",1,0.499031,0.433362,0.067607,0.874387627519884
"1113","2028_6122",0.0111387381305676,0.0197421476714494,0,"2028","6122","Male","Male","Male_Male","M-M",31,18,13,"Resident","Resident","Resident_Resident","R-R",1,0.530542469457531,0.423551576448424,0.0459059540940459,0.874387627519884
"1114","2028_6123",0.0126711832446801,0.0268907186623536,0,"2028","6123","Male","Male","Male_Male","M-M",31,18,13,"Resident","Resident","Resident_Resident","R-R",1,0.520422,0.427289,0.052289,0.874387627519884
"1115","2028_6133",0.0123817393997318,0.021682869133162,0,"2028","6133","Male","Male","Male_Male","M-M",31,18,13,"Resident","Resident","Resident_Resident","R-R",1,0.509928,0.430579,0.059493,0.874387627519884
"1116","2028_6138",0.0130844422107506,0.0284642876482376,0,"2028","6138","Male","Male","Male_Male","M-M",31,18,13,"Resident","Resident","Resident_Resident","R-R",1,0.509928,0.430579,0.059493,0.874387627519884
"1117","2028_6139",0.0126374181257169,0.024020421824973,0,"2028","6139","Male","Male","Male_Male","M-M",31,18,13,"Resident","Resident","Resident_Resident","R-R",1,0.509928,0.430579,0.059493,0.874387627519884
"1118","2028_76",0.0211329429999334,0.0211764797565742,1,"2028","76","Male","Male","Male_Male","M-M",31,44,13,"Resident","Resident","Resident_Resident","R-R",2,0.245484245484245,0.73021673021673,0.0242990242990243,0.874387627519884
"1119","2028_804",0.0139138184666957,0.0277211694595012,0,"2028","804","Male","Male","Male_Male","M-M",31,39,8,"Resident","Resident","Resident_Resident","R-R",1,0.487705,0.435572,0.076723,0.1322342111144
"1120","2028_824",0.0117313729981619,0.0217072952424695,0,"2028","824","Male","Male","Male_Male","M-M",31,39,8,"Resident","Resident","Resident_Resident","R-R",1,0.520422,0.427289,0.052289,0.1322342111144
"1121","2028_92",0.00680089654430873,0.0093870936348114,0,"2028","92","Male","Male","Male_Male","M-M",31,43,12,"Resident","Resident","Resident_Resident","R-R",1,0.715271,0.283253,0.001476,0.725956944238787
"1122","2048_2102",0.00913630145845191,0.0157836739178696,0,"2048","2102","Male","Male","Male_Male","M-M",31,34,3,"Resident","Resident","Resident_Resident","R-R",1,0.608717,0.377561,0.013722,-0.609919205291084
"1123","2048_2232",0.0145203325403242,0.0313658526132494,0,"2048","2232","Male","Male","Male_Male","M-M",31,30,1,"Resident","Transient","Resident_Transient","R-T",1,0.487705,0.435572,0.076723,-0.906780571853278
"1124","2048_2233",0.0129741887536229,0.0265570760355012,0,"2048","2233","Male","Male","Male_Male","M-M",31,30,1,"Resident","Transient","Resident_Transient","R-T",1,0.499031,0.433362,0.067607,-0.906780571853278
"1125","2048_28",0.00922273604101393,0.0146267555227584,0,"2048","28","Male","Male","Male_Male","M-M",31,42,11,"Resident","Resident","Resident_Resident","R-R",1,0.600934600934601,0.383335383335383,0.0157300157300157,0.577526260957691
"1126","2048_293",0.00863438687850953,0.0131369672417361,0,"2048","293","Male","Male","Male_Male","M-M",31,32,1,"Resident","Resident","Resident_Resident","R-R",1,0.623774,0.365798,0.010428,-0.906780571853278
"1127","2048_3",0.0131881204664838,0.0254614474695517,0,"2048","3","Male","Male","Male_Male","M-M",31,45,14,"Resident","Resident","Resident_Resident","R-R",1,0.499031,0.433362,0.067607,1.02281831080098
"1128","2048_3009",0.0547505866781893,0.0338401614150319,3,"2048","3009","Male","Male","Male_Male","M-M",31,27,4,"Resident","Resident","Resident_Resident","R-R",2,0.00665700665700666,0.775966775966776,0.217376217376217,-0.461488522009987
"1129","2048_3012",0.0184763047055833,0.0182624969714595,1,"2048","3012","Male","Male","Male_Male","M-M",31,27,4,"Resident","Resident","Resident_Resident","R-R",2,0.287424287424287,0.702581702581703,0.00999400999400999,-0.461488522009987
"1130","2048_3098",0.00838357640482372,0.0125773262174388,0,"2048","3098","Male","Male","Male_Male","M-M",31,27,4,"Resident","Resident","Resident_Resident","R-R",1,0.623774,0.365798,0.010428,-0.461488522009987
"1131","2048_33",0.0129878644086481,0.0240541801320705,0,"2048","33","Male","Male","Male_Male","M-M",31,37,6,"Resident","Resident","Resident_Resident","R-R",1,0.499031,0.433362,0.067607,-0.164627155447794
"1132","2048_4104",0.00798579076287858,0.0128671548688083,0,"2048","4104","Male","Male","Male_Male","M-M",31,26,5,"Resident","Resident","Resident_Resident","R-R",1,0.652147347852652,0.341855658144342,0.005996994003006,-0.31305783872889
"1133","2048_45",0.00575082233503347,0.00757032963207321,0,"2048","45","Male","Male","Male_Male","M-M",31,44,13,"Resident","Resident","Resident_Resident","R-R",1,0.759274,0.240252,0.000474,0.874387627519884
"1134","2048_480",0.00901519910929198,0.0140836116207973,0,"2048","480","Male","Male","Male_Male","M-M",31,43,12,"Resident","Resident","Resident_Resident","R-R",1,0.616326,0.371709,0.011965,0.725956944238787
"1135","2048_5001",0.0284169465645284,0.0302308616901625,1,"2048","5001","Male","Male","Male_Male","M-M",31,22,9,"Resident","Resident","Resident_Resident","R-R",2,0.179798,0.72809,0.092112,0.280664894395497
"1136","2048_5003",0.0149221482894828,0.013737216078302,1,"2048","5003","Male","Male","Male_Male","M-M",31,23,8,"Resident","Resident","Resident_Resident","R-R",2,0.370013,0.628143,0.001844,0.1322342111144
"1137","2048_5018",0.00530107915163901,0.00683864917558557,0,"2048","5018","Male","Male","Male_Male","M-M",31,22,9,"Resident","Resident","Resident_Resident","R-R",1,0.806983,0.192904,0.000113,0.280664894395497
"1138","2048_5019",0.0244300134275902,0.0249730120956816,1,"2048","5019","Male","Male","Male_Male","M-M",31,23,8,"Resident","Resident","Resident_Resident","R-R",2,0.20998,0.739065,0.050955,0.1322342111144
"1139","2048_5031",0.0455460643400102,0.0353397641546932,2,"2048","5031","Male","Male","Male_Male","M-M",31,23,8,"Resident","Resident","Resident_Resident","R-R",2,0.035596,0.795347,0.169057,0.1322342111144
"1140","2048_5036",0.0325360089859016,0.0245101026960635,2,"2048","5036","Male","Male","Male_Male","M-M",31,23,8,"Resident","Resident","Resident_Resident","R-R",2,0.059972,0.90488,0.035148,0.1322342111144
"1141","2048_5044",0.0269718047482047,0.0281821236530771,1,"2048","5044","Male","Male","Male_Male","M-M",31,23,8,"Resident","Resident","Resident_Resident","R-R",2,0.185919,0.732056,0.082025,0.1322342111144
"1142","2048_5049",0.00903207655042638,0.0144597851652493,0,"2048","5049","Male","Male","Male_Male","M-M",31,22,9,"Resident","Transient","Resident_Transient","R-T",1,0.592966,0.38901,0.018024,0.280664894395497
"1143","2048_5061",0.04299588041566,0.0338381327008643,2,"2048","5061","Male","Male","Male_Male","M-M",31,22,9,"Resident","Resident","Resident_Resident","R-R",2,0.038991,0.823675,0.137334,0.280664894395497
"1144","2048_5068",0.109539651418514,0.0501864672577153,5,"2048","5068","Male","Male","Male_Male","M-M",31,22,9,"Resident","Resident","Resident_Resident","R-R",3,1.4e-05,0.089903,0.910083,0.280664894395497
"1145","2048_5069",0.00762532952508721,0.0114303888550429,0,"2048","5069","Male","Male","Male_Male","M-M",31,23,8,"Resident","Resident","Resident_Resident","R-R",1,0.672145,0.323908,0.003947,0.1322342111144
"1146","2048_5071",0.075614246907811,0.0476052315794151,3,"2048","5071","Male","Male","Male_Male","M-M",31,22,9,"Resident","Resident","Resident_Resident","R-R",3,0.00277400277400277,0.452772452772453,0.544453544453544,0.280664894395497
"1147","2048_5075",0.0604899911935943,0.0360066893156699,3,"2048","5075","Male","Male","Male_Male","M-M",31,23,8,"Resident","Resident","Resident_Resident","R-R",2,0.005242,0.683554,0.311204,0.1322342111144
"1148","2048_5109",0.00606118639558637,0.00810359787928336,0,"2048","5109","Male","Male","Male_Male","M-M",31,23,8,"Resident","Resident","Resident_Resident","R-R",1,0.774419,0.225272,0.000309,0.1322342111144
"1149","2048_5137",0.00957956069571077,0.0152003211574498,0,"2048","5137","Male","Male","Male_Male","M-M",31,23,8,"Resident","Resident","Resident_Resident","R-R",1,0.56779,0.405188,0.027022,0.1322342111144
"1150","2048_5158",0.0496509897983395,0.0305947103026519,3,"2048","5158","Male","Male","Male_Male","M-M",31,23,8,"Resident","Resident","Resident_Resident","R-R",2,0.00849099150900849,0.86018813981186,0.131320868679131,0.1322342111144
"1151","2048_5161",0.00652583910213672,0.00889235884843954,0,"2048","5161","Male","Male","Male_Male","M-M",31,23,8,"Resident","Resident","Resident_Resident","R-R",1,0.726777,0.272111,0.001112,0.1322342111144
"1152","2048_5165",0.0874476032500112,0.0450020494399736,4,"2048","5165","Male","Male","Male_Male","M-M",31,23,8,"Resident","Resident","Resident_Resident","R-R",3,0.000294,0.279591,0.720115,0.1322342111144
"1153","2048_5194",0.0202420629986157,0.0197011105794761,1,"2048","5194","Male","Male","Male_Male","M-M",31,22,9,"Resident","Resident","Resident_Resident","R-R",2,0.25735,0.723758,0.018892,0.280664894395497
"1154","2048_558",0.0131948001169022,0.0250570819749587,0,"2048","558","Male","Male","Male_Male","M-M",31,43,12,"Resident","Resident","Resident_Resident","R-R",1,0.487705,0.435572,0.076723,0.725956944238787
"1155","2048_6000",0.0118482819108294,0.0227422327435388,0,"2048","6000","Male","Male","Male_Male","M-M",31,20,11,"Resident","Transient","Resident_Transient","R-T",1,0.509928,0.430579,0.059493,0.577526260957691
"1156","2048_6001",0.0131764864640362,0.0254905210383654,0,"2048","6001","Male","Male","Male_Male","M-M",31,20,11,"Resident","Transient","Resident_Transient","R-T",1,0.509928,0.430579,0.059493,0.577526260957691
"1157","2048_6003",0.00770307290380158,0.0110068283456722,0,"2048","6003","Male","Male","Male_Male","M-M",31,20,11,"Resident","Resident","Resident_Resident","R-R",1,0.658926,0.335856,0.005218,0.577526260957691
"1158","2048_6005",0.0126768935836294,0.0230330025230028,0,"2048","6005","Male","Male","Male_Male","M-M",31,20,11,"Resident","Transient","Resident_Transient","R-T",1,0.487705,0.435572,0.076723,0.577526260957691
"1159","2048_6014",0.0125689139118658,0.0234409909462847,0,"2048","6014","Male","Male","Male_Male","M-M",31,20,11,"Resident","Transient","Resident_Transient","R-T",1,0.499031,0.433362,0.067607,0.577526260957691
"1160","2048_6016",0.0565207556885289,0.0439437007486389,2,"2048","6016","Male","Male","Male_Male","M-M",31,20,11,"Resident","Resident","Resident_Resident","R-R",2,0.023975,0.651887,0.324138,0.577526260957691
"1161","2048_6017",0.0308324433728911,0.0320780314674313,1,"2048","6017","Male","Male","Male_Male","M-M",31,20,11,"Resident","Resident","Resident_Resident","R-R",2,0.161107,0.709664,0.129229,0.577526260957691
"1162","2048_606",0.00822553703771935,0.0124608122437077,0,"2048","606","Male","Male","Male_Male","M-M",31,36,5,"Resident","Resident","Resident_Resident","R-R",1,0.638227638227638,0.353859353859354,0.00791300791300791,-0.31305783872889
"1163","2048_6102",0.0078475265132621,0.0114494333737109,0,"2048","6102","Male","Male","Male_Male","M-M",31,18,13,"Resident","Resident","Resident_Resident","R-R",1,0.638227638227638,0.353859353859354,0.00791300791300791,0.874387627519884
"1164","2048_6105",0.0284094031280272,0.0213276594774514,2,"2048","6105","Male","Male","Male_Male","M-M",31,18,13,"Resident","Resident","Resident_Resident","R-R",2,0.077667,0.910474,0.011859,0.874387627519884
"1165","2048_6110",0.0124371648112555,0.0249257909555934,0,"2048","6110","Male","Male","Male_Male","M-M",31,18,13,"Resident","Transient","Resident_Transient","R-T",1,0.520422,0.427289,0.052289,0.874387627519884
"1166","2048_6112",0.0836023079911358,0.0514160233676424,3,"2048","6112","Male","Male","Male_Male","M-M",31,18,13,"Resident","Resident","Resident_Resident","R-R",3,0.002059,0.365433,0.632508,0.874387627519884
"1167","2048_6122",0.00808934448688449,0.0123421500393272,0,"2048","6122","Male","Male","Male_Male","M-M",31,18,13,"Resident","Resident","Resident_Resident","R-R",1,0.64525,0.34786,0.00689,0.874387627519884
"1168","2048_6123",0.00878724269506254,0.0137845698853243,0,"2048","6123","Male","Male","Male_Male","M-M",31,18,13,"Resident","Resident","Resident_Resident","R-R",1,0.600934600934601,0.383335383335383,0.0157300157300157,0.874387627519884
"1169","2048_6133",0.00924991390936142,0.0147214371846255,0,"2048","6133","Male","Male","Male_Male","M-M",31,18,13,"Resident","Resident","Resident_Resident","R-R",1,0.592966,0.38901,0.018024,0.874387627519884
"1170","2048_6138",0.00822350173750235,0.0123425256981612,0,"2048","6138","Male","Male","Male_Male","M-M",31,18,13,"Resident","Resident","Resident_Resident","R-R",1,0.623774,0.365798,0.010428,0.874387627519884
"1171","2048_6139",0.0094279427404628,0.014748450490313,0,"2048","6139","Male","Male","Male_Male","M-M",31,18,13,"Resident","Resident","Resident_Resident","R-R",1,0.592966,0.38901,0.018024,0.874387627519884
"1172","2048_6201",0.0176299553582995,0.017036213481643,1,"2048","6201","Male","Male","Male_Male","M-M",31,15,16,"Resident","Resident","Resident_Resident","R-R",2,0.299683,0.692589,0.007728,1.31967967736317
"1173","2048_6210",0.0253078022192694,0.0250398775716388,1,"2048","6210","Male","Male","Male_Male","M-M",31,17,14,"Resident","Resident","Resident_Resident","R-R",2,0.198022,0.737185,0.064793,1.02281831080098
"1174","2048_6220",0.00830934444243817,0.0122069720653145,0,"2048","6220","Male","Male","Male_Male","M-M",31,17,14,"Resident","Resident","Resident_Resident","R-R",1,0.616326,0.371709,0.011965,1.02281831080098
"1175","2048_6235",0.00768197357895728,0.0121233783541592,0,"2048","6235","Male","Male","Male_Male","M-M",31,14,17,"Resident","Resident","Resident_Resident","R-R",1,0.66559,0.329871,0.004539,1.46811036064427
"1176","2048_6257",0.0415818607748627,0.0476267395026731,1,"2048","6257","Male","Male","Male_Male","M-M",31,17,14,"Resident","Resident","Resident_Resident","R-R",2,0.122271,0.637292,0.240437,1.02281831080098
"1177","2048_6421",0.0078690949977152,0.0118804317873257,0,"2048","6421","Male","Male","Male_Male","M-M",31,14,17,"Resident","Resident","Resident_Resident","R-R",1,0.658926,0.335856,0.005218,1.46811036064427
"1178","2048_6516",0.00781874777343993,0.0116927744690656,0,"2048","6516","Male","Male","Male_Male","M-M",31,12,19,"Resident","Resident","Resident_Resident","R-R",1,0.658926,0.335856,0.005218,1.76497172720647
"1179","2048_6527",0.00874732122096014,0.013660673067336,0,"2048","6527","Male","Male","Male_Male","M-M",31,10,21,"Resident","Resident","Resident_Resident","R-R",1,0.616326,0.371709,0.011965,2.06183309376866
"1180","2048_6534",0.0113075673805502,0.0199257150786292,0,"2048","6534","Male","Male","Male_Male","M-M",31,12,19,"Resident","Transient","Resident_Transient","R-T",1,0.530542469457531,0.423551576448424,0.0459059540940459,1.76497172720647
"1181","2048_6535",0.0100240864726708,0.0180358375388299,0,"2048","6535","Male","Male","Male_Male","M-M",31,10,21,"Resident","Resident","Resident_Resident","R-R",1,0.56779,0.405188,0.027022,2.06183309376866
"1182","2048_6612",0.00872890165518102,0.0133473478537197,0,"2048","6612","Male","Male","Male_Male","M-M",31,10,21,"Resident","Resident","Resident_Resident","R-R",1,0.608717,0.377561,0.013722,2.06183309376866
"1183","2048_6631",0.0111754081763039,0.0206373879663673,0,"2048","6631","Male","Male","Male_Male","M-M",31,10,21,"Resident","Transient","Resident_Transient","R-T",1,0.520422,0.427289,0.052289,2.06183309376866
"1184","2048_6714",0.0306663654563829,0.032461710662881,1,"2048","6714","Male","Male","Male_Male","M-M",31,9,22,"Resident","Unknown","Resident_Unknown","R-U",2,0.161107,0.709664,0.129229,2.21026377704976
"1185","2048_6722",0.0120636609077791,0.02286973329721,0,"2048","6722","Male","Male","Male_Male","M-M",31,9,22,"Resident","Unknown","Resident_Unknown","R-U",1,0.530542469457531,0.423551576448424,0.0459059540940459,2.21026377704976
"1186","2048_76",0.00763008449883007,0.0110244510897161,0,"2048","76","Male","Male","Male_Male","M-M",31,44,13,"Resident","Resident","Resident_Resident","R-R",1,0.658926,0.335856,0.005218,0.874387627519884
"1187","2048_804",0.0133631146061155,0.0282955558699783,0,"2048","804","Male","Male","Male_Male","M-M",31,39,8,"Resident","Resident","Resident_Resident","R-R",1,0.487705,0.435572,0.076723,0.1322342111144
"1188","2048_824",0.0119553245783875,0.0220200686514406,0,"2048","824","Male","Male","Male_Male","M-M",31,39,8,"Resident","Resident","Resident_Resident","R-R",1,0.520422,0.427289,0.052289,0.1322342111144
"1189","2048_92",0.0193536776522883,0.0188337302555331,1,"2048","92","Male","Male","Male_Male","M-M",31,43,12,"Resident","Resident","Resident_Resident","R-R",2,0.263310736689263,0.72004227995772,0.0166469833530166,0.725956944238787
"1190","2102_2232",0.0795262892541781,0.100811133876561,1,"2102","2232","Male","Male","Male_Male","M-M",34,30,4,"Resident","Transient","Resident_Transient","R-T",2,0.0772770772770773,0.49014249014249,0.432580432580433,-0.461488522009987
"1191","2102_2233",0.0723650215465848,0.0900507672196512,1,"2102","2233","Male","Male","Male_Male","M-M",34,30,4,"Resident","Transient","Resident_Transient","R-T",2,0.083417,0.514454,0.402129,-0.461488522009987
"1192","2102_28",0.0087170790303702,0.0138018372317798,0,"2102","28","Male","Male","Male_Male","M-M",34,42,8,"Resident","Resident","Resident_Resident","R-R",1,0.600934600934601,0.383335383335383,0.0157300157300157,0.1322342111144
"1193","2102_293",0.00986196413815343,0.0161548108005143,0,"2102","293","Male","Male","Male_Male","M-M",34,32,2,"Resident","Resident","Resident_Resident","R-R",1,0.56779,0.405188,0.027022,-0.758349888572181
"1194","2102_3",0.00895580877802687,0.0144587044917454,0,"2102","3","Male","Male","Male_Male","M-M",34,45,11,"Resident","Resident","Resident_Resident","R-R",1,0.592966,0.38901,0.018024,0.577526260957691
"1195","2102_3009",0.00753477416053788,0.0110213819258197,0,"2102","3009","Male","Male","Male_Male","M-M",34,27,7,"Resident","Resident","Resident_Resident","R-R",1,0.672145,0.323908,0.003947,-0.0161964721666967
"1196","2102_3012",0.00820471714728517,0.0124668863496123,0,"2102","3012","Male","Male","Male_Male","M-M",34,27,7,"Resident","Resident","Resident_Resident","R-R",1,0.638227638227638,0.353859353859354,0.00791300791300791,-0.0161964721666967
"1197","2102_3098",0.0341808594354915,0.0379951153159237,1,"2102","3098","Male","Male","Male_Male","M-M",34,27,7,"Resident","Resident","Resident_Resident","R-R",2,0.148354148354148,0.691189691189691,0.16045616045616,-0.0161964721666967
"1198","2102_33",0.0107562338144127,0.0187699393465227,0,"2102","33","Male","Male","Male_Male","M-M",34,37,3,"Resident","Resident","Resident_Resident","R-R",1,0.558915,0.410198,0.030887,-0.609919205291084
"1199","2102_37",0.00861698435764267,0.0135706155853177,0,"2102","37","Male","Male","Male_Male","M-M",34,44,10,"Resident","Resident","Resident_Resident","R-R",1,0.616326,0.371709,0.011965,0.429095577676594
"1200","2102_4104",0.0112625059094003,0.0208017380085385,0,"2102","4104","Male","Male","Male_Male","M-M",34,26,8,"Resident","Resident","Resident_Resident","R-R",1,0.54031454031454,0.419424419424419,0.0402610402610403,0.1322342111144
"1201","2102_413",0.0115795044096296,0.0215640742720931,0,"2102","413","Male","Male","Male_Male","M-M",34,43,9,"Resident","Resident","Resident_Resident","R-R",1,0.54031454031454,0.419424419424419,0.0402610402610403,0.280664894395497
"1202","2102_45",0.0231214414367545,0.0242066130825289,1,"2102","45","Male","Male","Male_Male","M-M",34,44,10,"Resident","Resident","Resident_Resident","R-R",2,0.221843778156222,0.738231261768738,0.0399249600750399,0.429095577676594
"1203","2102_480",0.00773581825101451,0.0112917866443961,0,"2102","480","Male","Male","Male_Male","M-M",34,43,9,"Resident","Resident","Resident_Resident","R-R",1,0.652147347852652,0.341855658144342,0.005996994003006,0.280664894395497
"1204","2102_5001",0.0103174986391562,0.0169827792059509,0,"2102","5001","Male","Male","Male_Male","M-M",34,22,12,"Resident","Resident","Resident_Resident","R-R",1,0.54031454031454,0.419424419424419,0.0402610402610403,0.725956944238787
"1205","2102_5003",0.00785869236314727,0.0113592137132019,0,"2102","5003","Male","Male","Male_Male","M-M",34,23,11,"Resident","Resident","Resident_Resident","R-R",1,0.658926,0.335856,0.005218,0.577526260957691
"1206","2102_5018",0.00852665617031646,0.0130518595348832,0,"2102","5018","Male","Male","Male_Male","M-M",34,22,12,"Resident","Resident","Resident_Resident","R-R",1,0.616326,0.371709,0.011965,0.725956944238787
"1207","2102_5019",0.00889067963622162,0.0141942565613485,0,"2102","5019","Male","Male","Male_Male","M-M",34,23,11,"Resident","Resident","Resident_Resident","R-R",1,0.600934600934601,0.383335383335383,0.0157300157300157,0.577526260957691
"1208","2102_5031",0.00726065028344031,0.0103739582839498,0,"2102","5031","Male","Male","Male_Male","M-M",34,23,11,"Resident","Resident","Resident_Resident","R-R",1,0.658926,0.335856,0.005218,0.577526260957691
"1209","2102_5036",0.00817411892775219,0.0120648346485217,0,"2102","5036","Male","Male","Male_Male","M-M",34,23,11,"Resident","Resident","Resident_Resident","R-R",1,0.623774,0.365798,0.010428,0.577526260957691
"1210","2102_5044",0.00904982713681448,0.0147456280329642,0,"2102","5044","Male","Male","Male_Male","M-M",34,23,11,"Resident","Resident","Resident_Resident","R-R",1,0.592966,0.38901,0.018024,0.577526260957691
"1211","2102_5049",0.0103369362895662,0.0175502135251071,0,"2102","5049","Male","Male","Male_Male","M-M",34,22,12,"Resident","Transient","Resident_Transient","R-T",1,0.54976345023655,0.414957585042415,0.0352789647210353,0.725956944238787
"1212","2102_5061",0.00939582728389348,0.0156073616302979,0,"2102","5061","Male","Male","Male_Male","M-M",34,22,12,"Resident","Resident","Resident_Resident","R-R",1,0.576411,0.399965,0.023624,0.725956944238787
"1213","2102_5068",0.00955678403568476,0.0151249008515432,0,"2102","5068","Male","Male","Male_Male","M-M",34,22,12,"Resident","Resident","Resident_Resident","R-R",1,0.576411,0.399965,0.023624,0.725956944238787
"1214","2102_5069",0.00845374474197385,0.0135983084149248,0,"2102","5069","Male","Male","Male_Male","M-M",34,23,11,"Resident","Resident","Resident_Resident","R-R",1,0.623774,0.365798,0.010428,0.577526260957691
"1215","2102_5071",0.00903625654439085,0.0142788918305692,0,"2102","5071","Male","Male","Male_Male","M-M",34,22,12,"Resident","Resident","Resident_Resident","R-R",1,0.600934600934601,0.383335383335383,0.0157300157300157,0.725956944238787
"1216","2102_5075",0.00779339529220669,0.0116997528636045,0,"2102","5075","Male","Male","Male_Male","M-M",34,23,11,"Resident","Resident","Resident_Resident","R-R",1,0.652147347852652,0.341855658144342,0.005996994003006,0.577526260957691
"1217","2102_5109",0.0111858458987438,0.0202633579041513,0,"2102","5109","Male","Male","Male_Male","M-M",34,23,11,"Resident","Resident","Resident_Resident","R-R",1,0.54031454031454,0.419424419424419,0.0402610402610403,0.577526260957691
"1218","2102_5137",0.013301305598264,0.0284754509360318,0,"2102","5137","Male","Male","Male_Male","M-M",34,23,11,"Resident","Resident","Resident_Resident","R-R",1,0.499031,0.433362,0.067607,0.577526260957691
"1219","2102_5158",0.00831778757675858,0.0124085629566036,0,"2102","5158","Male","Male","Male_Male","M-M",34,23,11,"Resident","Resident","Resident_Resident","R-R",1,0.616326,0.371709,0.011965,0.577526260957691
"1220","2102_5161",0.00899498340416619,0.0128227325101491,0,"2102","5161","Male","Male","Male_Male","M-M",34,23,11,"Resident","Resident","Resident_Resident","R-R",1,0.584797,0.394562,0.020641,0.577526260957691
"1221","2102_5165",0.00909929266663452,0.0141591417992129,0,"2102","5165","Male","Male","Male_Male","M-M",34,23,11,"Resident","Resident","Resident_Resident","R-R",1,0.584797,0.394562,0.020641,0.577526260957691
"1222","2102_5194",0.0113851400176292,0.0203328292574875,0,"2102","5194","Male","Male","Male_Male","M-M",34,22,12,"Resident","Resident","Resident_Resident","R-R",1,0.54031454031454,0.419424419424419,0.0402610402610403,0.725956944238787
"1223","2102_549",0.0102616174864002,0.0164005351222007,0,"2102","549","Male","Male","Male_Male","M-M",34,43,9,"Resident","Resident","Resident_Resident","R-R",1,0.558915,0.410198,0.030887,0.280664894395497
"1224","2102_558",0.0125013074991864,0.0233838758824533,0,"2102","558","Male","Male","Male_Male","M-M",34,43,9,"Resident","Resident","Resident_Resident","R-R",1,0.509928,0.430579,0.059493,0.280664894395497
"1225","2102_6000",0.0106798191545582,0.0188006011634133,0,"2102","6000","Male","Male","Male_Male","M-M",34,20,14,"Resident","Transient","Resident_Transient","R-T",1,0.54976345023655,0.414957585042415,0.0352789647210353,1.02281831080098
"1226","2102_6001",0.0105996045707854,0.0183872815941193,0,"2102","6001","Male","Male","Male_Male","M-M",34,20,14,"Resident","Transient","Resident_Transient","R-T",1,0.54976345023655,0.414957585042415,0.0352789647210353,1.02281831080098
"1227","2102_6003",0.0101497554700324,0.0165293866619683,0,"2102","6003","Male","Male","Male_Male","M-M",34,20,14,"Resident","Resident","Resident_Resident","R-R",1,0.56779,0.405188,0.027022,1.02281831080098
"1228","2102_6005",0.0117412288134949,0.0223849421723326,0,"2102","6005","Male","Male","Male_Male","M-M",34,20,14,"Resident","Transient","Resident_Transient","R-T",1,0.530542469457531,0.423551576448424,0.0459059540940459,1.02281831080098
"1229","2102_6014",0.0104949803726242,0.0179896129925548,0,"2102","6014","Male","Male","Male_Male","M-M",34,20,14,"Resident","Transient","Resident_Transient","R-T",1,0.54031454031454,0.419424419424419,0.0402610402610403,1.02281831080098
"1230","2102_6016",0.00983876020448918,0.0162393451858332,0,"2102","6016","Male","Male","Male_Male","M-M",34,20,14,"Resident","Resident","Resident_Resident","R-R",1,0.558915,0.410198,0.030887,1.02281831080098
"1231","2102_6017",0.0110127861027979,0.0190856096281234,0,"2102","6017","Male","Male","Male_Male","M-M",34,20,14,"Resident","Resident","Resident_Resident","R-R",1,0.54031454031454,0.419424419424419,0.0402610402610403,1.02281831080098
"1232","2102_606",0.113046531781202,0.0705882088223606,3,"2102","606","Male","Male","Male_Male","M-M",34,36,2,"Resident","Resident","Resident_Resident","R-R",3,0.000916,0.19788,0.801204,-0.758349888572181
"1233","2102_76",0.00830323935444623,0.0123252361037872,0,"2102","76","Male","Male","Male_Male","M-M",34,44,10,"Resident","Resident","Resident_Resident","R-R",1,0.631071,0.359843,0.009086,0.429095577676594
"1234","2102_804",0.00834585574881138,0.0124063587051751,0,"2102","804","Male","Male","Male_Male","M-M",34,39,5,"Resident","Resident","Resident_Resident","R-R",1,0.631071,0.359843,0.009086,-0.31305783872889
"1235","2102_824",0.00805323967708794,0.011895319000475,0,"2102","824","Male","Male","Male_Male","M-M",34,39,5,"Resident","Resident","Resident_Resident","R-R",1,0.623774,0.365798,0.010428,-0.31305783872889
"1236","2102_92",0.00816071267498988,0.0134387855970227,0,"2102","92","Male","Male","Male_Male","M-M",34,43,9,"Resident","Resident","Resident_Resident","R-R",1,0.64525,0.34786,0.00689,0.280664894395497
"1237","2102_9911",0.0120643810430502,0.0221821717535973,0,"2102","9911","Male","Male","Male_Male","M-M",34,37,3,"Resident","Resident","Resident_Resident","R-R",1,0.520422,0.427289,0.052289,-0.609919205291084
"1238","21_28",0.0118133206427412,0.020980846592768,0,"21","28","Male","Male","Male_Male","M-M",44,42,2,"Resident","Resident","Resident_Resident","R-R",1,0.520422,0.427289,0.052289,-0.758349888572181
"1239","21_291",0.00934851479783162,0.0148349777372754,0,"21","291","Male","Male","Male_Male","M-M",44,43,1,"Resident","Transient","Resident_Transient","R-T",1,0.592966,0.38901,0.018024,-0.906780571853278
"1240","21_3",0.00815952661135134,0.0123285919077928,0,"21","3","Male","Male","Male_Male","M-M",44,45,1,"Resident","Resident","Resident_Resident","R-R",1,0.631071,0.359843,0.009086,-0.906780571853278
"1241","21_355",0.0109217766380788,0.0184044345978732,0,"21","355","Male","Male","Male_Male","M-M",44,43,1,"Resident","Transient","Resident_Transient","R-T",1,0.530542469457531,0.423551576448424,0.0459059540940459,-0.906780571853278
"1242","21_37",0.0101695926961282,0.0174999987755084,0,"21","37","Male","Male","Male_Male","M-M",44,44,0,"Resident","Resident","Resident_Resident","R-R",1,0.576411,0.399965,0.023624,-1.05521125513437
"1243","21_413",0.0111522116951058,0.0187661344560303,0,"21","413","Male","Male","Male_Male","M-M",44,43,1,"Resident","Resident","Resident_Resident","R-R",1,0.54031454031454,0.419424419424419,0.0402610402610403,-0.906780571853278
"1244","21_45",0.00822441059170423,0.012770936977387,0,"21","45","Male","Male","Male_Male","M-M",44,44,0,"Resident","Resident","Resident_Resident","R-R",1,0.631071,0.359843,0.009086,-1.05521125513437
"1245","21_452",0.0121333991586076,0.0218144176038438,0,"21","452","Male","Male","Male_Male","M-M",44,43,1,"Resident","Transient","Resident_Transient","R-T",1,0.509928,0.430579,0.059493,-0.906780571853278
"1246","21_480",0.0111083894964326,0.0195033539570761,0,"21","480","Male","Male","Male_Male","M-M",44,43,1,"Resident","Resident","Resident_Resident","R-R",1,0.54976345023655,0.414957585042415,0.0352789647210353,-0.906780571853278
"1247","21_496",0.0117940698513442,0.0217970900346439,0,"21","496","Male","Male","Male_Male","M-M",44,43,1,"Resident","Transient","Resident_Transient","R-T",1,0.530542469457531,0.423551576448424,0.0459059540940459,-0.906780571853278
"1248","21_504",0.0123101366727061,0.0220669198644317,0,"21","504","Male","Male","Male_Male","M-M",44,43,1,"Resident","Transient","Resident_Transient","R-T",1,0.520422,0.427289,0.052289,-0.906780571853278
"1249","21_509",0.0121279579932233,0.0226755116270965,0,"21","509","Male","Male","Male_Male","M-M",44,43,1,"Resident","Resident","Resident_Resident","R-R",1,0.520422,0.427289,0.052289,-0.906780571853278
"1250","21_549",0.0120733216273595,0.0213748947033931,0,"21","549","Male","Male","Male_Male","M-M",44,43,1,"Resident","Resident","Resident_Resident","R-R",1,0.520422,0.427289,0.052289,-0.906780571853278
"1251","21_558",0.0115274100899598,0.0203537549314966,0,"21","558","Male","Male","Male_Male","M-M",44,43,1,"Resident","Resident","Resident_Resident","R-R",1,0.509928,0.430579,0.059493,-0.906780571853278
"1252","21_562",0.0127720861528264,0.0233412550914748,0,"21","562","Male","Male","Male_Male","M-M",44,43,1,"Resident","Transient","Resident_Transient","R-T",1,0.509928,0.430579,0.059493,-0.906780571853278
"1253","21_74",0.0119553860857121,0.0218088022423154,0,"21","74","Male","Male","Male_Male","M-M",44,43,1,"Resident","Resident","Resident_Resident","R-R",1,0.530542469457531,0.423551576448424,0.0459059540940459,-0.906780571853278
"1254","21_76",0.00888191916517038,0.0135229977361119,0,"21","76","Male","Male","Male_Male","M-M",44,44,0,"Resident","Resident","Resident_Resident","R-R",1,0.600934600934601,0.383335383335383,0.0157300157300157,-1.05521125513437
"1255","21_92",0.0121225806342319,0.0226414066096133,0,"21","92","Male","Male","Male_Male","M-M",44,43,1,"Resident","Resident","Resident_Resident","R-R",1,0.509928,0.430579,0.059493,-0.906780571853278
"1256","2232_2233",0.0698537984398725,0.086635592426662,1,"2232","2233","Male","Male","Male_Male","M-M",30,30,0,"Transient","Transient","Transient_Transient","T-T",2,0.083417,0.514454,0.402129,-1.05521125513437
"1257","2232_28",0.0139878542925629,0.0281285460924523,0,"2232","28","Male","Male","Male_Male","M-M",30,42,12,"Transient","Resident","Resident_Transient","R-T",1,0.487705,0.435572,0.076723,0.725956944238787
"1258","2232_293",0.0140130615218735,0.0305602031393551,0,"2232","293","Male","Male","Male_Male","M-M",30,32,2,"Transient","Resident","Resident_Transient","R-T",1,0.487705,0.435572,0.076723,-0.758349888572181
"1259","2232_3",0.0126433209883513,0.0245650720225476,0,"2232","3","Male","Male","Male_Male","M-M",30,45,15,"Transient","Resident","Resident_Transient","R-T",1,0.499031,0.433362,0.067607,1.17124899408208
"1260","2232_33",0.0125846061914942,0.0251465863365764,0,"2232","33","Male","Male","Male_Male","M-M",30,37,7,"Transient","Resident","Resident_Transient","R-T",1,0.509928,0.430579,0.059493,-0.0161964721666967
"1261","2232_45",0.0130741964156346,0.0247246769356378,0,"2232","45","Male","Male","Male_Male","M-M",30,44,14,"Transient","Resident","Resident_Transient","R-T",1,0.509928,0.430579,0.059493,1.02281831080098
"1262","2232_480",0.0130443657815819,0.0249246554839448,0,"2232","480","Male","Male","Male_Male","M-M",30,43,13,"Transient","Resident","Resident_Transient","R-T",1,0.499031,0.433362,0.067607,0.874387627519884
"1263","2232_558",0.0129355464856892,0.0249454219907726,0,"2232","558","Male","Male","Male_Male","M-M",30,43,13,"Transient","Resident","Resident_Transient","R-T",1,0.487705,0.435572,0.076723,0.874387627519884
"1264","2232_606",0.0831116913356867,0.107979385766434,1,"2232","606","Male","Male","Male_Male","M-M",30,36,6,"Transient","Resident","Resident_Transient","R-T",2,0.0772770772770773,0.49014249014249,0.432580432580433,-0.164627155447794
"1265","2232_76",0.0129645778674483,0.0254510688150936,0,"2232","76","Male","Male","Male_Male","M-M",30,44,14,"Transient","Resident","Resident_Transient","R-T",1,0.487705,0.435572,0.076723,1.02281831080098
"1266","2232_824",0.0120524949034354,0.0224129871120585,0,"2232","824","Male","Male","Male_Male","M-M",30,39,9,"Transient","Resident","Resident_Transient","R-T",1,0.520422,0.427289,0.052289,0.280664894395497
"1267","2232_92",0.0117595882149003,0.0229182921358542,0,"2232","92","Male","Male","Male_Male","M-M",30,43,13,"Transient","Resident","Resident_Transient","R-T",1,0.520422,0.427289,0.052289,0.874387627519884
"1268","2233_28",0.0130395271136323,0.0257989152542789,0,"2233","28","Male","Male","Male_Male","M-M",30,42,12,"Transient","Resident","Resident_Transient","R-T",1,0.499031,0.433362,0.067607,0.725956944238787
"1269","2233_293",0.0127721761457196,0.0251209017154761,0,"2233","293","Male","Male","Male_Male","M-M",30,32,2,"Transient","Resident","Resident_Transient","R-T",1,0.499031,0.433362,0.067607,-0.758349888572181
"1270","2233_3",0.0120740540320949,0.0224770394457663,0,"2233","3","Male","Male","Male_Male","M-M",30,45,15,"Transient","Resident","Resident_Transient","R-T",1,0.509928,0.430579,0.059493,1.17124899408208
"1271","2233_33",0.0112691941100213,0.0217327564202771,0,"2233","33","Male","Male","Male_Male","M-M",30,37,7,"Transient","Resident","Resident_Transient","R-T",1,0.520422,0.427289,0.052289,-0.0161964721666967
"1272","2233_45",0.0119127621290886,0.0228439434907903,0,"2233","45","Male","Male","Male_Male","M-M",30,44,14,"Transient","Resident","Resident_Transient","R-T",1,0.520422,0.427289,0.052289,1.02281831080098
"1273","2233_480",0.0119702937674275,0.022678303593971,0,"2233","480","Male","Male","Male_Male","M-M",30,43,13,"Transient","Resident","Resident_Transient","R-T",1,0.509928,0.430579,0.059493,0.874387627519884
"1274","2233_558",0.0125842881987264,0.0247270110698134,0,"2233","558","Male","Male","Male_Male","M-M",30,43,13,"Transient","Resident","Resident_Transient","R-T",1,0.499031,0.433362,0.067607,0.874387627519884
"1275","2233_606",0.0688438231051171,0.0857896003856787,1,"2233","606","Male","Male","Male_Male","M-M",30,36,6,"Transient","Resident","Resident_Transient","R-T",2,0.083417,0.514454,0.402129,-0.164627155447794
"1276","2233_76",0.0123623377063132,0.0229972853091888,0,"2233","76","Male","Male","Male_Male","M-M",30,44,14,"Transient","Resident","Resident_Transient","R-T",1,0.499031,0.433362,0.067607,1.02281831080098
"1277","2233_824",0.0114313568601786,0.0205828482941936,0,"2233","824","Male","Male","Male_Male","M-M",30,39,9,"Transient","Resident","Resident_Transient","R-T",1,0.530542469457531,0.423551576448424,0.0459059540940459,0.280664894395497
"1278","2233_92",0.0114367757723657,0.0197456692496218,0,"2233","92","Male","Male","Male_Male","M-M",30,43,13,"Transient","Resident","Resident_Transient","R-T",1,0.530542469457531,0.423551576448424,0.0459059540940459,0.874387627519884
"1279","28_291",0.00953382677218783,0.0153952578226888,0,"28","291","Male","Male","Male_Male","M-M",42,43,1,"Resident","Transient","Resident_Transient","R-T",1,0.576411,0.399965,0.023624,-0.906780571853278
"1280","28_293",0.0100067803991667,0.0161228847445181,0,"28","293","Male","Male","Male_Male","M-M",42,32,10,"Resident","Resident","Resident_Resident","R-R",1,0.56779,0.405188,0.027022,0.429095577676594
"1281","28_3",0.00570209490423495,0.00784969837282072,0,"28","3","Male","Male","Male_Male","M-M",42,45,3,"Resident","Resident","Resident_Resident","R-R",1,0.802565802565803,0.197304197304197,0.00013000013000013,-0.609919205291084
"1282","28_3009",0.00755364886539284,0.0110906969995917,0,"28","3009","Male","Male","Male_Male","M-M",42,27,15,"Resident","Resident","Resident_Resident","R-R",1,0.658926,0.335856,0.005218,1.17124899408208
"1283","28_3012",0.00846835350830199,0.0126768377049251,0,"28","3012","Male","Male","Male_Male","M-M",42,27,15,"Resident","Resident","Resident_Resident","R-R",1,0.623774,0.365798,0.010428,1.17124899408208
"1284","28_3098",0.00932471483826063,0.0157649044645222,0,"28","3098","Male","Male","Male_Male","M-M",42,27,15,"Resident","Resident","Resident_Resident","R-R",1,0.584797,0.394562,0.020641,1.17124899408208
"1285","28_33",0.00714668262525697,0.0101228832875843,0,"28","33","Male","Male","Male_Male","M-M",42,37,5,"Resident","Resident","Resident_Resident","R-R",1,0.703415,0.294628,0.001957,-0.31305783872889
"1286","28_355",0.0121465303949673,0.0216371071393739,0,"28","355","Male","Male","Male_Male","M-M",42,43,1,"Resident","Transient","Resident_Transient","R-T",1,0.509928,0.430579,0.059493,-0.906780571853278
"1287","28_37",0.00598935504427892,0.00807766051849976,0,"28","37","Male","Male","Male_Male","M-M",42,44,2,"Resident","Resident","Resident_Resident","R-R",1,0.759274,0.240252,0.000474,-0.758349888572181
"1288","28_4104",0.0118357085164756,0.0214678593951983,0,"28","4104","Male","Male","Male_Male","M-M",42,26,16,"Resident","Resident","Resident_Resident","R-R",1,0.520422,0.427289,0.052289,1.31967967736317
"1289","28_413",0.00683717664342593,0.00950834620535014,0,"28","413","Male","Male","Male_Male","M-M",42,43,1,"Resident","Resident","Resident_Resident","R-R",1,0.703415,0.294628,0.001957,-0.906780571853278
"1290","28_45",0.00416886081246497,0.00526590604741469,0,"28","45","Male","Male","Male_Male","M-M",42,44,2,"Resident","Resident","Resident_Resident","R-R",1,0.915645,0.084354,1e-06,-0.758349888572181
"1291","28_452",0.0139592116450746,0.0283425853489301,0,"28","452","Male","Male","Male_Male","M-M",42,43,1,"Resident","Transient","Resident_Transient","R-T",1,0.487705,0.435572,0.076723,-0.906780571853278
"1292","28_480",0.0181936309978224,0.0174995959146461,1,"28","480","Male","Male","Male_Male","M-M",42,43,1,"Resident","Resident","Resident_Resident","R-R",2,0.281349,0.707291,0.01136,-0.906780571853278
"1293","28_496",0.0125726902725893,0.0239470587585909,0,"28","496","Male","Male","Male_Male","M-M",42,43,1,"Resident","Transient","Resident_Transient","R-T",1,0.509928,0.430579,0.059493,-0.906780571853278
"1294","28_5001",0.0117965389418842,0.0220253803538932,0,"28","5001","Male","Male","Male_Male","M-M",42,22,20,"Resident","Resident","Resident_Resident","R-R",1,0.499031,0.433362,0.067607,1.91340241048756
"1295","28_5003",0.00801851490931071,0.0121390624081838,0,"28","5003","Male","Male","Male_Male","M-M",42,23,19,"Resident","Resident","Resident_Resident","R-R",1,0.64525,0.34786,0.00689,1.76497172720647
"1296","28_5018",0.00909262892165677,0.0140369070601549,0,"28","5018","Male","Male","Male_Male","M-M",42,22,20,"Resident","Resident","Resident_Resident","R-R",1,0.584797,0.394562,0.020641,1.91340241048756
"1297","28_5019",0.00946670950607041,0.0142269710393961,0,"28","5019","Male","Male","Male_Male","M-M",42,23,19,"Resident","Resident","Resident_Resident","R-R",1,0.584797,0.394562,0.020641,1.76497172720647
"1298","28_5031",0.0073988062155844,0.0106231830004935,0,"28","5031","Male","Male","Male_Male","M-M",42,23,19,"Resident","Resident","Resident_Resident","R-R",1,0.66559,0.329871,0.004539,1.76497172720647
"1299","28_5036",0.00892002730475242,0.0137374483302163,0,"28","5036","Male","Male","Male_Male","M-M",42,23,19,"Resident","Resident","Resident_Resident","R-R",1,0.608717,0.377561,0.013722,1.76497172720647
"1300","28_504",0.0122453872735499,0.0225316790248813,0,"28","504","Male","Male","Male_Male","M-M",42,43,1,"Resident","Transient","Resident_Transient","R-T",1,0.499031,0.433362,0.067607,-0.906780571853278
"1301","28_5044",0.00915739875471963,0.0143043908006485,0,"28","5044","Male","Male","Male_Male","M-M",42,23,19,"Resident","Resident","Resident_Resident","R-R",1,0.600934600934601,0.383335383335383,0.0157300157300157,1.76497172720647
"1302","28_5049",0.0110088328338494,0.0184581400024828,0,"28","5049","Male","Male","Male_Male","M-M",42,22,20,"Resident","Transient","Resident_Transient","R-T",1,0.54031454031454,0.419424419424419,0.0402610402610403,1.91340241048756
"1303","28_5061",0.011096397918805,0.0200392258117195,0,"28","5061","Male","Male","Male_Male","M-M",42,22,20,"Resident","Resident","Resident_Resident","R-R",1,0.54031454031454,0.419424419424419,0.0402610402610403,1.91340241048756
"1304","28_5068",0.0111558660384107,0.0196407813051087,0,"28","5068","Male","Male","Male_Male","M-M",42,22,20,"Resident","Resident","Resident_Resident","R-R",1,0.54031454031454,0.419424419424419,0.0402610402610403,1.91340241048756
"1305","28_5069",0.0669929739034739,0.0528198908982984,2,"28","5069","Male","Male","Male_Male","M-M",42,23,19,"Resident","Resident","Resident_Resident","R-R",2,0.0178579821420179,0.543192456807543,0.438949561050439,1.76497172720647
"1306","28_5071",0.00990321883762411,0.0166714546181886,0,"28","5071","Male","Male","Male_Male","M-M",42,22,20,"Resident","Resident","Resident_Resident","R-R",1,0.56779,0.405188,0.027022,1.91340241048756
"1307","28_5075",0.00773896302303331,0.0118025073699979,0,"28","5075","Male","Male","Male_Male","M-M",42,23,19,"Resident","Resident","Resident_Resident","R-R",1,0.638227638227638,0.353859353859354,0.00791300791300791,1.76497172720647
"1308","28_509",0.00980455224032575,0.0164489132453798,0,"28","509","Male","Male","Male_Male","M-M",42,43,1,"Resident","Resident","Resident_Resident","R-R",1,0.576411,0.399965,0.023624,-0.906780571853278
"1309","28_5109",0.012774352925339,0.0242775256343104,0,"28","5109","Male","Male","Male_Male","M-M",42,23,19,"Resident","Resident","Resident_Resident","R-R",1,0.520422,0.427289,0.052289,1.76497172720647
"1310","28_5137",0.0114907918900801,0.0204747066403482,0,"28","5137","Male","Male","Male_Male","M-M",42,23,19,"Resident","Resident","Resident_Resident","R-R",1,0.509928,0.430579,0.059493,1.76497172720647
"1311","28_5158",0.00885658914778984,0.0147530599344142,0,"28","5158","Male","Male","Male_Male","M-M",42,23,19,"Resident","Resident","Resident_Resident","R-R",1,0.600934600934601,0.383335383335383,0.0157300157300157,1.76497172720647
"1312","28_5161",0.0101067021098429,0.0164858506666221,0,"28","5161","Male","Male","Male_Male","M-M",42,23,19,"Resident","Resident","Resident_Resident","R-R",1,0.56779,0.405188,0.027022,1.76497172720647
"1313","28_5165",0.00975223178165417,0.0156531814717147,0,"28","5165","Male","Male","Male_Male","M-M",42,23,19,"Resident","Resident","Resident_Resident","R-R",1,0.56779,0.405188,0.027022,1.76497172720647
"1314","28_5194",0.0136197551879991,0.027490456619862,0,"28","5194","Male","Male","Male_Male","M-M",42,22,20,"Resident","Resident","Resident_Resident","R-R",1,0.499031,0.433362,0.067607,1.91340241048756
"1315","28_549",0.0068864851121707,0.0096421225992254,0,"28","549","Male","Male","Male_Male","M-M",42,43,1,"Resident","Resident","Resident_Resident","R-R",1,0.703415,0.294628,0.001957,-0.906780571853278
"1316","28_558",0.00938588131865042,0.0146055048467732,0,"28","558","Male","Male","Male_Male","M-M",42,43,1,"Resident","Resident","Resident_Resident","R-R",1,0.584797,0.394562,0.020641,-0.906780571853278
"1317","28_562",0.0141789886724187,0.0283146381848911,0,"28","562","Male","Male","Male_Male","M-M",42,43,1,"Resident","Transient","Resident_Transient","R-T",1,0.487705,0.435572,0.076723,-0.906780571853278
"1318","28_6000",0.0615618930576394,0.0755691861172117,1,"28","6000","Male","Male","Male_Male","M-M",42,20,22,"Resident","Transient","Resident_Transient","R-T",2,0.089701,0.537907,0.372392,2.21026377704976
"1319","28_6001",0.0634203204343719,0.0764756194506116,1,"28","6001","Male","Male","Male_Male","M-M",42,20,22,"Resident","Transient","Resident_Transient","R-T",2,0.089701,0.537907,0.372392,2.21026377704976
"1320","28_6003",0.0108888059916653,0.0194560624231279,0,"28","6003","Male","Male","Male_Male","M-M",42,20,22,"Resident","Resident","Resident_Resident","R-R",1,0.54031454031454,0.419424419424419,0.0402610402610403,2.21026377704976
"1321","28_6005",0.012509989936778,0.0239686487706397,0,"28","6005","Male","Male","Male_Male","M-M",42,20,22,"Resident","Transient","Resident_Transient","R-T",1,0.499031,0.433362,0.067607,2.21026377704976
"1322","28_6014",0.0131591484771828,0.0241271708305394,0,"28","6014","Male","Male","Male_Male","M-M",42,20,22,"Resident","Transient","Resident_Transient","R-T",1,0.509928,0.430579,0.059493,2.21026377704976
"1323","28_6016",0.0116498807518641,0.0216322525657023,0,"28","6016","Male","Male","Male_Male","M-M",42,20,22,"Resident","Resident","Resident_Resident","R-R",1,0.530542469457531,0.423551576448424,0.0459059540940459,2.21026377704976
"1324","28_6017",0.0116391104443952,0.0208837717144415,0,"28","6017","Male","Male","Male_Male","M-M",42,20,22,"Resident","Resident","Resident_Resident","R-R",1,0.509928,0.430579,0.059493,2.21026377704976
"1325","28_606",0.0989888131078469,0.06049282623328,3,"28","606","Male","Male","Male_Male","M-M",42,36,6,"Resident","Resident","Resident_Resident","R-R",3,0.001319,0.261918,0.736763,-0.164627155447794
"1326","28_74",0.0121768950223476,0.0215642105952197,0,"28","74","Male","Male","Male_Male","M-M",42,43,1,"Resident","Resident","Resident_Resident","R-R",1,0.509928,0.430579,0.059493,-0.906780571853278
"1327","28_76",0.0180294900760046,0.0167082151742096,1,"28","76","Male","Male","Male_Male","M-M",42,44,2,"Resident","Resident","Resident_Resident","R-R",2,0.287424287424287,0.702581702581703,0.00999400999400999,-0.758349888572181
"1328","28_804",0.00605968351807904,0.00787641335585005,0,"28","804","Male","Male","Male_Male","M-M",42,39,3,"Resident","Resident","Resident_Resident","R-R",1,0.748772,0.250598,0.00063,-0.609919205291084
"1329","28_824",0.0198910828105659,0.0195624873427498,1,"28","824","Male","Male","Male_Male","M-M",42,39,3,"Resident","Resident","Resident_Resident","R-R",2,0.25735,0.723758,0.018892,-0.609919205291084
"1330","28_92",0.00642922488785882,0.00854338012641484,0,"28","92","Male","Male","Male_Male","M-M",42,43,1,"Resident","Resident","Resident_Resident","R-R",1,0.721067,0.277652,0.001281,-0.906780571853278
"1331","28_9907",0.00912649863081983,0.0140632014562342,0,"28","9907","Male","Male","Male_Male","M-M",42,37,5,"Resident","Transient","Resident_Transient","R-T",1,0.584797,0.394562,0.020641,-0.31305783872889
"1332","28_9911",0.0075641986801644,0.0110608687677729,0,"28","9911","Male","Male","Male_Male","M-M",42,37,5,"Resident","Resident","Resident_Resident","R-R",1,0.652147347852652,0.341855658144342,0.005996994003006,-0.31305783872889
"1333","291_3",0.00791810783960147,0.0120040305330576,0,"291","3","Male","Male","Male_Male","M-M",43,45,2,"Transient","Resident","Resident_Transient","R-T",1,0.64525,0.34786,0.00689,-0.758349888572181
"1334","291_355",0.00829532275054412,0.0125199198479261,0,"291","355","Male","Male","Male_Male","M-M",43,43,0,"Transient","Transient","Transient_Transient","T-T",1,0.600934600934601,0.383335383335383,0.0157300157300157,-1.05521125513437
"1335","291_37",0.00957734592223844,0.0156733777315637,0,"291","37","Male","Male","Male_Male","M-M",43,44,1,"Transient","Resident","Resident_Transient","R-T",1,0.592966,0.38901,0.018024,-0.906780571853278
"1336","291_413",0.00907475259815604,0.0151892896817574,0,"291","413","Male","Male","Male_Male","M-M",43,43,0,"Transient","Resident","Resident_Transient","R-T",1,0.608717,0.377561,0.013722,-1.05521125513437
"1337","291_45",0.0077263681745191,0.0117932494912476,0,"291","45","Male","Male","Male_Male","M-M",43,44,1,"Transient","Resident","Resident_Transient","R-T",1,0.658926,0.335856,0.005218,-0.906780571853278
"1338","291_452",0.00918032459856589,0.0148965660924757,0,"291","452","Male","Male","Male_Male","M-M",43,43,0,"Transient","Transient","Transient_Transient","T-T",1,0.584797,0.394562,0.020641,-1.05521125513437
"1339","291_480",0.00860940779034271,0.0133885308994651,0,"291","480","Male","Male","Male_Male","M-M",43,43,0,"Transient","Resident","Resident_Transient","R-T",1,0.616326,0.371709,0.011965,-1.05521125513437
"1340","291_496",0.00860443676891276,0.0128535685521399,0,"291","496","Male","Male","Male_Male","M-M",43,43,0,"Transient","Transient","Transient_Transient","T-T",1,0.600934600934601,0.383335383335383,0.0157300157300157,-1.05521125513437
"1341","291_504",0.00899992324474799,0.0135319222364213,0,"291","504","Male","Male","Male_Male","M-M",43,43,0,"Transient","Transient","Transient_Transient","T-T",1,0.592966,0.38901,0.018024,-1.05521125513437
"1342","291_509",0.00951893635903834,0.0154268627492138,0,"291","509","Male","Male","Male_Male","M-M",43,43,0,"Transient","Resident","Resident_Transient","R-T",1,0.592966,0.38901,0.018024,-1.05521125513437
"1343","291_549",0.00930728918959046,0.0145142075779777,0,"291","549","Male","Male","Male_Male","M-M",43,43,0,"Transient","Resident","Resident_Transient","R-T",1,0.592966,0.38901,0.018024,-1.05521125513437
"1344","291_558",0.00952396659578829,0.0151737248756671,0,"291","558","Male","Male","Male_Male","M-M",43,43,0,"Transient","Resident","Resident_Transient","R-T",1,0.584797,0.394562,0.020641,-1.05521125513437
"1345","291_562",0.00939793296787015,0.0146762301869684,0,"291","562","Male","Male","Male_Male","M-M",43,43,0,"Transient","Transient","Transient_Transient","T-T",1,0.584797,0.394562,0.020641,-1.05521125513437
"1346","291_74",0.00864554567865048,0.0138992399460889,0,"291","74","Male","Male","Male_Male","M-M",43,43,0,"Transient","Resident","Resident_Transient","R-T",1,0.600934600934601,0.383335383335383,0.0157300157300157,-1.05521125513437
"1347","291_76",0.008040567037451,0.0118498316597192,0,"291","76","Male","Male","Male_Male","M-M",43,44,1,"Transient","Resident","Resident_Transient","R-T",1,0.623774,0.365798,0.010428,-0.906780571853278
"1348","291_92",0.00929560492649891,0.0142748082776701,0,"291","92","Male","Male","Male_Male","M-M",43,43,0,"Transient","Resident","Resident_Transient","R-T",1,0.584797,0.394562,0.020641,-1.05521125513437
"1349","293_3",0.0120924669728732,0.0227065024693644,0,"293","3","Male","Male","Male_Male","M-M",32,45,13,"Resident","Resident","Resident_Resident","R-R",1,0.509928,0.430579,0.059493,0.874387627519884
"1350","293_3009",0.00762591503252444,0.0111864196999727,0,"293","3009","Male","Male","Male_Male","M-M",32,27,5,"Resident","Resident","Resident_Resident","R-R",1,0.672145,0.323908,0.003947,-0.31305783872889
"1351","293_3012",0.00806892396013621,0.012195980675486,0,"293","3012","Male","Male","Male_Male","M-M",32,27,5,"Resident","Resident","Resident_Resident","R-R",1,0.638227638227638,0.353859353859354,0.00791300791300791,-0.31305783872889
"1352","293_3098",0.00942905693355396,0.0148115325181704,0,"293","3098","Male","Male","Male_Male","M-M",32,27,5,"Resident","Resident","Resident_Resident","R-R",1,0.584797,0.394562,0.020641,-0.31305783872889
"1353","293_33",0.0133483314944012,0.0257457348534374,0,"293","33","Male","Male","Male_Male","M-M",32,37,5,"Resident","Resident","Resident_Resident","R-R",1,0.509928,0.430579,0.059493,-0.31305783872889
"1354","293_37",0.0128844917421987,0.0248074711601607,0,"293","37","Male","Male","Male_Male","M-M",32,44,12,"Resident","Resident","Resident_Resident","R-R",1,0.499031,0.433362,0.067607,0.725956944238787
"1355","293_4104",0.0110042239640311,0.0201664103213946,0,"293","4104","Male","Male","Male_Male","M-M",32,26,6,"Resident","Resident","Resident_Resident","R-R",1,0.54031454031454,0.419424419424419,0.0402610402610403,-0.164627155447794
"1356","293_45",0.00748946555694591,0.010564340273224,0,"293","45","Male","Male","Male_Male","M-M",32,44,12,"Resident","Resident","Resident_Resident","R-R",1,0.652147347852652,0.341855658144342,0.005996994003006,0.725956944238787
"1357","293_480",0.00951409120764895,0.015084641080567,0,"293","480","Male","Male","Male_Male","M-M",32,43,11,"Resident","Resident","Resident_Resident","R-R",1,0.592966,0.38901,0.018024,0.577526260957691
"1358","293_5001",0.0104333440700316,0.0177694929185836,0,"293","5001","Male","Male","Male_Male","M-M",32,22,10,"Resident","Resident","Resident_Resident","R-R",1,0.54976345023655,0.414957585042415,0.0352789647210353,0.429095577676594
"1359","293_5003",0.00765401281732101,0.0113085190001838,0,"293","5003","Male","Male","Male_Male","M-M",32,23,9,"Resident","Resident","Resident_Resident","R-R",1,0.66559,0.329871,0.004539,0.280664894395497
"1360","293_5018",0.00857856234465777,0.013576084067365,0,"293","5018","Male","Male","Male_Male","M-M",32,22,10,"Resident","Resident","Resident_Resident","R-R",1,0.623774,0.365798,0.010428,0.429095577676594
"1361","293_5019",0.00920710305943757,0.0141081271585983,0,"293","5019","Male","Male","Male_Male","M-M",32,23,9,"Resident","Resident","Resident_Resident","R-R",1,0.600934600934601,0.383335383335383,0.0157300157300157,0.280664894395497
"1362","293_5031",0.00706860395974731,0.00962466692314503,0,"293","5031","Male","Male","Male_Male","M-M",32,23,9,"Resident","Resident","Resident_Resident","R-R",1,0.672145,0.323908,0.003947,0.280664894395497
"1363","293_5036",0.00815032263599664,0.0122642036892756,0,"293","5036","Male","Male","Male_Male","M-M",32,23,9,"Resident","Resident","Resident_Resident","R-R",1,0.64525,0.34786,0.00689,0.280664894395497
"1364","293_5044",0.0326624947610319,0.0357130177361152,1,"293","5044","Male","Male","Male_Male","M-M",32,23,9,"Resident","Resident","Resident_Resident","R-R",2,0.15476,0.701092,0.144148,0.280664894395497
"1365","293_5049",0.0425900622891337,0.0491264961186121,1,"293","5049","Male","Male","Male_Male","M-M",32,22,10,"Resident","Transient","Resident_Transient","R-T",2,0.122271,0.637292,0.240437,0.429095577676594
"1366","293_5061",0.00786829554069701,0.0119766270591815,0,"293","5061","Male","Male","Male_Male","M-M",32,22,10,"Resident","Resident","Resident_Resident","R-R",1,0.652147347852652,0.341855658144342,0.005996994003006,0.429095577676594
"1367","293_5068",0.00824891750767483,0.0130217433994657,0,"293","5068","Male","Male","Male_Male","M-M",32,22,10,"Resident","Resident","Resident_Resident","R-R",1,0.623774,0.365798,0.010428,0.429095577676594
"1368","293_5069",0.00765015985080096,0.0111695257377529,0,"293","5069","Male","Male","Male_Male","M-M",32,23,9,"Resident","Resident","Resident_Resident","R-R",1,0.638227638227638,0.353859353859354,0.00791300791300791,0.280664894395497
"1369","293_5071",0.00906065418346727,0.0141252559688126,0,"293","5071","Male","Male","Male_Male","M-M",32,22,10,"Resident","Resident","Resident_Resident","R-R",1,0.608717,0.377561,0.013722,0.429095577676594
"1370","293_5075",0.00772077361416151,0.0115084032444003,0,"293","5075","Male","Male","Male_Male","M-M",32,23,9,"Resident","Resident","Resident_Resident","R-R",1,0.652147347852652,0.341855658144342,0.005996994003006,0.280664894395497
"1371","293_5109",0.010234719343784,0.016484161911637,0,"293","5109","Male","Male","Male_Male","M-M",32,23,9,"Resident","Resident","Resident_Resident","R-R",1,0.56779,0.405188,0.027022,0.280664894395497
"1372","293_5137",0.0114225838305968,0.0197000913096058,0,"293","5137","Male","Male","Male_Male","M-M",32,23,9,"Resident","Resident","Resident_Resident","R-R",1,0.520422,0.427289,0.052289,0.280664894395497
"1373","293_5158",0.00855840685146994,0.0135257541351614,0,"293","5158","Male","Male","Male_Male","M-M",32,23,9,"Resident","Resident","Resident_Resident","R-R",1,0.623774,0.365798,0.010428,0.280664894395497
"1374","293_5161",0.0093997290376338,0.0152028349677347,0,"293","5161","Male","Male","Male_Male","M-M",32,23,9,"Resident","Resident","Resident_Resident","R-R",1,0.584797,0.394562,0.020641,0.280664894395497
"1375","293_5165",0.00879965847566413,0.01404545810096,0,"293","5165","Male","Male","Male_Male","M-M",32,23,9,"Resident","Resident","Resident_Resident","R-R",1,0.592966,0.38901,0.018024,0.280664894395497
"1376","293_5194",0.0103105439944813,0.0173839111403168,0,"293","5194","Male","Male","Male_Male","M-M",32,22,10,"Resident","Resident","Resident_Resident","R-R",1,0.558915,0.410198,0.030887,0.429095577676594
"1377","293_558",0.0135742058065811,0.0260467572838298,0,"293","558","Male","Male","Male_Male","M-M",32,43,11,"Resident","Resident","Resident_Resident","R-R",1,0.487705,0.435572,0.076723,0.577526260957691
"1378","293_6000",0.0127522324036197,0.0242884720250676,0,"293","6000","Male","Male","Male_Male","M-M",32,20,12,"Resident","Transient","Resident_Transient","R-T",1,0.509928,0.430579,0.059493,0.725956944238787
"1379","293_6001",0.0119996042963209,0.0222587247108521,0,"293","6001","Male","Male","Male_Male","M-M",32,20,12,"Resident","Transient","Resident_Transient","R-T",1,0.509928,0.430579,0.059493,0.725956944238787
"1380","293_6003",0.0105865753774095,0.0182603419408671,0,"293","6003","Male","Male","Male_Male","M-M",32,20,12,"Resident","Resident","Resident_Resident","R-R",1,0.54976345023655,0.414957585042415,0.0352789647210353,0.725956944238787
"1381","293_6005",0.0134359715735283,0.0258362598552945,0,"293","6005","Male","Male","Male_Male","M-M",32,20,12,"Resident","Transient","Resident_Transient","R-T",1,0.487705,0.435572,0.076723,0.725956944238787
"1382","293_6014",0.0128706820464754,0.0242685383747465,0,"293","6014","Male","Male","Male_Male","M-M",32,20,12,"Resident","Transient","Resident_Transient","R-T",1,0.499031,0.433362,0.067607,0.725956944238787
"1383","293_6016",0.00998777452959041,0.0156423435620647,0,"293","6016","Male","Male","Male_Male","M-M",32,20,12,"Resident","Resident","Resident_Resident","R-R",1,0.558915,0.410198,0.030887,0.725956944238787
"1384","293_6017",0.011272343741879,0.0193729237818136,0,"293","6017","Male","Male","Male_Male","M-M",32,20,12,"Resident","Resident","Resident_Resident","R-R",1,0.530542469457531,0.423551576448424,0.0459059540940459,0.725956944238787
"1385","293_606",0.00893329459528337,0.0143023607280525,0,"293","606","Male","Male","Male_Male","M-M",32,36,4,"Resident","Resident","Resident_Resident","R-R",1,0.608717,0.377561,0.013722,-0.461488522009987
"1386","293_6102",0.0115494636604319,0.0210279970745636,0,"293","6102","Male","Male","Male_Male","M-M",32,18,14,"Resident","Resident","Resident_Resident","R-R",1,0.520422,0.427289,0.052289,1.02281831080098
"1387","293_6105",0.0113180788040584,0.0191930869376476,0,"293","6105","Male","Male","Male_Male","M-M",32,18,14,"Resident","Resident","Resident_Resident","R-R",1,0.530542469457531,0.423551576448424,0.0459059540940459,1.02281831080098
"1388","293_6110",0.0122476938242912,0.0220288787434499,0,"293","6110","Male","Male","Male_Male","M-M",32,18,14,"Resident","Transient","Resident_Transient","R-T",1,0.509928,0.430579,0.059493,1.02281831080098
"1389","293_6112",0.0125526963164629,0.022541362969853,0,"293","6112","Male","Male","Male_Male","M-M",32,18,14,"Resident","Resident","Resident_Resident","R-R",1,0.509928,0.430579,0.059493,1.02281831080098
"1390","293_6122",0.0110882995356805,0.0184293468382142,0,"293","6122","Male","Male","Male_Male","M-M",32,18,14,"Resident","Resident","Resident_Resident","R-R",1,0.54031454031454,0.419424419424419,0.0402610402610403,1.02281831080098
"1391","293_6123",0.0114477294551746,0.0204409758739619,0,"293","6123","Male","Male","Male_Male","M-M",32,18,14,"Resident","Resident","Resident_Resident","R-R",1,0.530542469457531,0.423551576448424,0.0459059540940459,1.02281831080098
"1392","293_6133",0.0115529593470578,0.0209215457331469,0,"293","6133","Male","Male","Male_Male","M-M",32,18,14,"Resident","Resident","Resident_Resident","R-R",1,0.520422,0.427289,0.052289,1.02281831080098
"1393","293_6138",0.0116782101138564,0.0207494080818364,0,"293","6138","Male","Male","Male_Male","M-M",32,18,14,"Resident","Resident","Resident_Resident","R-R",1,0.520422,0.427289,0.052289,1.02281831080098
"1394","293_6139",0.0118098989700074,0.0211783527963416,0,"293","6139","Male","Male","Male_Male","M-M",32,18,14,"Resident","Resident","Resident_Resident","R-R",1,0.520422,0.427289,0.052289,1.02281831080098
"1395","293_76",0.00851190352047931,0.0135724567796416,0,"293","76","Male","Male","Male_Male","M-M",32,44,12,"Resident","Resident","Resident_Resident","R-R",1,0.623774,0.365798,0.010428,0.725956944238787
"1396","293_804",0.0136891502775461,0.0270551043021045,0,"293","804","Male","Male","Male_Male","M-M",32,39,7,"Resident","Resident","Resident_Resident","R-R",1,0.487705,0.435572,0.076723,-0.0161964721666967
"1397","293_824",0.0105734208488863,0.0182708607774677,0,"293","824","Male","Male","Male_Male","M-M",32,39,7,"Resident","Resident","Resident_Resident","R-R",1,0.558915,0.410198,0.030887,-0.0161964721666967
"1398","293_92",0.00824627008227405,0.0125823530743179,0,"293","92","Male","Male","Male_Male","M-M",32,43,11,"Resident","Resident","Resident_Resident","R-R",1,0.631071,0.359843,0.009086,0.577526260957691
"1399","3009_3012",0.100436949940984,0.0446000098376992,5,"3009","3012","Male","Male","Male_Male","M-M",27,27,0,"Resident","Resident","Resident_Resident","R-R",3,2.1e-05,0.124487,0.875492,-1.05521125513437
"1400","3009_3098",0.00725676899573414,0.0105049640420947,0,"3009","3098","Male","Male","Male_Male","M-M",27,27,0,"Resident","Resident","Resident_Resident","R-R",1,0.691195308804691,0.306211693788306,0.00259299740700259,-1.05521125513437
"1401","3009_4104",0.00776632653360288,0.0111257543135012,0,"3009","4104","Male","Male","Male_Male","M-M",27,26,1,"Resident","Resident","Resident_Resident","R-R",1,0.658926,0.335856,0.005218,-0.906780571853278
"1402","3009_45",0.00577886316335529,0.00763067609234326,0,"3009","45","Male","Male","Male_Male","M-M",27,44,17,"Resident","Resident","Resident_Resident","R-R",1,0.784116,0.215652,0.000232,1.46811036064427
"1403","3009_480",0.00719078493085371,0.0102791544356854,0,"3009","480","Male","Male","Male_Male","M-M",27,43,16,"Resident","Resident","Resident_Resident","R-R",1,0.678595,0.317973,0.003432,1.31967967736317
"1404","3009_5001",0.0075690763562807,0.0107346224258452,0,"3009","5001","Male","Male","Male_Male","M-M",27,22,5,"Resident","Resident","Resident_Resident","R-R",1,0.672145,0.323908,0.003947,-0.31305783872889
"1405","3009_5003",0.00569517938285611,0.00754541393914803,0,"3009","5003","Male","Male","Male_Male","M-M",27,23,4,"Resident","Resident","Resident_Resident","R-R",1,0.784116,0.215652,0.000232,-0.461488522009987
"1406","3009_5018",0.00665738827834497,0.00901952988713974,0,"3009","5018","Male","Male","Male_Male","M-M",27,22,5,"Resident","Resident","Resident_Resident","R-R",1,0.715271,0.283253,0.001476,-0.31305783872889
"1407","3009_5019",0.00689555531220009,0.010228460377877,0,"3009","5019","Male","Male","Male_Male","M-M",27,23,4,"Resident","Resident","Resident_Resident","R-R",1,0.703415,0.294628,0.001957,-0.461488522009987
"1408","3009_5031",0.0212843456908092,0.0211040954290102,1,"3009","5031","Male","Male","Male_Male","M-M",27,23,4,"Resident","Resident","Resident_Resident","R-R",2,0.23957,0.732893,0.027537,-0.461488522009987
"1409","3009_5036",0.00608867549349886,0.00832894375062744,0,"3009","5036","Male","Male","Male_Male","M-M",27,23,4,"Resident","Resident","Resident_Resident","R-R",1,0.754064,0.24539,0.000546,-0.461488522009987
"1410","3009_5044",0.00789938630606233,0.0114845636772116,0,"3009","5044","Male","Male","Male_Male","M-M",27,23,4,"Resident","Resident","Resident_Resident","R-R",1,0.64525,0.34786,0.00689,-0.461488522009987
"1411","3009_5049",0.00899412346944964,0.0140140552521907,0,"3009","5049","Male","Male","Male_Male","M-M",27,22,5,"Resident","Transient","Resident_Transient","R-T",1,0.592966,0.38901,0.018024,-0.31305783872889
"1412","3009_5061",0.00606186928332084,0.00809303163628769,0,"3009","5061","Male","Male","Male_Male","M-M",27,22,5,"Resident","Resident","Resident_Resident","R-R",1,0.743398743398743,0.255875255875256,0.000726000726000726,-0.31305783872889
"1413","3009_5068",0.0205992963869347,0.0200530668518155,1,"3009","5068","Male","Male","Male_Male","M-M",27,22,5,"Resident","Resident","Resident_Resident","R-R",2,0.251409,0.72716,0.021431,-0.31305783872889
"1414","3009_5069",0.0242909592520921,0.0251072555885037,1,"3009","5069","Male","Male","Male_Male","M-M",27,23,4,"Resident","Resident","Resident_Resident","R-R",2,0.20998,0.739065,0.050955,-0.461488522009987
"1415","3009_5071",0.0683728728866726,0.0422911240039653,3,"3009","5071","Male","Male","Male_Male","M-M",27,22,5,"Resident","Resident","Resident_Resident","R-R",2,0.003619,0.542864,0.453517,-0.31305783872889
"1416","3009_5075",0.017257783405995,0.0170047577849229,1,"3009","5075","Male","Male","Male_Male","M-M",27,23,4,"Resident","Resident","Resident_Resident","R-R",2,0.318363,0.676393,0.005244,-0.461488522009987
"1417","3009_5109",0.00727576419396619,0.0102777866372763,0,"3009","5109","Male","Male","Male_Male","M-M",27,23,4,"Resident","Resident","Resident_Resident","R-R",1,0.678595,0.317973,0.003432,-0.461488522009987
"1418","3009_5137",0.00993888129693491,0.0168188673550471,0,"3009","5137","Male","Male","Male_Male","M-M",27,23,4,"Resident","Resident","Resident_Resident","R-R",1,0.56779,0.405188,0.027022,-0.461488522009987
"1419","3009_5158",0.0369099993906715,0.0278389225480693,2,"3009","5158","Male","Male","Male_Male","M-M",27,23,4,"Resident","Resident","Resident_Resident","R-R",2,0.0492850492850493,0.87990387990388,0.0708110708110708,-0.461488522009987
"1420","3009_5161",0.00725623785468158,0.0107467237524698,0,"3009","5161","Male","Male","Male_Male","M-M",27,23,4,"Resident","Resident","Resident_Resident","R-R",1,0.691195308804691,0.306211693788306,0.00259299740700259,-0.461488522009987
"1421","3009_5165",0.155462746679506,0.0646256387232623,6,"3009","5165","Male","Male","Male_Male","M-M",27,23,4,"Resident","Resident","Resident_Resident","R-R",3,9.99999000001e-07,0.0106299893700106,0.989369010630989,-0.461488522009987
"1422","3009_5194",0.00726476175964705,0.0103332110444958,0,"3009","5194","Male","Male","Male_Male","M-M",27,22,5,"Resident","Resident","Resident_Resident","R-R",1,0.678595,0.317973,0.003432,-0.31305783872889
"1423","3009_558",0.0110838232610758,0.0191787361171359,0,"3009","558","Male","Male","Male_Male","M-M",27,43,16,"Resident","Resident","Resident_Resident","R-R",1,0.54031454031454,0.419424419424419,0.0402610402610403,1.31967967736317
"1424","3009_6000",0.0104309620653253,0.0184151089471473,0,"3009","6000","Male","Male","Male_Male","M-M",27,20,7,"Resident","Transient","Resident_Transient","R-T",1,0.558915,0.410198,0.030887,-0.0161964721666967
"1425","3009_6001",0.0100938687986888,0.0170284333720701,0,"3009","6001","Male","Male","Male_Male","M-M",27,20,7,"Resident","Transient","Resident_Transient","R-T",1,0.558915,0.410198,0.030887,-0.0161964721666967
"1426","3009_6003",0.00753919055917609,0.0114025988250722,0,"3009","6003","Male","Male","Male_Male","M-M",27,20,7,"Resident","Resident","Resident_Resident","R-R",1,0.672145,0.323908,0.003947,-0.0161964721666967
"1427","3009_6005",0.0106724068904782,0.0187162774849184,0,"3009","6005","Male","Male","Male_Male","M-M",27,20,7,"Resident","Transient","Resident_Transient","R-T",1,0.54031454031454,0.419424419424419,0.0402610402610403,-0.0161964721666967
"1428","3009_6014",0.0106731173699046,0.0183923093522216,0,"3009","6014","Male","Male","Male_Male","M-M",27,20,7,"Resident","Transient","Resident_Transient","R-T",1,0.54976345023655,0.414957585042415,0.0352789647210353,-0.0161964721666967
"1429","3009_6016",0.0978753383212517,0.0599236043577667,3,"3009","6016","Male","Male","Male_Male","M-M",27,20,7,"Resident","Resident","Resident_Resident","R-R",3,0.001319,0.261918,0.736763,-0.0161964721666967
"1430","3009_6017",0.02809095393073,0.0295061186166727,1,"3009","6017","Male","Male","Male_Male","M-M",27,20,7,"Resident","Resident","Resident_Resident","R-R",2,0.179798,0.72809,0.092112,-0.0161964721666967
"1431","3009_606",0.00696290278765282,0.0102608212456622,0,"3009","606","Male","Male","Male_Male","M-M",27,36,9,"Resident","Resident","Resident_Resident","R-R",1,0.697351302648697,0.3003956996043,0.00225299774700225,0.280664894395497
"1432","3009_6102",0.0101900788317903,0.0168187185530096,0,"3009","6102","Male","Male","Male_Male","M-M",27,18,9,"Resident","Resident","Resident_Resident","R-R",1,0.56779,0.405188,0.027022,0.280664894395497
"1433","3009_6105",0.0282986435713776,0.0300895691736017,1,"3009","6105","Male","Male","Male_Male","M-M",27,18,9,"Resident","Resident","Resident_Resident","R-R",2,0.179798,0.72809,0.092112,0.280664894395497
"1434","3009_6110",0.014237038435548,0.0307832368705385,0,"3009","6110","Male","Male","Male_Male","M-M",27,18,9,"Resident","Transient","Resident_Transient","R-T",1,0.487705,0.435572,0.076723,0.280664894395497
"1435","3009_6112",0.00935407956017189,0.014656621982725,0,"3009","6112","Male","Male","Male_Male","M-M",27,18,9,"Resident","Resident","Resident_Resident","R-R",1,0.576411,0.399965,0.023624,0.280664894395497
"1436","3009_6122",0.00922659601394839,0.014774356954006,0,"3009","6122","Male","Male","Male_Male","M-M",27,18,9,"Resident","Resident","Resident_Resident","R-R",1,0.584797,0.394562,0.020641,0.280664894395497
"1437","3009_6123",0.00988275601585123,0.0166768630499909,0,"3009","6123","Male","Male","Male_Male","M-M",27,18,9,"Resident","Resident","Resident_Resident","R-R",1,0.576411,0.399965,0.023624,0.280664894395497
"1438","3009_6133",0.00910523180948682,0.0151751172780195,0,"3009","6133","Male","Male","Male_Male","M-M",27,18,9,"Resident","Resident","Resident_Resident","R-R",1,0.592966,0.38901,0.018024,0.280664894395497
"1439","3009_6138",0.0100387439239005,0.0168618927168188,0,"3009","6138","Male","Male","Male_Male","M-M",27,18,9,"Resident","Resident","Resident_Resident","R-R",1,0.56779,0.405188,0.027022,0.280664894395497
"1440","3009_6139",0.00999369831197219,0.0158834628122377,0,"3009","6139","Male","Male","Male_Male","M-M",27,18,9,"Resident","Resident","Resident_Resident","R-R",1,0.56779,0.405188,0.027022,0.280664894395497
"1441","3009_6201",0.0106272949390817,0.0175632414435842,0,"3009","6201","Male","Male","Male_Male","M-M",27,15,12,"Resident","Resident","Resident_Resident","R-R",1,0.54976345023655,0.414957585042415,0.0352789647210353,0.725956944238787
"1442","3009_6210",0.00881316038506906,0.0137849575667459,0,"3009","6210","Male","Male","Male_Male","M-M",27,17,10,"Resident","Resident","Resident_Resident","R-R",1,0.600934600934601,0.383335383335383,0.0157300157300157,0.429095577676594
"1443","3009_6220",0.0102437036125963,0.0166995211639856,0,"3009","6220","Male","Male","Male_Male","M-M",27,17,10,"Resident","Resident","Resident_Resident","R-R",1,0.558915,0.410198,0.030887,0.429095577676594
"1444","3009_6257",0.102727601606617,0.0833794685360754,2,"3009","6257","Male","Male","Male_Male","M-M",27,17,10,"Resident","Resident","Resident_Resident","R-R",3,0.00926,0.342775,0.647965,0.429095577676594
"1445","3009_76",0.00731964720011569,0.0102769036042395,0,"3009","76","Male","Male","Male_Male","M-M",27,44,17,"Resident","Resident","Resident_Resident","R-R",1,0.678595,0.317973,0.003432,1.46811036064427
"1446","3009_824",0.0109729694939452,0.0203305601776607,0,"3009","824","Male","Male","Male_Male","M-M",27,39,12,"Resident","Resident","Resident_Resident","R-R",1,0.54031454031454,0.419424419424419,0.0402610402610403,0.725956944238787
"1447","3009_92",0.0176068425029316,0.0172892433276706,1,"3009","92","Male","Male","Male_Male","M-M",27,43,16,"Resident","Resident","Resident_Resident","R-R",2,0.299683,0.692589,0.007728,1.31967967736317
"1448","3012_3098",0.0256891879330807,0.0262695343922896,1,"3012","3098","Male","Male","Male_Male","M-M",27,27,0,"Resident","Resident","Resident_Resident","R-R",2,0.198022,0.737185,0.064793,-1.05521125513437
"1449","3012_4104",0.00793394063084913,0.0116739799374447,0,"3012","4104","Male","Male","Male_Male","M-M",27,26,1,"Resident","Resident","Resident_Resident","R-R",1,0.652147347852652,0.341855658144342,0.005996994003006,-0.906780571853278
"1450","3012_45",0.00627259650413319,0.00862642292654129,0,"3012","45","Male","Male","Male_Male","M-M",27,44,17,"Resident","Resident","Resident_Resident","R-R",1,0.743398743398743,0.255875255875256,0.000726000726000726,1.46811036064427
"1451","3012_480",0.00789262869784491,0.011425913117596,0,"3012","480","Male","Male","Male_Male","M-M",27,43,16,"Resident","Resident","Resident_Resident","R-R",1,0.64525,0.34786,0.00689,1.31967967736317
"1452","3012_5001",0.0318642212239513,0.0337473947217303,1,"3012","5001","Male","Male","Male_Male","M-M",27,22,5,"Resident","Resident","Resident_Resident","R-R",2,0.161107,0.709664,0.129229,-0.31305783872889
"1453","3012_5003",0.032984448330942,0.024441401025163,2,"3012","5003","Male","Male","Male_Male","M-M",27,23,4,"Resident","Resident","Resident_Resident","R-R",2,0.059972,0.90488,0.035148,-0.461488522009987
"1454","3012_5018",0.0223350532458432,0.0226295658410254,1,"3012","5018","Male","Male","Male_Male","M-M",27,22,5,"Resident","Resident","Resident_Resident","R-R",2,0.227755772244228,0.736945263054737,0.0352989647010353,-0.31305783872889
"1455","3012_5019",0.00757547338103232,0.0111733104645631,0,"3012","5019","Male","Male","Male_Male","M-M",27,23,4,"Resident","Resident","Resident_Resident","R-R",1,0.66559,0.329871,0.004539,-0.461488522009987
"1456","3012_5031",0.0479570359840763,0.0371514166448838,2,"3012","5031","Male","Male","Male_Male","M-M",27,23,4,"Resident","Resident","Resident_Resident","R-R",2,0.0322200322200322,0.761447761447761,0.206332206332206,-0.461488522009987
"1457","3012_5036",0.00631803493225586,0.00876453729591369,0,"3012","5036","Male","Male","Male_Male","M-M",27,23,4,"Resident","Resident","Resident_Resident","R-R",1,0.743398743398743,0.255875255875256,0.000726000726000726,-0.461488522009987
"1458","3012_5044",0.0676567638072978,0.0535716406487187,2,"3012","5044","Male","Male","Male_Male","M-M",27,23,4,"Resident","Resident","Resident_Resident","R-R",2,0.0178579821420179,0.543192456807543,0.438949561050439,-0.461488522009987
"1459","3012_5049",0.0100090383113935,0.0168171220103367,0,"3012","5049","Male","Male","Male_Male","M-M",27,22,5,"Resident","Transient","Resident_Transient","R-T",1,0.558915,0.410198,0.030887,-0.31305783872889
"1460","3012_5061",0.0221739755806565,0.023508007195296,1,"3012","5061","Male","Male","Male_Male","M-M",27,22,5,"Resident","Resident","Resident_Resident","R-R",2,0.233663,0.73515,0.031187,-0.31305783872889
"1461","3012_5068",0.0223540614716905,0.0215506619866871,1,"3012","5068","Male","Male","Male_Male","M-M",27,22,5,"Resident","Resident","Resident_Resident","R-R",2,0.227755772244228,0.736945263054737,0.0352989647010353,-0.31305783872889
"1462","3012_5069",0.0257958321524336,0.0268321313162784,1,"3012","5069","Male","Male","Male_Male","M-M",27,23,4,"Resident","Resident","Resident_Resident","R-R",2,0.198022,0.737185,0.064793,-0.461488522009987
"1463","3012_5071",0.00676599005501534,0.00975556157904352,0,"3012","5071","Male","Male","Male_Male","M-M",27,22,5,"Resident","Resident","Resident_Resident","R-R",1,0.709388,0.288913,0.001699,-0.31305783872889
"1464","3012_5075",0.00629521725092474,0.00845085410987589,0,"3012","5075","Male","Male","Male_Male","M-M",27,23,4,"Resident","Resident","Resident_Resident","R-R",1,0.743398743398743,0.255875255875256,0.000726000726000726,-0.461488522009987
"1465","3012_5109",0.00776122056379822,0.0115074902031704,0,"3012","5109","Male","Male","Male_Male","M-M",27,23,4,"Resident","Resident","Resident_Resident","R-R",1,0.66559,0.329871,0.004539,-0.461488522009987
"1466","3012_5137",0.0104924732530515,0.0194331952873681,0,"3012","5137","Male","Male","Male_Male","M-M",27,23,4,"Resident","Resident","Resident_Resident","R-R",1,0.54976345023655,0.414957585042415,0.0352789647210353,-0.461488522009987
"1467","3012_5158",0.0188343744520129,0.0189162329608281,1,"3012","5158","Male","Male","Male_Male","M-M",27,23,4,"Resident","Resident","Resident_Resident","R-R",2,0.281349,0.707291,0.01136,-0.461488522009987
"1468","3012_5161",0.0078703161217599,0.0116440956763488,0,"3012","5161","Male","Male","Male_Male","M-M",27,23,4,"Resident","Resident","Resident_Resident","R-R",1,0.678595,0.317973,0.003432,-0.461488522009987
"1469","3012_5165",0.169938219934867,0.063769051891325,7,"3012","5165","Male","Male","Male_Male","M-M",27,23,4,"Resident","Resident","Resident_Resident","R-R",3,9.99999000001e-07,0.00307699692300308,0.996922003077997,-0.461488522009987
"1470","3012_5194",0.00772989967970352,0.0107880545162717,0,"3012","5194","Male","Male","Male_Male","M-M",27,22,5,"Resident","Resident","Resident_Resident","R-R",1,0.652147347852652,0.341855658144342,0.005996994003006,-0.31305783872889
"1471","3012_558",0.0126361100298633,0.0238346055217371,0,"3012","558","Male","Male","Male_Male","M-M",27,43,16,"Resident","Resident","Resident_Resident","R-R",1,0.509928,0.430579,0.059493,1.31967967736317
"1472","3012_6000",0.0104475155662719,0.0179693764420983,0,"3012","6000","Male","Male","Male_Male","M-M",27,20,7,"Resident","Transient","Resident_Transient","R-T",1,0.54976345023655,0.414957585042415,0.0352789647210353,-0.0161964721666967
"1473","3012_6001",0.0475102210953292,0.0562391296788491,1,"3012","6001","Male","Male","Male_Male","M-M",27,20,7,"Resident","Transient","Resident_Transient","R-T",2,0.109119109119109,0.601553601553602,0.289327289327289,-0.0161964721666967
"1474","3012_6003",0.00745792733725527,0.010671548811656,0,"3012","6003","Male","Male","Male_Male","M-M",27,20,7,"Resident","Resident","Resident_Resident","R-R",1,0.672145,0.323908,0.003947,-0.0161964721666967
"1475","3012_6005",0.0110067329909074,0.0189729787832865,0,"3012","6005","Male","Male","Male_Male","M-M",27,20,7,"Resident","Transient","Resident_Transient","R-T",1,0.530542469457531,0.423551576448424,0.0459059540940459,-0.0161964721666967
"1476","3012_6014",0.0108216544350345,0.0182001023010052,0,"3012","6014","Male","Male","Male_Male","M-M",27,20,7,"Resident","Transient","Resident_Transient","R-T",1,0.54031454031454,0.419424419424419,0.0402610402610403,-0.0161964721666967
"1477","3012_6016",0.0820349410642175,0.0505058736608373,3,"3012","6016","Male","Male","Male_Male","M-M",27,20,7,"Resident","Resident","Resident_Resident","R-R",3,0.002282,0.393893,0.603825,-0.0161964721666967
"1478","3012_6017",0.0586015137670889,0.0455314572183879,2,"3012","6017","Male","Male","Male_Male","M-M",27,20,7,"Resident","Resident","Resident_Resident","R-R",2,0.0223900223900224,0.626105626105626,0.351504351504351,-0.0161964721666967
"1479","3012_606",0.00758688168070874,0.0109560998783512,0,"3012","606","Male","Male","Male_Male","M-M",27,36,9,"Resident","Resident","Resident_Resident","R-R",1,0.66559,0.329871,0.004539,0.280664894395497
"1480","3012_6102",0.0098101342542548,0.0164204039855259,0,"3012","6102","Male","Male","Male_Male","M-M",27,18,9,"Resident","Resident","Resident_Resident","R-R",1,0.576411,0.399965,0.023624,0.280664894395497
"1481","3012_6105",0.027199204015082,0.0289859643591641,1,"3012","6105","Male","Male","Male_Male","M-M",27,18,9,"Resident","Resident","Resident_Resident","R-R",2,0.185919,0.732056,0.082025,0.280664894395497
"1482","3012_6110",0.0147278355863893,0.034101673005026,0,"3012","6110","Male","Male","Male_Male","M-M",27,18,9,"Resident","Transient","Resident_Transient","R-T",1,0.487705,0.435572,0.076723,0.280664894395497
"1483","3012_6112",0.00926409809418215,0.0149896021825408,0,"3012","6112","Male","Male","Male_Male","M-M",27,18,9,"Resident","Resident","Resident_Resident","R-R",1,0.584797,0.394562,0.020641,0.280664894395497
"1484","3012_6122",0.00934982593602365,0.0148988479840984,0,"3012","6122","Male","Male","Male_Male","M-M",27,18,9,"Resident","Resident","Resident_Resident","R-R",1,0.592966,0.38901,0.018024,0.280664894395497
"1485","3012_6123",0.00935803067012285,0.0157719292631807,0,"3012","6123","Male","Male","Male_Male","M-M",27,18,9,"Resident","Resident","Resident_Resident","R-R",1,0.584797,0.394562,0.020641,0.280664894395497
"1486","3012_6133",0.0100962810010951,0.0170899006676296,0,"3012","6133","Male","Male","Male_Male","M-M",27,18,9,"Resident","Resident","Resident_Resident","R-R",1,0.56779,0.405188,0.027022,0.280664894395497
"1487","3012_6138",0.0100252634474605,0.0173311567555657,0,"3012","6138","Male","Male","Male_Male","M-M",27,18,9,"Resident","Resident","Resident_Resident","R-R",1,0.576411,0.399965,0.023624,0.280664894395497
"1488","3012_6139",0.0100311285559046,0.0161664330412441,0,"3012","6139","Male","Male","Male_Male","M-M",27,18,9,"Resident","Resident","Resident_Resident","R-R",1,0.576411,0.399965,0.023624,0.280664894395497
"1489","3012_6201",0.0101717537369735,0.0162930452333053,0,"3012","6201","Male","Male","Male_Male","M-M",27,15,12,"Resident","Resident","Resident_Resident","R-R",1,0.558915,0.410198,0.030887,0.725956944238787
"1490","3012_6210",0.00900970113413547,0.0142468537328585,0,"3012","6210","Male","Male","Male_Male","M-M",27,17,10,"Resident","Resident","Resident_Resident","R-R",1,0.608717,0.377561,0.013722,0.429095577676594
"1491","3012_6220",0.0102606459307206,0.0172915515481626,0,"3012","6220","Male","Male","Male_Male","M-M",27,17,10,"Resident","Resident","Resident_Resident","R-R",1,0.56779,0.405188,0.027022,0.429095577676594
"1492","3012_6257",0.0334466034884802,0.0372717558717443,1,"3012","6257","Male","Male","Male_Male","M-M",27,17,10,"Resident","Resident","Resident_Resident","R-R",2,0.148354148354148,0.691189691189691,0.16045616045616,0.429095577676594
"1493","3012_76",0.00772561662152854,0.0111846284978953,0,"3012","76","Male","Male","Male_Male","M-M",27,44,17,"Resident","Resident","Resident_Resident","R-R",1,0.652147347852652,0.341855658144342,0.005996994003006,1.46811036064427
"1494","3012_824",0.0123651520390913,0.0233335797032234,0,"3012","824","Male","Male","Male_Male","M-M",27,39,12,"Resident","Resident","Resident_Resident","R-R",1,0.509928,0.430579,0.059493,0.725956944238787
"1495","3012_92",0.020414205616476,0.0201287322120586,1,"3012","92","Male","Male","Male_Male","M-M",27,43,16,"Resident","Resident","Resident_Resident","R-R",2,0.251409,0.72716,0.021431,1.31967967736317
"1496","3098_4104",0.0114856143814899,0.0202623115248468,0,"3098","4104","Male","Male","Male_Male","M-M",27,26,1,"Resident","Resident","Resident_Resident","R-R",1,0.530542469457531,0.423551576448424,0.0459059540940459,-0.906780571853278
"1497","3098_45",0.00829142834640379,0.0119755661215878,0,"3098","45","Male","Male","Male_Male","M-M",27,44,17,"Resident","Resident","Resident_Resident","R-R",1,0.631071,0.359843,0.009086,1.46811036064427
"1498","3098_480",0.0086580219819964,0.013529795631211,0,"3098","480","Male","Male","Male_Male","M-M",27,43,16,"Resident","Resident","Resident_Resident","R-R",1,0.608717,0.377561,0.013722,1.31967967736317
"1499","3098_5001",0.011720428769299,0.0208708502261019,0,"3098","5001","Male","Male","Male_Male","M-M",27,22,5,"Resident","Resident","Resident_Resident","R-R",1,0.530542469457531,0.423551576448424,0.0459059540940459,-0.31305783872889
"1500","3098_5003",0.00793021159476266,0.0119205396144487,0,"3098","5003","Male","Male","Male_Male","M-M",27,23,4,"Resident","Resident","Resident_Resident","R-R",1,0.652147347852652,0.341855658144342,0.005996994003006,-0.461488522009987
"1501","3098_5018",0.00875103968492084,0.0130922215053493,0,"3098","5018","Male","Male","Male_Male","M-M",27,22,5,"Resident","Resident","Resident_Resident","R-R",1,0.608717,0.377561,0.013722,-0.31305783872889
"1502","3098_5019",0.00928505657255958,0.0145147622990236,0,"3098","5019","Male","Male","Male_Male","M-M",27,23,4,"Resident","Resident","Resident_Resident","R-R",1,0.592966,0.38901,0.018024,-0.461488522009987
"1503","3098_5031",0.00747182883009748,0.0110198560522723,0,"3098","5031","Male","Male","Male_Male","M-M",27,23,4,"Resident","Resident","Resident_Resident","R-R",1,0.672145,0.323908,0.003947,-0.461488522009987
"1504","3098_5036",0.0089670893536531,0.0139660863222031,0,"3098","5036","Male","Male","Male_Male","M-M",27,23,4,"Resident","Resident","Resident_Resident","R-R",1,0.616326,0.371709,0.011965,-0.461488522009987
"1505","3098_5044",0.00873484059599252,0.0135177704670099,0,"3098","5044","Male","Male","Male_Male","M-M",27,23,4,"Resident","Resident","Resident_Resident","R-R",1,0.608717,0.377561,0.013722,-0.461488522009987
"1506","3098_5049",0.00989965929602146,0.0161829313770478,0,"3098","5049","Male","Male","Male_Male","M-M",27,22,5,"Resident","Transient","Resident_Transient","R-T",1,0.56779,0.405188,0.027022,-0.31305783872889
"1507","3098_5061",0.0100808198686428,0.0166763167908905,0,"3098","5061","Male","Male","Male_Male","M-M",27,22,5,"Resident","Resident","Resident_Resident","R-R",1,0.56779,0.405188,0.027022,-0.31305783872889
"1508","3098_5068",0.00965302133201615,0.0152601948010579,0,"3098","5068","Male","Male","Male_Male","M-M",27,22,5,"Resident","Resident","Resident_Resident","R-R",1,0.56779,0.405188,0.027022,-0.31305783872889
"1509","3098_5069",0.00829154336897263,0.0128479548275615,0,"3098","5069","Male","Male","Male_Male","M-M",27,23,4,"Resident","Resident","Resident_Resident","R-R",1,0.638227638227638,0.353859353859354,0.00791300791300791,-0.461488522009987
"1510","3098_5071",0.00912115612397136,0.0144609524269309,0,"3098","5071","Male","Male","Male_Male","M-M",27,22,5,"Resident","Resident","Resident_Resident","R-R",1,0.592966,0.38901,0.018024,-0.31305783872889
"1511","3098_5075",0.00794350283351322,0.0111886052991157,0,"3098","5075","Male","Male","Male_Male","M-M",27,23,4,"Resident","Resident","Resident_Resident","R-R",1,0.64525,0.34786,0.00689,-0.461488522009987
"1512","3098_5109",0.0103384704500917,0.0177062238823421,0,"3098","5109","Male","Male","Male_Male","M-M",27,23,4,"Resident","Resident","Resident_Resident","R-R",1,0.530542469457531,0.423551576448424,0.0459059540940459,-0.461488522009987
"1513","3098_5137",0.0118749294839783,0.0228214547951703,0,"3098","5137","Male","Male","Male_Male","M-M",27,23,4,"Resident","Resident","Resident_Resident","R-R",1,0.520422,0.427289,0.052289,-0.461488522009987
"1514","3098_5158",0.00859547685191508,0.0134188822702533,0,"3098","5158","Male","Male","Male_Male","M-M",27,23,4,"Resident","Resident","Resident_Resident","R-R",1,0.608717,0.377561,0.013722,-0.461488522009987
"1515","3098_5161",0.00977016803817635,0.0164865417572333,0,"3098","5161","Male","Male","Male_Male","M-M",27,23,4,"Resident","Resident","Resident_Resident","R-R",1,0.576411,0.399965,0.023624,-0.461488522009987
"1516","3098_5165",0.00945105078900447,0.0158591885888501,0,"3098","5165","Male","Male","Male_Male","M-M",27,23,4,"Resident","Resident","Resident_Resident","R-R",1,0.576411,0.399965,0.023624,-0.461488522009987
"1517","3098_5194",0.0118339082120953,0.0221280510858411,0,"3098","5194","Male","Male","Male_Male","M-M",27,22,5,"Resident","Resident","Resident_Resident","R-R",1,0.530542469457531,0.423551576448424,0.0459059540940459,-0.31305783872889
"1518","3098_558",0.0120977719461008,0.0231442284370634,0,"3098","558","Male","Male","Male_Male","M-M",27,43,16,"Resident","Resident","Resident_Resident","R-R",1,0.530542469457531,0.423551576448424,0.0459059540940459,1.31967967736317
"1519","3098_6000",0.0123551873094197,0.021916142244569,0,"3098","6000","Male","Male","Male_Male","M-M",27,20,7,"Resident","Transient","Resident_Transient","R-T",1,0.520422,0.427289,0.052289,-0.0161964721666967
"1520","3098_6001",0.0117652651085682,0.0210070164619493,0,"3098","6001","Male","Male","Male_Male","M-M",27,20,7,"Resident","Transient","Resident_Transient","R-T",1,0.520422,0.427289,0.052289,-0.0161964721666967
"1521","3098_6003",0.0105069943254166,0.017600828661453,0,"3098","6003","Male","Male","Male_Male","M-M",27,20,7,"Resident","Resident","Resident_Resident","R-R",1,0.54031454031454,0.419424419424419,0.0402610402610403,-0.0161964721666967
"1522","3098_6005",0.012671089298261,0.0235406498199799,0,"3098","6005","Male","Male","Male_Male","M-M",27,20,7,"Resident","Transient","Resident_Transient","R-T",1,0.499031,0.433362,0.067607,-0.0161964721666967
"1523","3098_6014",0.0121446827929552,0.0230992860075982,0,"3098","6014","Male","Male","Male_Male","M-M",27,20,7,"Resident","Transient","Resident_Transient","R-T",1,0.509928,0.430579,0.059493,-0.0161964721666967
"1524","3098_6016",0.0115118731659655,0.0202148372303413,0,"3098","6016","Male","Male","Male_Male","M-M",27,20,7,"Resident","Resident","Resident_Resident","R-R",1,0.530542469457531,0.423551576448424,0.0459059540940459,-0.0161964721666967
"1525","3098_6017",0.0126253041837264,0.0239547297275345,0,"3098","6017","Male","Male","Male_Male","M-M",27,20,7,"Resident","Resident","Resident_Resident","R-R",1,0.509928,0.430579,0.059493,-0.0161964721666967
"1526","3098_606",0.00822191318897502,0.0120401844221104,0,"3098","606","Male","Male","Male_Male","M-M",27,36,9,"Resident","Resident","Resident_Resident","R-R",1,0.631071,0.359843,0.009086,0.280664894395497
"1527","3098_76",0.00801412419336316,0.0128570712205492,0,"3098","76","Male","Male","Male_Male","M-M",27,44,17,"Resident","Resident","Resident_Resident","R-R",1,0.638227638227638,0.353859353859354,0.00791300791300791,1.46811036064427
"1528","3098_824",0.0119175635659231,0.0218081871951271,0,"3098","824","Male","Male","Male_Male","M-M",27,39,12,"Resident","Resident","Resident_Resident","R-R",1,0.530542469457531,0.423551576448424,0.0459059540940459,0.725956944238787
"1529","3098_92",0.00892791187760931,0.0140954158489927,0,"3098","92","Male","Male","Male_Male","M-M",27,43,16,"Resident","Resident","Resident_Resident","R-R",1,0.608717,0.377561,0.013722,1.31967967736317
"1530","33_37",0.165028187422,0.0616964966149161,7,"33","37","Male","Male","Male_Male","M-M",37,44,7,"Resident","Resident","Resident_Resident","R-R",3,9.99999000001e-07,0.00347299652700347,0.996526003473996,-0.0161964721666967
"1531","33_413",0.0919571369075489,0.0487430777992432,4,"33","413","Male","Male","Male_Male","M-M",37,43,6,"Resident","Resident","Resident_Resident","R-R",3,0.000231999768000232,0.233402766597233,0.766365233634766,-0.164627155447794
"1532","33_45",0.0249732879756988,0.0181352605499328,2,"33","45","Male","Male","Male_Male","M-M",37,44,7,"Resident","Resident","Resident_Resident","R-R",2,0.096033,0.899531,0.004436,-0.0161964721666967
"1533","33_480",0.0694813032079373,0.0441825043631282,3,"33","480","Male","Male","Male_Male","M-M",37,43,6,"Resident","Resident","Resident_Resident","R-R",2,0.003619,0.542864,0.453517,-0.164627155447794
"1534","33_509",0.0118367868421566,0.0224805092741662,0,"33","509","Male","Male","Male_Male","M-M",37,43,6,"Resident","Resident","Resident_Resident","R-R",1,0.530542469457531,0.423551576448424,0.0459059540940459,-0.164627155447794
"1535","33_549",0.0688452485415944,0.0422300176361306,3,"33","549","Male","Male","Male_Male","M-M",37,43,6,"Resident","Resident","Resident_Resident","R-R",2,0.003619,0.542864,0.453517,-0.164627155447794
"1536","33_558",0.00770182540024708,0.0112672002358292,0,"33","558","Male","Male","Male_Male","M-M",37,43,6,"Resident","Resident","Resident_Resident","R-R",1,0.64525,0.34786,0.00689,-0.164627155447794
"1537","33_606",0.00795814116078397,0.0121399130029693,0,"33","606","Male","Male","Male_Male","M-M",37,36,1,"Resident","Resident","Resident_Resident","R-R",1,0.64525,0.34786,0.00689,-0.906780571853278
"1538","33_76",0.00735362588266631,0.0104382979854877,0,"33","76","Male","Male","Male_Male","M-M",37,44,7,"Resident","Resident","Resident_Resident","R-R",1,0.678595,0.317973,0.003432,-0.0161964721666967
"1539","33_804",0.073627441360133,0.0379539032758136,4,"33","804","Male","Male","Male_Male","M-M",37,39,2,"Resident","Resident","Resident_Resident","R-R",3,0.000608,0.475669,0.523723,-0.758349888572181
"1540","33_824",0.0172721343881429,0.016485497839693,1,"33","824","Male","Male","Male_Male","M-M",37,39,2,"Resident","Resident","Resident_Resident","R-R",2,0.305869,0.687338,0.006793,-0.758349888572181
"1541","33_92",0.0202834890264378,0.0196735757264315,1,"33","92","Male","Male","Male_Male","M-M",37,43,6,"Resident","Resident","Resident_Resident","R-R",2,0.25735,0.723758,0.018892,-0.164627155447794
"1542","33_9907",0.00949966044283768,0.0155968751671503,0,"33","9907","Male","Male","Male_Male","M-M",37,37,0,"Resident","Transient","Resident_Transient","R-T",1,0.584797,0.394562,0.020641,-1.05521125513437
"1543","33_9911",0.00668069302710309,0.00908514188705009,0,"33","9911","Male","Male","Male_Male","M-M",37,37,0,"Resident","Resident","Resident_Resident","R-R",1,0.715271,0.283253,0.001476,-1.05521125513437
"1544","355_37",0.0121582444195786,0.024378104306037,0,"355","37","Male","Male","Male_Male","M-M",43,44,1,"Transient","Resident","Resident_Transient","R-T",1,0.530542469457531,0.423551576448424,0.0459059540940459,-0.906780571853278
"1545","355_413",0.0107412151878667,0.0177892896077592,0,"355","413","Male","Male","Male_Male","M-M",43,43,0,"Transient","Resident","Resident_Transient","R-T",1,0.54976345023655,0.414957585042415,0.0352789647210353,-1.05521125513437
"1546","355_45",0.00883097411742707,0.0139547410767922,0,"355","45","Male","Male","Male_Male","M-M",43,44,1,"Transient","Resident","Resident_Transient","R-T",1,0.608717,0.377561,0.013722,-0.906780571853278
"1547","355_452",0.0117002935908408,0.0196070872805224,0,"355","452","Male","Male","Male_Male","M-M",43,43,0,"Transient","Transient","Transient_Transient","T-T",1,0.520422,0.427289,0.052289,-1.05521125513437
"1548","355_480",0.0101771504568513,0.0170127556981785,0,"355","480","Male","Male","Male_Male","M-M",43,43,0,"Transient","Resident","Resident_Transient","R-T",1,0.558915,0.410198,0.030887,-1.05521125513437
"1549","355_496",0.0110516892033411,0.0193214660747921,0,"355","496","Male","Male","Male_Male","M-M",43,43,0,"Transient","Transient","Transient_Transient","T-T",1,0.54031454031454,0.419424419424419,0.0402610402610403,-1.05521125513437
"1550","355_504",0.0104360749173885,0.0172616021111857,0,"355","504","Male","Male","Male_Male","M-M",43,43,0,"Transient","Transient","Transient_Transient","T-T",1,0.530542469457531,0.423551576448424,0.0459059540940459,-1.05521125513437
"1551","355_509",0.0118192046876556,0.0215284803185346,0,"355","509","Male","Male","Male_Male","M-M",43,43,0,"Transient","Resident","Resident_Transient","R-T",1,0.530542469457531,0.423551576448424,0.0459059540940459,-1.05521125513437
"1552","355_549",0.0115354818579493,0.0220708505073953,0,"355","549","Male","Male","Male_Male","M-M",43,43,0,"Transient","Resident","Resident_Transient","R-T",1,0.530542469457531,0.423551576448424,0.0459059540940459,-1.05521125513437
"1553","355_558",0.0115045261083965,0.0221923948509667,0,"355","558","Male","Male","Male_Male","M-M",43,43,0,"Transient","Resident","Resident_Transient","R-T",1,0.520422,0.427289,0.052289,-1.05521125513437
"1554","355_562",0.0115264584583891,0.0201471605037484,0,"355","562","Male","Male","Male_Male","M-M",43,43,0,"Transient","Transient","Transient_Transient","T-T",1,0.520422,0.427289,0.052289,-1.05521125513437
"1555","355_74",0.0106860883527122,0.0199817988819644,0,"355","74","Male","Male","Male_Male","M-M",43,43,0,"Transient","Resident","Resident_Transient","R-T",1,0.54031454031454,0.419424419424419,0.0402610402610403,-1.05521125513437
"1556","355_76",0.00963492847680035,0.0160862093071071,0,"355","76","Male","Male","Male_Male","M-M",43,44,1,"Transient","Resident","Resident_Transient","R-T",1,0.56779,0.405188,0.027022,-0.906780571853278
"1557","355_92",0.0121842092581155,0.0229362045875621,0,"355","92","Male","Male","Male_Male","M-M",43,43,0,"Transient","Resident","Resident_Transient","R-T",1,0.520422,0.427289,0.052289,-1.05521125513437
"1558","37_413",0.119448308941904,0.0484636789679704,6,"37","413","Male","Male","Male_Male","M-M",44,43,1,"Resident","Resident","Resident_Resident","R-R",3,1e-06,0.034915,0.965084,-0.906780571853278
"1559","37_45",0.00997411653616703,0.00869041149293378,1,"37","45","Male","Male","Male_Male","M-M",44,44,0,"Resident","Resident","Resident_Resident","R-R",1,0.637483,0.362508,9e-06,-1.05521125513437
"1560","37_452",0.0126021243277495,0.0227853176011776,0,"37","452","Male","Male","Male_Male","M-M",44,43,1,"Resident","Transient","Resident_Transient","R-T",1,0.509928,0.430579,0.059493,-0.906780571853278
"1561","37_480",0.0168166931203803,0.015403756508504,1,"37","480","Male","Male","Male_Male","M-M",44,43,1,"Resident","Resident","Resident_Resident","R-R",2,0.318363,0.676393,0.005244,-0.906780571853278
"1562","37_496",0.0557562351742827,0.0678311840485235,1,"37","496","Male","Male","Male_Male","M-M",44,43,1,"Resident","Transient","Resident_Transient","R-T",2,0.096098,0.560333,0.343569,-0.906780571853278
"1563","37_504",0.0115356454108244,0.0205561266872704,0,"37","504","Male","Male","Male_Male","M-M",44,43,1,"Resident","Transient","Resident_Transient","R-T",1,0.520422,0.427289,0.052289,-0.906780571853278
"1564","37_509",0.00919951585283762,0.0143491223786347,0,"37","509","Male","Male","Male_Male","M-M",44,43,1,"Resident","Resident","Resident_Resident","R-R",1,0.584797,0.394562,0.020641,-0.906780571853278
"1565","37_549",0.0961460531918276,0.0431202605889374,5,"37","549","Male","Male","Male_Male","M-M",44,43,1,"Resident","Resident","Resident_Resident","R-R",3,2.7999972000028e-05,0.153448846551153,0.846523153476846,-0.906780571853278
"1566","37_558",0.00708116954653215,0.00981086122195204,0,"37","558","Male","Male","Male_Male","M-M",44,43,1,"Resident","Resident","Resident_Resident","R-R",1,0.691195308804691,0.306211693788306,0.00259299740700259,-0.906780571853278
"1567","37_562",0.0131097606288114,0.025661719896085,0,"37","562","Male","Male","Male_Male","M-M",44,43,1,"Resident","Transient","Resident_Transient","R-T",1,0.509928,0.430579,0.059493,-0.906780571853278
"1568","37_606",0.00775026915872676,0.0110369015269283,0,"37","606","Male","Male","Male_Male","M-M",44,36,8,"Resident","Resident","Resident_Resident","R-R",1,0.658926,0.335856,0.005218,0.1322342111144
"1569","37_74",0.0114235473465597,0.0203884651581642,0,"37","74","Male","Male","Male_Male","M-M",44,43,1,"Resident","Resident","Resident_Resident","R-R",1,0.530542469457531,0.423551576448424,0.0459059540940459,-0.906780571853278
"1570","37_76",0.00575412240954971,0.00753200588701774,0,"37","76","Male","Male","Male_Male","M-M",44,44,0,"Resident","Resident","Resident_Resident","R-R",1,0.784116,0.215652,0.000232,-1.05521125513437
"1571","37_804",0.155725059263393,0.0535228199931564,8,"37","804","Male","Male","Male_Male","M-M",44,39,5,"Resident","Resident","Resident_Resident","R-R",3,9.99999000001e-07,0.00206999793000207,0.997929002070998,-0.31305783872889
"1572","37_824",0.0168359410899111,0.0156100923424752,1,"37","824","Male","Male","Male_Male","M-M",44,39,5,"Resident","Resident","Resident_Resident","R-R",2,0.318363,0.676393,0.005244,-0.31305783872889
"1573","37_92",0.0379487054282734,0.0283814667053021,2,"37","92","Male","Male","Male_Male","M-M",44,43,1,"Resident","Resident","Resident_Resident","R-R",2,0.047552,0.873113,0.079335,-0.906780571853278
"1574","37_9907",0.0363371535889389,0.0428609941580964,1,"37","9907","Male","Male","Male_Male","M-M",44,37,7,"Resident","Transient","Resident_Transient","R-T",2,0.141895,0.679897,0.178208,-0.0161964721666967
"1575","37_9911",0.00635415205855602,0.00855302585571956,0,"37","9911","Male","Male","Male_Male","M-M",44,37,7,"Resident","Resident","Resident_Resident","R-R",1,0.743398743398743,0.255875255875256,0.000726000726000726,-0.0161964721666967
"1576","3_33",0.00567899970502611,0.00783228003069476,0,"3","33","Male","Male","Male_Male","M-M",45,37,8,"Resident","Resident","Resident_Resident","R-R",1,0.784116,0.215652,0.000232,0.1322342111144
"1577","3_355",0.00938674873273795,0.0152297717790964,0,"3","355","Male","Male","Male_Male","M-M",45,43,2,"Resident","Transient","Resident_Transient","R-T",1,0.592966,0.38901,0.018024,-0.758349888572181
"1578","3_37",0.0123023497300867,0.0110773705511467,1,"3","37","Male","Male","Male_Male","M-M",45,44,1,"Resident","Resident","Resident_Resident","R-R",2,0.486789,0.51302,0.000191,-0.906780571853278
"1579","3_413",0.0273668951884259,0.020254176013133,2,"3","413","Male","Male","Male_Male","M-M",45,43,2,"Resident","Resident","Resident_Resident","R-R",2,0.08199,0.908725,0.009285,-0.758349888572181
"1580","3_45",0.0248472257081183,0.0144350755665017,3,"3","45","Male","Male","Male_Male","M-M",45,44,1,"Resident","Resident","Resident_Resident","R-R",2,0.0429419570580429,0.956850043149957,0.000207999792000208,-0.906780571853278
"1581","3_452",0.00939074469741965,0.0150500186738611,0,"3","452","Male","Male","Male_Male","M-M",45,43,2,"Resident","Transient","Resident_Transient","R-T",1,0.576411,0.399965,0.023624,-0.758349888572181
"1582","3_480",0.0280487898319286,0.0203907124174973,2,"3","480","Male","Male","Male_Male","M-M",45,43,2,"Resident","Resident","Resident_Resident","R-R",2,0.077667,0.910474,0.011859,-0.758349888572181
"1583","3_496",0.00890802506133046,0.0142542217640488,0,"3","496","Male","Male","Male_Male","M-M",45,43,2,"Resident","Transient","Resident_Transient","R-T",1,0.592966,0.38901,0.018024,-0.758349888572181
"1584","3_504",0.00976859843930775,0.0154898206235888,0,"3","504","Male","Male","Male_Male","M-M",45,43,2,"Resident","Transient","Resident_Transient","R-T",1,0.584797,0.394562,0.020641,-0.758349888572181
"1585","3_509",0.00876387257522915,0.0140820472204903,0,"3","509","Male","Male","Male_Male","M-M",45,43,2,"Resident","Resident","Resident_Resident","R-R",1,0.608717,0.377561,0.013722,-0.758349888572181
"1586","3_549",0.00528824905732824,0.00688187422901737,0,"3","549","Male","Male","Male_Male","M-M",45,43,2,"Resident","Resident","Resident_Resident","R-R",1,0.82389,0.176047,6.3e-05,-0.758349888572181
"1587","3_558",0.00619899704924889,0.00833705834240256,0,"3","558","Male","Male","Male_Male","M-M",45,43,2,"Resident","Resident","Resident_Resident","R-R",1,0.743398743398743,0.255875255875256,0.000726000726000726,-0.758349888572181
"1588","3_562",0.00978142080675179,0.0163915039417274,0,"3","562","Male","Male","Male_Male","M-M",45,43,2,"Resident","Transient","Resident_Transient","R-T",1,0.576411,0.399965,0.023624,-0.758349888572181
"1589","3_606",0.00715780472685133,0.0104843150488781,0,"3","606","Male","Male","Male_Male","M-M",45,36,9,"Resident","Resident","Resident_Resident","R-R",1,0.697351302648697,0.3003956996043,0.00225299774700225,0.280664894395497
"1590","3_74",0.00887542455215124,0.0131582210253254,0,"3","74","Male","Male","Male_Male","M-M",45,43,2,"Resident","Resident","Resident_Resident","R-R",1,0.592966,0.38901,0.018024,-0.758349888572181
"1591","3_76",0.00526973341839467,0.00663054814186637,0,"3","76","Male","Male","Male_Male","M-M",45,44,1,"Resident","Resident","Resident_Resident","R-R",1,0.82389,0.176047,6.3e-05,-0.906780571853278
"1592","3_804",0.0144587199705776,0.0132931555580388,1,"3","804","Male","Male","Male_Male","M-M",45,39,6,"Resident","Resident","Resident_Resident","R-R",2,0.383328616671383,0.615254384745615,0.00141699858300142,-0.164627155447794
"1593","3_824",0.0159741796566822,0.0154100251584072,1,"3","824","Male","Male","Male_Male","M-M",45,39,6,"Resident","Resident","Resident_Resident","R-R",2,0.35033235033235,0.646934646934647,0.00273300273300273,-0.164627155447794
"1594","3_92",0.00567255639343202,0.00737332027601471,0,"3","92","Male","Male","Male_Male","M-M",45,43,2,"Resident","Resident","Resident_Resident","R-R",1,0.802565802565803,0.197304197304197,0.00013000013000013,-0.758349888572181
"1595","3_9907",0.0100083918369353,0.0179236964730607,0,"3","9907","Male","Male","Male_Male","M-M",45,37,8,"Resident","Transient","Resident_Transient","R-T",1,0.558915,0.410198,0.030887,0.1322342111144
"1596","3_9911",0.00636324529171723,0.00898246695521298,0,"3","9911","Male","Male","Male_Male","M-M",45,37,8,"Resident","Resident","Resident_Resident","R-R",1,0.743398743398743,0.255875255875256,0.000726000726000726,0.1322342111144
"1597","4104_45",0.00746271898671106,0.0103560731291421,0,"4104","45","Male","Male","Male_Male","M-M",26,44,18,"Resident","Resident","Resident_Resident","R-R",1,0.64525,0.34786,0.00689,1.61654104392537
"1598","4104_480",0.0104493285133772,0.0174893399137454,0,"4104","480","Male","Male","Male_Male","M-M",26,43,17,"Resident","Resident","Resident_Resident","R-R",1,0.54976345023655,0.414957585042415,0.0352789647210353,1.46811036064427
"1599","4104_5001",0.0111031168490269,0.018814068436995,0,"4104","5001","Male","Male","Male_Male","M-M",26,22,4,"Resident","Resident","Resident_Resident","R-R",1,0.530542469457531,0.423551576448424,0.0459059540940459,-0.461488522009987
"1600","4104_5003",0.00685496179468217,0.0099275460770275,0,"4104","5003","Male","Male","Male_Male","M-M",26,23,3,"Resident","Resident","Resident_Resident","R-R",1,0.697351302648697,0.3003956996043,0.00225299774700225,-0.609919205291084
"1601","4104_5018",0.0296016689351681,0.0324735968128447,1,"4104","5018","Male","Male","Male_Male","M-M",26,22,4,"Resident","Resident","Resident_Resident","R-R",2,0.173625,0.723088,0.103287,-0.461488522009987
"1602","4104_5019",0.0100088146458067,0.0159377528449721,0,"4104","5019","Male","Male","Male_Male","M-M",26,23,3,"Resident","Resident","Resident_Resident","R-R",1,0.558915,0.410198,0.030887,-0.609919205291084
"1603","4104_5031",0.00765007107015257,0.010888553281387,0,"4104","5031","Male","Male","Male_Male","M-M",26,23,3,"Resident","Resident","Resident_Resident","R-R",1,0.652147347852652,0.341855658144342,0.005996994003006,-0.609919205291084
"1604","4104_5036",0.0231255739143267,0.0231798839309921,1,"4104","5036","Male","Male","Male_Male","M-M",26,23,3,"Resident","Resident","Resident_Resident","R-R",2,0.221843778156222,0.738231261768738,0.0399249600750399,-0.609919205291084
"1605","4104_5044",0.00920599635404521,0.0153774312556622,0,"4104","5044","Male","Male","Male_Male","M-M",26,23,3,"Resident","Resident","Resident_Resident","R-R",1,0.584797,0.394562,0.020641,-0.609919205291084
"1606","4104_5049",0.0106221033621172,0.0186618864341188,0,"4104","5049","Male","Male","Male_Male","M-M",26,22,4,"Resident","Transient","Resident_Transient","R-T",1,0.54031454031454,0.419424419424419,0.0402610402610403,-0.461488522009987
"1607","4104_5061",0.00838545435085997,0.012256509513661,0,"4104","5061","Male","Male","Male_Male","M-M",26,22,4,"Resident","Resident","Resident_Resident","R-R",1,0.631071,0.359843,0.009086,-0.461488522009987
"1608","4104_5068",0.00822730338132278,0.0119281292215405,0,"4104","5068","Male","Male","Male_Male","M-M",26,22,4,"Resident","Resident","Resident_Resident","R-R",1,0.608717,0.377561,0.013722,-0.461488522009987
"1609","4104_5069",0.00848674550269051,0.0128404851353744,0,"4104","5069","Male","Male","Male_Male","M-M",26,23,3,"Resident","Resident","Resident_Resident","R-R",1,0.616326,0.371709,0.011965,-0.609919205291084
"1610","4104_5071",0.00837564421214555,0.0133645212134155,0,"4104","5071","Male","Male","Male_Male","M-M",26,22,4,"Resident","Resident","Resident_Resident","R-R",1,0.616326,0.371709,0.011965,-0.461488522009987
"1611","4104_5075",0.00765777410314152,0.0112110829596416,0,"4104","5075","Male","Male","Male_Male","M-M",26,23,3,"Resident","Resident","Resident_Resident","R-R",1,0.658926,0.335856,0.005218,-0.609919205291084
"1612","4104_5109",0.0107496874499268,0.0206911431262709,0,"4104","5109","Male","Male","Male_Male","M-M",26,23,3,"Resident","Resident","Resident_Resident","R-R",1,0.54031454031454,0.419424419424419,0.0402610402610403,-0.609919205291084
"1613","4104_5137",0.0133805397193667,0.0264616663644444,0,"4104","5137","Male","Male","Male_Male","M-M",26,23,3,"Resident","Resident","Resident_Resident","R-R",1,0.487705,0.435572,0.076723,-0.609919205291084
"1614","4104_5158",0.00814633456176787,0.0123200283022445,0,"4104","5158","Male","Male","Male_Male","M-M",26,23,3,"Resident","Resident","Resident_Resident","R-R",1,0.638227638227638,0.353859353859354,0.00791300791300791,-0.609919205291084
"1615","4104_5161",0.0112192471258759,0.0207057971594808,0,"4104","5161","Male","Male","Male_Male","M-M",26,23,3,"Resident","Resident","Resident_Resident","R-R",1,0.54976345023655,0.414957585042415,0.0352789647210353,-0.609919205291084
"1616","4104_5165",0.00775451599362076,0.01158125884987,0,"4104","5165","Male","Male","Male_Male","M-M",26,23,3,"Resident","Resident","Resident_Resident","R-R",1,0.658926,0.335856,0.005218,-0.609919205291084
"1617","4104_5194",0.00905792151734724,0.0139881262629695,0,"4104","5194","Male","Male","Male_Male","M-M",26,22,4,"Resident","Resident","Resident_Resident","R-R",1,0.576411,0.399965,0.023624,-0.461488522009987
"1618","4104_6000",0.0121416769132725,0.0219194086179054,0,"4104","6000","Male","Male","Male_Male","M-M",26,20,6,"Resident","Transient","Resident_Transient","R-T",1,0.509928,0.430579,0.059493,-0.164627155447794
"1619","4104_6001",0.0121550636141686,0.0236820823498983,0,"4104","6001","Male","Male","Male_Male","M-M",26,20,6,"Resident","Transient","Resident_Transient","R-T",1,0.509928,0.430579,0.059493,-0.164627155447794
"1620","4104_6003",0.00895113189786008,0.0143908738395869,0,"4104","6003","Male","Male","Male_Male","M-M",26,20,6,"Resident","Resident","Resident_Resident","R-R",1,0.592966,0.38901,0.018024,-0.164627155447794
"1621","4104_6005",0.0133417673461471,0.0253859652843563,0,"4104","6005","Male","Male","Male_Male","M-M",26,20,6,"Resident","Transient","Resident_Transient","R-T",1,0.487705,0.435572,0.076723,-0.164627155447794
"1622","4104_6014",0.0126053440358733,0.0244872359203581,0,"4104","6014","Male","Male","Male_Male","M-M",26,20,6,"Resident","Transient","Resident_Transient","R-T",1,0.499031,0.433362,0.067607,-0.164627155447794
"1623","4104_6016",0.00872622282320063,0.0134989131414823,0,"4104","6016","Male","Male","Male_Male","M-M",26,20,6,"Resident","Resident","Resident_Resident","R-R",1,0.608717,0.377561,0.013722,-0.164627155447794
"1624","4104_6017",0.0102518520086923,0.0166569134599745,0,"4104","6017","Male","Male","Male_Male","M-M",26,20,6,"Resident","Resident","Resident_Resident","R-R",1,0.558915,0.410198,0.030887,-0.164627155447794
"1625","4104_606",0.00990492675961752,0.017021095620682,0,"4104","606","Male","Male","Male_Male","M-M",26,36,10,"Resident","Resident","Resident_Resident","R-R",1,0.576411,0.399965,0.023624,0.429095577676594
"1626","4104_6102",0.0127114061111204,0.0235905235790612,0,"4104","6102","Male","Male","Male_Male","M-M",26,18,8,"Resident","Resident","Resident_Resident","R-R",1,0.509928,0.430579,0.059493,0.1322342111144
"1627","4104_6105",0.00926753429255765,0.0145495237034844,0,"4104","6105","Male","Male","Male_Male","M-M",26,18,8,"Resident","Resident","Resident_Resident","R-R",1,0.592966,0.38901,0.018024,0.1322342111144
"1628","4104_6110",0.0143120040714844,0.0298933433826493,0,"4104","6110","Male","Male","Male_Male","M-M",26,18,8,"Resident","Transient","Resident_Transient","R-T",1,0.487705,0.435572,0.076723,0.1322342111144
"1629","4104_6112",0.0114310766704748,0.0215241424501091,0,"4104","6112","Male","Male","Male_Male","M-M",26,18,8,"Resident","Resident","Resident_Resident","R-R",1,0.520422,0.427289,0.052289,0.1322342111144
"1630","4104_6122",0.0108615049570905,0.0186520478182446,0,"4104","6122","Male","Male","Male_Male","M-M",26,18,8,"Resident","Resident","Resident_Resident","R-R",1,0.530542469457531,0.423551576448424,0.0459059540940459,0.1322342111144
"1631","4104_6123",0.0117513190075284,0.0211143672776247,0,"4104","6123","Male","Male","Male_Male","M-M",26,18,8,"Resident","Resident","Resident_Resident","R-R",1,0.520422,0.427289,0.052289,0.1322342111144
"1632","4104_6133",0.0107737602011967,0.01817479959923,0,"4104","6133","Male","Male","Male_Male","M-M",26,18,8,"Resident","Resident","Resident_Resident","R-R",1,0.530542469457531,0.423551576448424,0.0459059540940459,0.1322342111144
"1633","4104_6138",0.012222302789412,0.0214708511136956,0,"4104","6138","Male","Male","Male_Male","M-M",26,18,8,"Resident","Resident","Resident_Resident","R-R",1,0.509928,0.430579,0.059493,0.1322342111144
"1634","4104_6139",0.0126646421789062,0.0230087426323938,0,"4104","6139","Male","Male","Male_Male","M-M",26,18,8,"Resident","Resident","Resident_Resident","R-R",1,0.509928,0.430579,0.059493,0.1322342111144
"1635","4104_6201",0.0106928531070027,0.0185291033754202,0,"4104","6201","Male","Male","Male_Male","M-M",26,15,11,"Resident","Resident","Resident_Resident","R-R",1,0.54976345023655,0.414957585042415,0.0352789647210353,0.577526260957691
"1636","4104_6210",0.0105786633127627,0.0183219309427725,0,"4104","6210","Male","Male","Male_Male","M-M",26,17,9,"Resident","Resident","Resident_Resident","R-R",1,0.54976345023655,0.414957585042415,0.0352789647210353,0.280664894395497
"1637","4104_6220",0.0132314537305588,0.0255853917864141,0,"4104","6220","Male","Male","Male_Male","M-M",26,17,9,"Resident","Resident","Resident_Resident","R-R",1,0.499031,0.433362,0.067607,0.280664894395497
"1638","4104_6235",0.0108991662990014,0.018696208934108,0,"4104","6235","Male","Male","Male_Male","M-M",26,14,12,"Resident","Resident","Resident_Resident","R-R",1,0.54976345023655,0.414957585042415,0.0352789647210353,0.725956944238787
"1639","4104_6257",0.0106745824598867,0.0183009138706739,0,"4104","6257","Male","Male","Male_Male","M-M",26,17,9,"Resident","Resident","Resident_Resident","R-R",1,0.530542469457531,0.423551576448424,0.0459059540940459,0.280664894395497
"1640","4104_6421",0.0608434181548918,0.0730791583353721,1,"4104","6421","Male","Male","Male_Male","M-M",26,14,12,"Resident","Resident","Resident_Resident","R-R",2,0.089701,0.537907,0.372392,0.725956944238787
"1641","4104_76",0.00918141222407435,0.0153459869663498,0,"4104","76","Male","Male","Male_Male","M-M",26,44,18,"Resident","Resident","Resident_Resident","R-R",1,0.592966,0.38901,0.018024,1.61654104392537
"1642","4104_92",0.00871326661138017,0.0133801742763747,0,"4104","92","Male","Male","Male_Male","M-M",26,43,17,"Resident","Resident","Resident_Resident","R-R",1,0.608717,0.377561,0.013722,1.46811036064427
"1643","413_45",0.0435363513412643,0.0233832006803562,4,"413","45","Male","Male","Male_Male","M-M",43,44,1,"Resident","Resident","Resident_Resident","R-R",2,0.00315,0.977268,0.019582,-0.906780571853278
"1644","413_452",0.0108935221855039,0.0183119362121919,0,"413","452","Male","Male","Male_Male","M-M",43,43,0,"Resident","Transient","Resident_Transient","R-T",1,0.530542469457531,0.423551576448424,0.0459059540940459,-1.05521125513437
"1645","413_480",0.0365903135759895,0.027281917011885,2,"413","480","Male","Male","Male_Male","M-M",43,43,0,"Resident","Resident","Resident_Resident","R-R",2,0.0492850492850493,0.87990387990388,0.0708110708110708,-1.05521125513437
"1646","413_496",0.0108053862089597,0.0181024321222371,0,"413","496","Male","Male","Male_Male","M-M",43,43,0,"Resident","Transient","Resident_Transient","R-T",1,0.54976345023655,0.414957585042415,0.0352789647210353,-1.05521125513437
"1647","413_504",0.0107846935977586,0.0187187779544232,0,"413","504","Male","Male","Male_Male","M-M",43,43,0,"Resident","Transient","Resident_Transient","R-T",1,0.54031454031454,0.419424419424419,0.0402610402610403,-1.05521125513437
"1648","413_509",0.00872537721614247,0.0138708454510229,0,"413","509","Male","Male","Male_Male","M-M",43,43,0,"Resident","Resident","Resident_Resident","R-R",1,0.616326,0.371709,0.011965,-1.05521125513437
"1649","413_549",0.0537414143666574,0.033136776835053,3,"413","549","Male","Male","Male_Male","M-M",43,43,0,"Resident","Resident","Resident_Resident","R-R",2,0.00702,0.795587,0.197393,-1.05521125513437
"1650","413_558",0.00744308246838887,0.0106907077971977,0,"413","558","Male","Male","Male_Male","M-M",43,43,0,"Resident","Resident","Resident_Resident","R-R",1,0.672145,0.323908,0.003947,-1.05521125513437
"1651","413_562",0.0117750966711524,0.0218508536734631,0,"413","562","Male","Male","Male_Male","M-M",43,43,0,"Resident","Transient","Resident_Transient","R-T",1,0.530542469457531,0.423551576448424,0.0459059540940459,-1.05521125513437
"1652","413_606",0.0079058216069917,0.0117135206387182,0,"413","606","Male","Male","Male_Male","M-M",43,36,7,"Resident","Resident","Resident_Resident","R-R",1,0.631071,0.359843,0.009086,-0.0161964721666967
"1653","413_74",0.0104641719560881,0.0184501075129844,0,"413","74","Male","Male","Male_Male","M-M",43,43,0,"Resident","Resident","Resident_Resident","R-R",1,0.54976345023655,0.414957585042415,0.0352789647210353,-1.05521125513437
"1654","413_76",0.00657843248794877,0.00900865481933083,0,"413","76","Male","Male","Male_Male","M-M",43,44,1,"Resident","Resident","Resident_Resident","R-R",1,0.721067,0.277652,0.001281,-0.906780571853278
"1655","413_804",0.12178566989929,0.0509124337393367,6,"413","804","Male","Male","Male_Male","M-M",43,39,4,"Resident","Resident","Resident_Resident","R-R",3,1e-06,0.031047,0.968952,-0.461488522009987
"1656","413_824",0.0405559044827093,0.0297384413621526,2,"413","824","Male","Male","Male_Male","M-M",43,39,4,"Resident","Resident","Resident_Resident","R-R",2,0.0424,0.846842,0.110758,-0.461488522009987
"1657","413_92",0.00708421190137222,0.0102043934188854,0,"413","92","Male","Male","Male_Male","M-M",43,43,0,"Resident","Resident","Resident_Resident","R-R",1,0.709388,0.288913,0.001699,-1.05521125513437
"1658","413_9907",0.0102143911220526,0.0173176281534599,0,"413","9907","Male","Male","Male_Male","M-M",43,37,6,"Resident","Transient","Resident_Transient","R-T",1,0.576411,0.399965,0.023624,-0.164627155447794
"1659","413_9911",0.00632934847579651,0.00870450954184672,0,"413","9911","Male","Male","Male_Male","M-M",43,37,6,"Resident","Resident","Resident_Resident","R-R",1,0.726777,0.272111,0.001112,-0.164627155447794
"1660","452_480",0.0116975718199001,0.0213808165681342,0,"452","480","Male","Male","Male_Male","M-M",43,43,0,"Transient","Resident","Resident_Transient","R-T",1,0.54031454031454,0.419424419424419,0.0402610402610403,-1.05521125513437
"1661","452_496",0.0119542137808449,0.0236212389825171,0,"452","496","Male","Male","Male_Male","M-M",43,43,0,"Transient","Transient","Transient_Transient","T-T",1,0.520422,0.427289,0.052289,-1.05521125513437
"1662","452_504",0.0131916215251074,0.0258052858792502,0,"452","504","Male","Male","Male_Male","M-M",43,43,0,"Transient","Transient","Transient_Transient","T-T",1,0.509928,0.430579,0.059493,-1.05521125513437
"1663","452_509",0.0124988788399888,0.0226821012223392,0,"452","509","Male","Male","Male_Male","M-M",43,43,0,"Transient","Resident","Resident_Transient","R-T",1,0.509928,0.430579,0.059493,-1.05521125513437
"1664","452_549",0.012228949355743,0.0227282750492609,0,"452","549","Male","Male","Male_Male","M-M",43,43,0,"Transient","Resident","Resident_Transient","R-T",1,0.509928,0.430579,0.059493,-1.05521125513437
"1665","452_558",0.0134694597124883,0.0266928614239207,0,"452","558","Male","Male","Male_Male","M-M",43,43,0,"Transient","Resident","Resident_Transient","R-T",1,0.499031,0.433362,0.067607,-1.05521125513437
"1666","452_562",0.0133342659365142,0.0278756450409433,0,"452","562","Male","Male","Male_Male","M-M",43,43,0,"Transient","Transient","Transient_Transient","T-T",1,0.499031,0.433362,0.067607,-1.05521125513437
"1667","452_74",0.0124590873228582,0.0221963172378124,0,"452","74","Male","Male","Male_Male","M-M",43,43,0,"Transient","Resident","Resident_Transient","R-T",1,0.520422,0.427289,0.052289,-1.05521125513437
"1668","452_76",0.0103330928407568,0.0165888033801629,0,"452","76","Male","Male","Male_Male","M-M",43,44,1,"Transient","Resident","Resident_Transient","R-T",1,0.54976345023655,0.414957585042415,0.0352789647210353,-0.906780571853278
"1669","452_92",0.0128050102640447,0.0235053117516346,0,"452","92","Male","Male","Male_Male","M-M",43,43,0,"Transient","Resident","Resident_Transient","R-T",1,0.499031,0.433362,0.067607,-1.05521125513437
"1670","45_452",0.00905487551737698,0.0142020697303218,0,"45","452","Male","Male","Male_Male","M-M",44,43,1,"Resident","Transient","Resident_Transient","R-T",1,0.592966,0.38901,0.018024,-0.906780571853278
"1671","45_480",0.00984532432079703,0.00863449894013957,1,"45","480","Male","Male","Male_Male","M-M",44,43,1,"Resident","Resident","Resident_Resident","R-R",1,0.656694,0.3433,6e-06,-0.906780571853278
"1672","45_496",0.00885385300481876,0.0134935122962929,0,"45","496","Male","Male","Male_Male","M-M",44,43,1,"Resident","Transient","Resident_Transient","R-T",1,0.608717,0.377561,0.013722,-0.906780571853278
"1673","45_5001",0.0078868869198192,0.0115908905340703,0,"45","5001","Male","Male","Male_Male","M-M",44,22,22,"Resident","Resident","Resident_Resident","R-R",1,0.652147347852652,0.341855658144342,0.005996994003006,2.21026377704976
"1674","45_5003",0.00588833836093931,0.0077720535550012,0,"45","5003","Male","Male","Male_Male","M-M",44,23,21,"Resident","Resident","Resident_Resident","R-R",1,0.774419,0.225272,0.000309,2.06183309376866
"1675","45_5018",0.00706939540698629,0.0100702606914239,0,"45","5018","Male","Male","Male_Male","M-M",44,22,22,"Resident","Resident","Resident_Resident","R-R",1,0.697351302648697,0.3003956996043,0.00225299774700225,2.21026377704976
"1676","45_5019",0.00701600131194899,0.00992605021305057,0,"45","5019","Male","Male","Male_Male","M-M",44,23,21,"Resident","Resident","Resident_Resident","R-R",1,0.691195308804691,0.306211693788306,0.00259299740700259,2.06183309376866
"1677","45_5031",0.0071496289371872,0.0100579440213564,0,"45","5031","Male","Male","Male_Male","M-M",44,23,21,"Resident","Resident","Resident_Resident","R-R",1,0.684944684944685,0.312072312072312,0.00298300298300298,2.06183309376866
"1678","45_5036",0.00640369381308462,0.00877503276603519,0,"45","5036","Male","Male","Male_Male","M-M",44,23,21,"Resident","Resident","Resident_Resident","R-R",1,0.743398743398743,0.255875255875256,0.000726000726000726,2.06183309376866
"1679","45_504",0.0086867807535841,0.0126421504642952,0,"45","504","Male","Male","Male_Male","M-M",44,43,1,"Resident","Transient","Resident_Transient","R-T",1,0.600934600934601,0.383335383335383,0.0157300157300157,-0.906780571853278
"1680","45_5044",0.00845083736823296,0.0136273178712912,0,"45","5044","Male","Male","Male_Male","M-M",44,23,21,"Resident","Resident","Resident_Resident","R-R",1,0.623774,0.365798,0.010428,2.06183309376866
"1681","45_5049",0.0109111298234673,0.0198538667656505,0,"45","5049","Male","Male","Male_Male","M-M",44,22,22,"Resident","Transient","Resident_Transient","R-T",1,0.558915,0.410198,0.030887,2.21026377704976
"1682","45_5061",0.0196194109104441,0.0191009911727377,1,"45","5061","Male","Male","Male_Male","M-M",44,22,22,"Resident","Resident","Resident_Resident","R-R",2,0.263310736689263,0.72004227995772,0.0166469833530166,2.21026377704976
"1683","45_5068",0.00712300030605406,0.0106703990458605,0,"45","5068","Male","Male","Male_Male","M-M",44,22,22,"Resident","Resident","Resident_Resident","R-R",1,0.697351302648697,0.3003956996043,0.00225299774700225,2.21026377704976
"1684","45_5069",0.0077241613942212,0.0115427967103959,0,"45","5069","Male","Male","Male_Male","M-M",44,23,21,"Resident","Resident","Resident_Resident","R-R",1,0.652147347852652,0.341855658144342,0.005996994003006,2.06183309376866
"1685","45_5071",0.00687234476852416,0.00974424729473031,0,"45","5071","Male","Male","Male_Male","M-M",44,22,22,"Resident","Resident","Resident_Resident","R-R",1,0.703415,0.294628,0.001957,2.21026377704976
"1686","45_5075",0.00590886648779642,0.00811618431911714,0,"45","5075","Male","Male","Male_Male","M-M",44,23,21,"Resident","Resident","Resident_Resident","R-R",1,0.764403,0.235186,0.000411,2.06183309376866
"1687","45_509",0.00627311689312586,0.00865647149521791,0,"45","509","Male","Male","Male_Male","M-M",44,43,1,"Resident","Resident","Resident_Resident","R-R",1,0.754064,0.24539,0.000546,-0.906780571853278
"1688","45_5109",0.00755588265764871,0.0109558201146592,0,"45","5109","Male","Male","Male_Male","M-M",44,23,21,"Resident","Resident","Resident_Resident","R-R",1,0.66559,0.329871,0.004539,2.06183309376866
"1689","45_5137",0.0108260986059212,0.0185758624205662,0,"45","5137","Male","Male","Male_Male","M-M",44,23,21,"Resident","Resident","Resident_Resident","R-R",1,0.54031454031454,0.419424419424419,0.0402610402610403,2.06183309376866
"1690","45_5158",0.0189606421619653,0.0186766291641578,1,"45","5158","Male","Male","Male_Male","M-M",44,23,21,"Resident","Resident","Resident_Resident","R-R",2,0.275307,0.711785,0.012908,2.06183309376866
"1691","45_5161",0.00738091324758913,0.0109794002045864,0,"45","5161","Male","Male","Male_Male","M-M",44,23,21,"Resident","Resident","Resident_Resident","R-R",1,0.678595,0.317973,0.003432,2.06183309376866
"1692","45_5165",0.0195990754992232,0.019581929847128,1,"45","5165","Male","Male","Male_Male","M-M",44,23,21,"Resident","Resident","Resident_Resident","R-R",2,0.269295,0.716043,0.014662,2.06183309376866
"1693","45_5194",0.00767126815756219,0.0110341756928003,0,"45","5194","Male","Male","Male_Male","M-M",44,22,22,"Resident","Resident","Resident_Resident","R-R",1,0.658926,0.335856,0.005218,2.21026377704976
"1694","45_549",0.00436556792769488,0.0053353748450537,0,"45","549","Male","Male","Male_Male","M-M",44,43,1,"Resident","Resident","Resident_Resident","R-R",1,0.901705,0.098293,2e-06,-0.906780571853278
"1695","45_558",0.00493011605973144,0.00620091140431899,0,"45","558","Male","Male","Male_Male","M-M",44,43,1,"Resident","Resident","Resident_Resident","R-R",1,0.857608,0.142375,1.7e-05,-0.906780571853278
"1696","45_562",0.00939758718257286,0.0150650811529806,0,"45","562","Male","Male","Male_Male","M-M",44,43,1,"Resident","Transient","Resident_Transient","R-T",1,0.592966,0.38901,0.018024,-0.906780571853278
"1697","45_6000",0.0105454932055897,0.0179350703957386,0,"45","6000","Male","Male","Male_Male","M-M",44,20,24,"Resident","Transient","Resident_Transient","R-T",1,0.54976345023655,0.414957585042415,0.0352789647210353,2.50712514361195
"1698","45_6001",0.0105365278151871,0.0177839519343033,0,"45","6001","Male","Male","Male_Male","M-M",44,20,24,"Resident","Transient","Resident_Transient","R-T",1,0.54976345023655,0.414957585042415,0.0352789647210353,2.50712514361195
"1699","45_6003",0.0239355767550897,0.0252558860676052,1,"45","6003","Male","Male","Male_Male","M-M",44,20,24,"Resident","Resident","Resident_Resident","R-R",2,0.215921,0.738957,0.045122,2.50712514361195
"1700","45_6005",0.011105212416984,0.0192275142215662,0,"45","6005","Male","Male","Male_Male","M-M",44,20,24,"Resident","Transient","Resident_Transient","R-T",1,0.530542469457531,0.423551576448424,0.0459059540940459,2.50712514361195
"1701","45_6014",0.0107552693238916,0.0187128191542687,0,"45","6014","Male","Male","Male_Male","M-M",44,20,24,"Resident","Transient","Resident_Transient","R-T",1,0.54031454031454,0.419424419424419,0.0402610402610403,2.50712514361195
"1702","45_6016",0.00752728316871854,0.0109853268823731,0,"45","6016","Male","Male","Male_Male","M-M",44,20,24,"Resident","Resident","Resident_Resident","R-R",1,0.66559,0.329871,0.004539,2.50712514361195
"1703","45_6017",0.00766453705259467,0.0109510271920029,0,"45","6017","Male","Male","Male_Male","M-M",44,20,24,"Resident","Resident","Resident_Resident","R-R",1,0.64525,0.34786,0.00689,2.50712514361195
"1704","45_606",0.00516731411440231,0.00663097643562068,0,"45","606","Male","Male","Male_Male","M-M",44,36,8,"Resident","Resident","Resident_Resident","R-R",1,0.831891,0.168061,4.8e-05,0.1322342111144
"1705","45_6102",0.00924516949632758,0.0146329556219486,0,"45","6102","Male","Male","Male_Male","M-M",44,18,26,"Resident","Resident","Resident_Resident","R-R",1,0.584797,0.394562,0.020641,2.80398651017414
"1706","45_6105",0.0583914342176024,0.0456703703471967,2,"45","6105","Male","Male","Male_Male","M-M",44,18,26,"Resident","Resident","Resident_Resident","R-R",2,0.0223900223900224,0.626105626105626,0.351504351504351,2.80398651017414
"1707","45_6110",0.0131248616563584,0.0282683383027636,0,"45","6110","Male","Male","Male_Male","M-M",44,18,26,"Resident","Transient","Resident_Transient","R-T",1,0.499031,0.433362,0.067607,2.80398651017414
"1708","45_6112",0.0353041516480126,0.0385719055703836,1,"45","6112","Male","Male","Male_Male","M-M",44,18,26,"Resident","Resident","Resident_Resident","R-R",2,0.141895,0.679897,0.178208,2.80398651017414
"1709","45_6122",0.00881280171948235,0.013003578045535,0,"45","6122","Male","Male","Male_Male","M-M",44,18,26,"Resident","Resident","Resident_Resident","R-R",1,0.600934600934601,0.383335383335383,0.0157300157300157,2.80398651017414
"1710","45_6123",0.00899116710618581,0.0144143170753711,0,"45","6123","Male","Male","Male_Male","M-M",44,18,26,"Resident","Resident","Resident_Resident","R-R",1,0.592966,0.38901,0.018024,2.80398651017414
"1711","45_6133",0.0328662061241741,0.0359538282339314,1,"45","6133","Male","Male","Male_Male","M-M",44,18,26,"Resident","Resident","Resident_Resident","R-R",2,0.15476,0.701092,0.144148,2.80398651017414
"1712","45_6138",0.00929390602279657,0.0146429268217503,0,"45","6138","Male","Male","Male_Male","M-M",44,18,26,"Resident","Resident","Resident_Resident","R-R",1,0.584797,0.394562,0.020641,2.80398651017414
"1713","45_6139",0.00967241807037257,0.0165107273460099,0,"45","6139","Male","Male","Male_Male","M-M",44,18,26,"Resident","Resident","Resident_Resident","R-R",1,0.584797,0.394562,0.020641,2.80398651017414
"1714","45_6201",0.0105796556109718,0.0193518761248661,0,"45","6201","Male","Male","Male_Male","M-M",44,15,29,"Resident","Resident","Resident_Resident","R-R",1,0.558915,0.410198,0.030887,3.24927856001743
"1715","45_6210",0.00882961676948731,0.0135278440835024,0,"45","6210","Male","Male","Male_Male","M-M",44,17,27,"Resident","Resident","Resident_Resident","R-R",1,0.608717,0.377561,0.013722,2.95241719345524
"1716","45_6220",0.00978945273790578,0.0158625949606962,0,"45","6220","Male","Male","Male_Male","M-M",44,17,27,"Resident","Resident","Resident_Resident","R-R",1,0.56779,0.405188,0.027022,2.95241719345524
"1717","45_6257",0.00943833140883712,0.0149279164550333,0,"45","6257","Male","Male","Male_Male","M-M",44,17,27,"Resident","Resident","Resident_Resident","R-R",1,0.584797,0.394562,0.020641,2.95241719345524
"1718","45_74",0.00879121124706435,0.0145243940061633,0,"45","74","Male","Male","Male_Male","M-M",44,43,1,"Resident","Resident","Resident_Resident","R-R",1,0.608717,0.377561,0.013722,-0.906780571853278
"1719","45_76",0.00398451292872504,0.00465069364383351,0,"45","76","Male","Male","Male_Male","M-M",44,44,0,"Resident","Resident","Resident_Resident","R-R",1,0.933204066795933,0.0667949332050668,9.99999000001e-07,-1.05521125513437
"1720","45_804",0.0219419672632095,0.0151923623770609,2,"45","804","Male","Male","Male_Male","M-M",44,39,5,"Resident","Resident","Resident_Resident","R-R",2,0.123661876338124,0.875056124943875,0.00128199871800128,-0.31305783872889
"1721","45_824",0.0494998831062543,0.0262539647825277,4,"45","824","Male","Male","Male_Male","M-M",44,39,5,"Resident","Resident","Resident_Resident","R-R",2,0.002276,0.934664,0.06306,-0.31305783872889
"1722","45_92",0.0159490051052667,0.0113234569096564,2,"45","92","Male","Male","Male_Male","M-M",44,43,1,"Resident","Resident","Resident_Resident","R-R",2,0.268299,0.731684,1.7e-05,-0.906780571853278
"1723","45_9907",0.008795513093358,0.0137467624152716,0,"45","9907","Male","Male","Male_Male","M-M",44,37,7,"Resident","Transient","Resident_Transient","R-T",1,0.616326,0.371709,0.011965,-0.0161964721666967
"1724","45_9911",0.00538050804165573,0.00676767723639336,0,"45","9911","Male","Male","Male_Male","M-M",44,37,7,"Resident","Resident","Resident_Resident","R-R",1,0.811324,0.188578,9.8e-05,-0.0161964721666967
"1725","480_496",0.010458210102896,0.0173701489407682,0,"480","496","Male","Male","Male_Male","M-M",43,43,0,"Resident","Transient","Resident_Transient","R-T",1,0.558915,0.410198,0.030887,-1.05521125513437
"1726","480_5001",0.0108158714279782,0.0195443775058304,0,"480","5001","Male","Male","Male_Male","M-M",43,22,21,"Resident","Resident","Resident_Resident","R-R",1,0.54031454031454,0.419424419424419,0.0402610402610403,2.06183309376866
"1727","480_5003",0.0246690349328389,0.025536090667975,1,"480","5003","Male","Male","Male_Male","M-M",43,23,20,"Resident","Resident","Resident_Resident","R-R",2,0.204016,0.738496,0.057488,1.91340241048756
"1728","480_5018",0.00851351792193272,0.0126279246675399,0,"480","5018","Male","Male","Male_Male","M-M",43,22,21,"Resident","Resident","Resident_Resident","R-R",1,0.616326,0.371709,0.011965,2.06183309376866
"1729","480_5019",0.00879574022122129,0.0139591751839064,0,"480","5019","Male","Male","Male_Male","M-M",43,23,20,"Resident","Resident","Resident_Resident","R-R",1,0.608717,0.377561,0.013722,1.91340241048756
"1730","480_5031",0.0231524558832688,0.0234632418672874,1,"480","5031","Male","Male","Male_Male","M-M",43,23,20,"Resident","Resident","Resident_Resident","R-R",2,0.221843778156222,0.738231261768738,0.0399249600750399,1.91340241048756
"1731","480_5036",0.00822150276274953,0.0129977475001836,0,"480","5036","Male","Male","Male_Male","M-M",43,23,20,"Resident","Resident","Resident_Resident","R-R",1,0.631071,0.359843,0.009086,1.91340241048756
"1732","480_504",0.0104991960214303,0.0172402560912383,0,"480","504","Male","Male","Male_Male","M-M",43,43,0,"Resident","Transient","Resident_Transient","R-T",1,0.54976345023655,0.414957585042415,0.0352789647210353,-1.05521125513437
"1733","480_5044",0.00842962885531427,0.0130065622694584,0,"480","5044","Male","Male","Male_Male","M-M",43,23,20,"Resident","Resident","Resident_Resident","R-R",1,0.623774,0.365798,0.010428,1.91340241048756
"1734","480_5049",0.0098152990957357,0.0158471028975334,0,"480","5049","Male","Male","Male_Male","M-M",43,22,21,"Resident","Transient","Resident_Transient","R-T",1,0.576411,0.399965,0.023624,2.06183309376866
"1735","480_5061",0.0097021825974401,0.0151550914875924,0,"480","5061","Male","Male","Male_Male","M-M",43,22,21,"Resident","Resident","Resident_Resident","R-R",1,0.576411,0.399965,0.023624,2.06183309376866
"1736","480_5068",0.00990726342747889,0.0168376048110544,0,"480","5068","Male","Male","Male_Male","M-M",43,22,21,"Resident","Resident","Resident_Resident","R-R",1,0.576411,0.399965,0.023624,2.06183309376866
"1737","480_5069",0.00752358564148029,0.0105189273897791,0,"480","5069","Male","Male","Male_Male","M-M",43,23,20,"Resident","Resident","Resident_Resident","R-R",1,0.652147347852652,0.341855658144342,0.005996994003006,1.91340241048756
"1738","480_5071",0.00962986970095338,0.016053769747391,0,"480","5071","Male","Male","Male_Male","M-M",43,22,21,"Resident","Resident","Resident_Resident","R-R",1,0.600934600934601,0.383335383335383,0.0157300157300157,2.06183309376866
"1739","480_5075",0.00782122476315009,0.0113263143694428,0,"480","5075","Male","Male","Male_Male","M-M",43,23,20,"Resident","Resident","Resident_Resident","R-R",1,0.658926,0.335856,0.005218,1.91340241048756
"1740","480_509",0.00881940894113127,0.013488699754422,0,"480","509","Male","Male","Male_Male","M-M",43,43,0,"Resident","Resident","Resident_Resident","R-R",1,0.600934600934601,0.383335383335383,0.0157300157300157,-1.05521125513437
"1741","480_5109",0.0100047346044344,0.0156936913583228,0,"480","5109","Male","Male","Male_Male","M-M",43,23,20,"Resident","Resident","Resident_Resident","R-R",1,0.54976345023655,0.414957585042415,0.0352789647210353,1.91340241048756
"1742","480_5137",0.0106073461466669,0.0176674404005404,0,"480","5137","Male","Male","Male_Male","M-M",43,23,20,"Resident","Resident","Resident_Resident","R-R",1,0.54031454031454,0.419424419424419,0.0402610402610403,1.91340241048756
"1743","480_5158",0.0299483101430524,0.0319608670611388,1,"480","5158","Male","Male","Male_Male","M-M",43,23,20,"Resident","Resident","Resident_Resident","R-R",2,0.167395167395167,0.716971716971717,0.115633115633116,1.91340241048756
"1744","480_5161",0.00898323087126311,0.013594868210307,0,"480","5161","Male","Male","Male_Male","M-M",43,23,20,"Resident","Resident","Resident_Resident","R-R",1,0.592966,0.38901,0.018024,1.91340241048756
"1745","480_5165",0.00922860578322368,0.0144353310994635,0,"480","5165","Male","Male","Male_Male","M-M",43,23,20,"Resident","Resident","Resident_Resident","R-R",1,0.592966,0.38901,0.018024,1.91340241048756
"1746","480_5194",0.0109472866886911,0.0181960986571695,0,"480","5194","Male","Male","Male_Male","M-M",43,22,21,"Resident","Resident","Resident_Resident","R-R",1,0.54031454031454,0.419424419424419,0.0402610402610403,2.06183309376866
"1747","480_549",0.00627296075049829,0.00843771755457166,0,"480","549","Male","Male","Male_Male","M-M",43,43,0,"Resident","Resident","Resident_Resident","R-R",1,0.743398743398743,0.255875255875256,0.000726000726000726,-1.05521125513437
"1748","480_558",0.00820693974736065,0.011773763999377,0,"480","558","Male","Male","Male_Male","M-M",43,43,0,"Resident","Resident","Resident_Resident","R-R",1,0.64525,0.34786,0.00689,-1.05521125513437
"1749","480_562",0.0109254364357225,0.018014375875579,0,"480","562","Male","Male","Male_Male","M-M",43,43,0,"Resident","Transient","Resident_Transient","R-T",1,0.54031454031454,0.419424419424419,0.0402610402610403,-1.05521125513437
"1750","480_6000",0.0127772487894025,0.0254189832335388,0,"480","6000","Male","Male","Male_Male","M-M",43,20,23,"Resident","Transient","Resident_Transient","R-T",1,0.520422,0.427289,0.052289,2.35869446033085
"1751","480_6001",0.0115010338641023,0.020283476418065,0,"480","6001","Male","Male","Male_Male","M-M",43,20,23,"Resident","Transient","Resident_Transient","R-T",1,0.520422,0.427289,0.052289,2.35869446033085
"1752","480_6003",0.0113436294790326,0.0204988120463962,0,"480","6003","Male","Male","Male_Male","M-M",43,20,23,"Resident","Resident","Resident_Resident","R-R",1,0.54031454031454,0.419424419424419,0.0402610402610403,2.35869446033085
"1753","480_6005",0.0129856402060382,0.0237826354442693,0,"480","6005","Male","Male","Male_Male","M-M",43,20,23,"Resident","Transient","Resident_Transient","R-T",1,0.499031,0.433362,0.067607,2.35869446033085
"1754","480_6014",0.0123291294908345,0.0227677481320723,0,"480","6014","Male","Male","Male_Male","M-M",43,20,23,"Resident","Transient","Resident_Transient","R-T",1,0.509928,0.430579,0.059493,2.35869446033085
"1755","480_6016",0.0114117631870307,0.0192790918068987,0,"480","6016","Male","Male","Male_Male","M-M",43,20,23,"Resident","Resident","Resident_Resident","R-R",1,0.530542469457531,0.423551576448424,0.0459059540940459,2.35869446033085
"1756","480_6017",0.0125411968223945,0.0251041979482873,0,"480","6017","Male","Male","Male_Male","M-M",43,20,23,"Resident","Resident","Resident_Resident","R-R",1,0.509928,0.430579,0.059493,2.35869446033085
"1757","480_606",0.0438868717901696,0.0337669377645213,2,"480","606","Male","Male","Male_Male","M-M",43,36,7,"Resident","Resident","Resident_Resident","R-R",2,0.0372919627080373,0.81018518981481,0.152522847477153,-0.0161964721666967
"1758","480_74",0.0100561927317266,0.0164731525324834,0,"480","74","Male","Male","Male_Male","M-M",43,43,0,"Resident","Resident","Resident_Resident","R-R",1,0.558915,0.410198,0.030887,-1.05521125513437
"1759","480_76",0.00565421340905166,0.00724024043265193,0,"480","76","Male","Male","Male_Male","M-M",43,44,1,"Resident","Resident","Resident_Resident","R-R",1,0.788846,0.210953,0.000201,-0.906780571853278
"1760","480_804",0.00597764261826155,0.00792990317838023,0,"480","804","Male","Male","Male_Male","M-M",43,39,4,"Resident","Resident","Resident_Resident","R-R",1,0.759274,0.240252,0.000474,-0.461488522009987
"1761","480_824",0.0189474131662006,0.019356260606127,1,"480","824","Male","Male","Male_Male","M-M",43,39,4,"Resident","Resident","Resident_Resident","R-R",2,0.275307,0.711785,0.012908,-0.461488522009987
"1762","480_92",0.0330013959318957,0.0256074085076432,2,"480","92","Male","Male","Male_Male","M-M",43,43,0,"Resident","Resident","Resident_Resident","R-R",2,0.059972,0.90488,0.035148,-1.05521125513437
"1763","480_9907",0.00989944277848022,0.0155296352448108,0,"480","9907","Male","Male","Male_Male","M-M",43,37,6,"Resident","Transient","Resident_Transient","R-T",1,0.56779,0.405188,0.027022,-0.164627155447794
"1764","480_9911",0.00742792375006292,0.010544712512446,0,"480","9911","Male","Male","Male_Male","M-M",43,37,6,"Resident","Resident","Resident_Resident","R-R",1,0.672145,0.323908,0.003947,-0.164627155447794
"1765","496_504",0.0107743030244175,0.0187982757035493,0,"496","504","Male","Male","Male_Male","M-M",43,43,0,"Transient","Transient","Transient_Transient","T-T",1,0.530542469457531,0.423551576448424,0.0459059540940459,-1.05521125513437
"1766","496_509",0.0112863414195283,0.019700398822894,0,"496","509","Male","Male","Male_Male","M-M",43,43,0,"Transient","Resident","Resident_Transient","R-T",1,0.530542469457531,0.423551576448424,0.0459059540940459,-1.05521125513437
"1767","496_549",0.011607380329491,0.0207996018624186,0,"496","549","Male","Male","Male_Male","M-M",43,43,0,"Transient","Resident","Resident_Transient","R-T",1,0.530542469457531,0.423551576448424,0.0459059540940459,-1.05521125513437
"1768","496_558",0.0116173095994819,0.019866667750349,0,"496","558","Male","Male","Male_Male","M-M",43,43,0,"Transient","Resident","Resident_Transient","R-T",1,0.520422,0.427289,0.052289,-1.05521125513437
"1769","496_562",0.0124979250022133,0.0237469048540423,0,"496","562","Male","Male","Male_Male","M-M",43,43,0,"Transient","Transient","Transient_Transient","T-T",1,0.520422,0.427289,0.052289,-1.05521125513437
"1770","496_74",0.0111155441541783,0.0193472417769645,0,"496","74","Male","Male","Male_Male","M-M",43,43,0,"Transient","Resident","Resident_Transient","R-T",1,0.54031454031454,0.419424419424419,0.0402610402610403,-1.05521125513437
"1771","496_76",0.0096605561346013,0.0151713661796363,0,"496","76","Male","Male","Male_Male","M-M",43,44,1,"Transient","Resident","Resident_Transient","R-T",1,0.56779,0.405188,0.027022,-0.906780571853278
"1772","496_92",0.0116976065724013,0.0218777991190576,0,"496","92","Male","Male","Male_Male","M-M",43,43,0,"Transient","Resident","Resident_Transient","R-T",1,0.520422,0.427289,0.052289,-1.05521125513437
"1773","5001_5003",0.00796410456280244,0.0116957660024301,0,"5001","5003","Male","Male","Male_Male","M-M",22,23,1,"Resident","Resident","Resident_Resident","R-R",1,0.638227638227638,0.353859353859354,0.00791300791300791,-0.906780571853278
"1774","5001_5018",0.00802568969689367,0.0115189905826717,0,"5001","5018","Male","Male","Male_Male","M-M",22,22,0,"Resident","Resident","Resident_Resident","R-R",1,0.631071,0.359843,0.009086,-1.05521125513437
"1775","5001_5019",0.00930823473926277,0.0158873944470008,0,"5001","5019","Male","Male","Male_Male","M-M",22,23,1,"Resident","Resident","Resident_Resident","R-R",1,0.592966,0.38901,0.018024,-0.906780571853278
"1776","5001_5031",0.00924071284216537,0.0143755133600871,0,"5001","5031","Male","Male","Male_Male","M-M",22,23,1,"Resident","Resident","Resident_Resident","R-R",1,0.584797,0.394562,0.020641,-0.906780571853278
"1777","5001_5036",0.00783192132406098,0.0110331480644412,0,"5001","5036","Male","Male","Male_Male","M-M",22,23,1,"Resident","Resident","Resident_Resident","R-R",1,0.631071,0.359843,0.009086,-0.906780571853278
"1778","5001_5044",0.0109904094201792,0.0174010722483955,0,"5001","5044","Male","Male","Male_Male","M-M",22,23,1,"Resident","Resident","Resident_Resident","R-R",1,0.530542469457531,0.423551576448424,0.0459059540940459,-0.906780571853278
"1779","5001_5049",0.0104919575930332,0.0180707882671182,0,"5001","5049","Male","Male","Male_Male","M-M",22,22,0,"Resident","Transient","Resident_Transient","R-T",1,0.54976345023655,0.414957585042415,0.0352789647210353,-1.05521125513437
"1780","5001_5061",0.00708741125332171,0.0100754376405375,0,"5001","5061","Male","Male","Male_Male","M-M",22,22,0,"Resident","Resident","Resident_Resident","R-R",1,0.66559,0.329871,0.004539,-1.05521125513437
"1781","5001_5068",0.0664576340682259,0.0520241577017873,2,"5001","5068","Male","Male","Male_Male","M-M",22,22,0,"Resident","Resident","Resident_Resident","R-R",2,0.0178579821420179,0.543192456807543,0.438949561050439,-1.05521125513437
"1782","5001_5069",0.00949672119119632,0.0160549446734783,0,"5001","5069","Male","Male","Male_Male","M-M",22,23,1,"Resident","Resident","Resident_Resident","R-R",1,0.576411,0.399965,0.023624,-0.906780571853278
"1783","5001_5071",0.0276882236208261,0.0297353807926434,1,"5001","5071","Male","Male","Male_Male","M-M",22,22,0,"Resident","Resident","Resident_Resident","R-R",2,0.179798,0.72809,0.092112,-1.05521125513437
"1784","5001_5075",0.00739744789822517,0.0109847284773273,0,"5001","5075","Male","Male","Male_Male","M-M",22,23,1,"Resident","Resident","Resident_Resident","R-R",1,0.66559,0.329871,0.004539,-0.906780571853278
"1785","5001_5109",0.0105578519160443,0.0187803396577625,0,"5001","5109","Male","Male","Male_Male","M-M",22,23,1,"Resident","Resident","Resident_Resident","R-R",1,0.558915,0.410198,0.030887,-0.906780571853278
"1786","5001_5137",0.0143413608385291,0.0297473090882927,0,"5001","5137","Male","Male","Male_Male","M-M",22,23,1,"Resident","Resident","Resident_Resident","R-R",1,0.487705,0.435572,0.076723,-0.906780571853278
"1787","5001_5158",0.00854460204246926,0.0131194352408925,0,"5001","5158","Male","Male","Male_Male","M-M",22,23,1,"Resident","Resident","Resident_Resident","R-R",1,0.631071,0.359843,0.009086,-0.906780571853278
"1788","5001_5161",0.00987622975949236,0.0169394559748571,0,"5001","5161","Male","Male","Male_Male","M-M",22,23,1,"Resident","Resident","Resident_Resident","R-R",1,0.558915,0.410198,0.030887,-0.906780571853278
"1789","5001_5165",0.00802751741807753,0.0119268804453598,0,"5001","5165","Male","Male","Male_Male","M-M",22,23,1,"Resident","Resident","Resident_Resident","R-R",1,0.64525,0.34786,0.00689,-0.906780571853278
"1790","5001_5194",0.00925821426773315,0.0142263833296279,0,"5001","5194","Male","Male","Male_Male","M-M",22,22,0,"Resident","Resident","Resident_Resident","R-R",1,0.584797,0.394562,0.020641,-1.05521125513437
"1791","5001_6000",0.0122789543689827,0.0226486046475666,0,"5001","6000","Male","Male","Male_Male","M-M",22,20,2,"Resident","Transient","Resident_Transient","R-T",1,0.509928,0.430579,0.059493,-0.758349888572181
"1792","5001_6001",0.0121673967942587,0.0231348264164705,0,"5001","6001","Male","Male","Male_Male","M-M",22,20,2,"Resident","Transient","Resident_Transient","R-T",1,0.509928,0.430579,0.059493,-0.758349888572181
"1793","5001_6003",0.00869939192867922,0.0136483162130347,0,"5001","6003","Male","Male","Male_Male","M-M",22,20,2,"Resident","Resident","Resident_Resident","R-R",1,0.616326,0.371709,0.011965,-0.758349888572181
"1794","5001_6005",0.0136025506032055,0.0271449698726818,0,"5001","6005","Male","Male","Male_Male","M-M",22,20,2,"Resident","Transient","Resident_Transient","R-T",1,0.487705,0.435572,0.076723,-0.758349888572181
"1795","5001_6014",0.0130500056154544,0.0269842280256246,0,"5001","6014","Male","Male","Male_Male","M-M",22,20,2,"Resident","Transient","Resident_Transient","R-T",1,0.499031,0.433362,0.067607,-0.758349888572181
"1796","5001_6016",0.00857789474427764,0.0130722584412838,0,"5001","6016","Male","Male","Male_Male","M-M",22,20,2,"Resident","Resident","Resident_Resident","R-R",1,0.600934600934601,0.383335383335383,0.0157300157300157,-0.758349888572181
"1797","5001_6017",0.102121501058496,0.0836977175408565,2,"5001","6017","Male","Male","Male_Male","M-M",22,20,2,"Resident","Resident","Resident_Resident","R-R",3,0.00926,0.342775,0.647965,-0.758349888572181
"1798","5001_606",0.0112613510815874,0.0194226151974404,0,"5001","606","Male","Male","Male_Male","M-M",22,36,14,"Resident","Resident","Resident_Resident","R-R",1,0.520422,0.427289,0.052289,1.02281831080098
"1799","5001_6102",0.0108305287558692,0.0188789535142716,0,"5001","6102","Male","Male","Male_Male","M-M",22,18,4,"Resident","Resident","Resident_Resident","R-R",1,0.54031454031454,0.419424419424419,0.0402610402610403,-0.461488522009987
"1800","5001_6105",0.00852233673326212,0.0128044279490591,0,"5001","6105","Male","Male","Male_Male","M-M",22,18,4,"Resident","Resident","Resident_Resident","R-R",1,0.616326,0.371709,0.011965,-0.461488522009987
"1801","5001_6110",0.0127618603007976,0.0250079333108913,0,"5001","6110","Male","Male","Male_Male","M-M",22,18,4,"Resident","Transient","Resident_Transient","R-T",1,0.499031,0.433362,0.067607,-0.461488522009987
"1802","5001_6112",0.0110407009939972,0.0203001933666157,0,"5001","6112","Male","Male","Male_Male","M-M",22,18,4,"Resident","Resident","Resident_Resident","R-R",1,0.54976345023655,0.414957585042415,0.0352789647210353,-0.461488522009987
"1803","5001_6122",0.0104527897881748,0.0174456677573708,0,"5001","6122","Male","Male","Male_Male","M-M",22,18,4,"Resident","Resident","Resident_Resident","R-R",1,0.558915,0.410198,0.030887,-0.461488522009987
"1804","5001_6123",0.0106711272226697,0.0189437853033156,0,"5001","6123","Male","Male","Male_Male","M-M",22,18,4,"Resident","Resident","Resident_Resident","R-R",1,0.54976345023655,0.414957585042415,0.0352789647210353,-0.461488522009987
"1805","5001_6133",0.0101111415284118,0.0168199083635622,0,"5001","6133","Male","Male","Male_Male","M-M",22,18,4,"Resident","Resident","Resident_Resident","R-R",1,0.56779,0.405188,0.027022,-0.461488522009987
"1806","5001_6138",0.0113714175226176,0.0195922888912841,0,"5001","6138","Male","Male","Male_Male","M-M",22,18,4,"Resident","Resident","Resident_Resident","R-R",1,0.54031454031454,0.419424419424419,0.0402610402610403,-0.461488522009987
"1807","5001_6139",0.0108154859065918,0.0182391842487749,0,"5001","6139","Male","Male","Male_Male","M-M",22,18,4,"Resident","Resident","Resident_Resident","R-R",1,0.54031454031454,0.419424419424419,0.0402610402610403,-0.461488522009987
"1808","5001_6201",0.012093094414256,0.0226515133246474,0,"5001","6201","Male","Male","Male_Male","M-M",22,15,7,"Resident","Resident","Resident_Resident","R-R",1,0.509928,0.430579,0.059493,-0.0161964721666967
"1809","5001_6210",0.00984514464267658,0.0161572220123051,0,"5001","6210","Male","Male","Male_Male","M-M",22,17,5,"Resident","Resident","Resident_Resident","R-R",1,0.56779,0.405188,0.027022,-0.31305783872889
"1810","5001_6220",0.0119235244945626,0.022186915965269,0,"5001","6220","Male","Male","Male_Male","M-M",22,17,5,"Resident","Resident","Resident_Resident","R-R",1,0.520422,0.427289,0.052289,-0.31305783872889
"1811","5001_6257",0.0103808600983491,0.0169210206486083,0,"5001","6257","Male","Male","Male_Male","M-M",22,17,5,"Resident","Resident","Resident_Resident","R-R",1,0.54031454031454,0.419424419424419,0.0402610402610403,-0.31305783872889
"1812","5001_76",0.00958688063036579,0.0151369168146679,0,"5001","76","Male","Male","Male_Male","M-M",22,44,22,"Resident","Resident","Resident_Resident","R-R",1,0.56779,0.405188,0.027022,2.21026377704976
"1813","5001_92",0.00850256705828805,0.0135530106058238,0,"5001","92","Male","Male","Male_Male","M-M",22,43,21,"Resident","Resident","Resident_Resident","R-R",1,0.638227638227638,0.353859353859354,0.00791300791300791,2.06183309376866
"1814","5003_5018",0.00640061885831572,0.00898897741066846,0,"5003","5018","Male","Male","Male_Male","M-M",23,22,1,"Resident","Resident","Resident_Resident","R-R",1,0.737941737941738,0.261221261221261,0.000837000837000837,-0.906780571853278
"1815","5003_5019",0.0199383540404332,0.0195116089702214,1,"5003","5019","Male","Male","Male_Male","M-M",23,23,0,"Resident","Resident","Resident_Resident","R-R",2,0.25735,0.723758,0.018892,-1.05521125513437
"1816","5003_5031",0.266532009269302,0.0798319390703361,9,"5003","5031","Male","Male","Male_Male","M-M",23,23,0,"Resident","Resident","Resident_Resident","R-R",3,9.99999000001e-07,6.6999933000067e-05,0.999932000068,-1.05521125513437
"1817","5003_5036",0.130078447444939,0.0486382115633555,7,"5003","5036","Male","Male","Male_Male","M-M",23,23,0,"Resident","Resident","Resident_Resident","R-R",3,9.99999000001e-07,0.0115989884010116,0.988400011599988,-1.05521125513437
"1818","5003_5044",0.0072914223427874,0.0104285979468304,0,"5003","5044","Male","Male","Male_Male","M-M",23,23,0,"Resident","Resident","Resident_Resident","R-R",1,0.697351302648697,0.3003956996043,0.00225299774700225,-1.05521125513437
"1819","5003_5049",0.00893999910326271,0.0142648031018564,0,"5003","5049","Male","Male","Male_Male","M-M",23,22,1,"Resident","Transient","Resident_Transient","R-T",1,0.592966,0.38901,0.018024,-0.906780571853278
"1820","5003_5061",0.0712882606023153,0.0436379778692296,3,"5003","5061","Male","Male","Male_Male","M-M",23,22,1,"Resident","Resident","Resident_Resident","R-R",2,0.003324,0.51289,0.483786,-0.906780571853278
"1821","5003_5068",0.0199309299041262,0.0207911044713704,1,"5003","5068","Male","Male","Male_Male","M-M",23,22,1,"Resident","Resident","Resident_Resident","R-R",2,0.263310736689263,0.72004227995772,0.0166469833530166,-0.906780571853278
"1822","5003_5069",0.00677853508984178,0.00929044514877823,0,"5003","5069","Male","Male","Male_Male","M-M",23,23,0,"Resident","Resident","Resident_Resident","R-R",1,0.721067,0.277652,0.001281,-1.05521125513437
"1823","5003_5071",0.147174628004779,0.0658861125369559,5,"5003","5071","Male","Male","Male_Male","M-M",23,22,1,"Resident","Resident","Resident_Resident","R-R",3,3e-06,0.028502,0.971495,-0.906780571853278
"1824","5003_5075",0.121834429823625,0.0477626744252799,6,"5003","5075","Male","Male","Male_Male","M-M",23,23,0,"Resident","Resident","Resident_Resident","R-R",3,1e-06,0.031047,0.968952,-1.05521125513437
"1825","5003_5109",0.00597437277905891,0.00778418651174122,0,"5003","5109","Male","Male","Male_Male","M-M",23,23,0,"Resident","Resident","Resident_Resident","R-R",1,0.769451,0.230193,0.000356,-1.05521125513437
"1826","5003_5137",0.00830787307090883,0.0124887578477877,0,"5003","5137","Male","Male","Male_Male","M-M",23,23,0,"Resident","Resident","Resident_Resident","R-R",1,0.631071,0.359843,0.009086,-1.05521125513437
"1827","5003_5158",0.145977180055534,0.0540403549381386,7,"5003","5158","Male","Male","Male_Male","M-M",23,23,0,"Resident","Resident","Resident_Resident","R-R",3,9.99999000001e-07,0.00635399364600635,0.993645006354994,-1.05521125513437
"1828","5003_5161",0.0390720374599008,0.0294005636703978,2,"5003","5161","Male","Male","Male_Male","M-M",23,23,0,"Resident","Resident","Resident_Resident","R-R",2,0.0458280458280458,0.865388865388865,0.0887830887830888,-1.05521125513437
"1829","5003_5165",0.0157813510487424,0.0148296351060175,1,"5003","5165","Male","Male","Male_Male","M-M",23,23,0,"Resident","Resident","Resident_Resident","R-R",2,0.343854,0.653031,0.003115,-1.05521125513437
"1830","5003_5194",0.076148513418508,0.0474811662276748,3,"5003","5194","Male","Male","Male_Male","M-M",23,22,1,"Resident","Resident","Resident_Resident","R-R",3,0.00277400277400277,0.452772452772453,0.544453544453544,-0.906780571853278
"1831","5003_6000",0.0125202580448008,0.0231646429276348,0,"5003","6000","Male","Male","Male_Male","M-M",23,20,3,"Resident","Transient","Resident_Transient","R-T",1,0.509928,0.430579,0.059493,-0.609919205291084
"1832","5003_6001",0.0123678275145465,0.0240368602267401,0,"5003","6001","Male","Male","Male_Male","M-M",23,20,3,"Resident","Transient","Resident_Transient","R-T",1,0.509928,0.430579,0.059493,-0.609919205291084
"1833","5003_6003",0.00764684252942008,0.0111205864445246,0,"5003","6003","Male","Male","Male_Male","M-M",23,20,3,"Resident","Resident","Resident_Resident","R-R",1,0.658926,0.335856,0.005218,-0.609919205291084
"1834","5003_6005",0.0132985491648388,0.0262249661697399,0,"5003","6005","Male","Male","Male_Male","M-M",23,20,3,"Resident","Transient","Resident_Transient","R-T",1,0.487705,0.435572,0.076723,-0.609919205291084
"1835","5003_6014",0.013065655562364,0.0248438071393968,0,"5003","6014","Male","Male","Male_Male","M-M",23,20,3,"Resident","Transient","Resident_Transient","R-T",1,0.499031,0.433362,0.067607,-0.609919205291084
"1836","5003_6016",0.00756817905070236,0.0112998411861866,0,"5003","6016","Male","Male","Male_Male","M-M",23,20,3,"Resident","Resident","Resident_Resident","R-R",1,0.66559,0.329871,0.004539,-0.609919205291084
"1837","5003_6017",0.00846900875702651,0.0129749544944119,0,"5003","6017","Male","Male","Male_Male","M-M",23,20,3,"Resident","Resident","Resident_Resident","R-R",1,0.623774,0.365798,0.010428,-0.609919205291084
"1838","5003_606",0.00731425816277764,0.0107180577082017,0,"5003","606","Male","Male","Male_Male","M-M",23,36,13,"Resident","Resident","Resident_Resident","R-R",1,0.684944684944685,0.312072312072312,0.00298300298300298,0.874387627519884
"1839","5003_6102",0.00862118899977254,0.0127257359356001,0,"5003","6102","Male","Male","Male_Male","M-M",23,18,5,"Resident","Resident","Resident_Resident","R-R",1,0.616326,0.371709,0.011965,-0.31305783872889
"1840","5003_6105",0.0381049582220093,0.0285676715189467,2,"5003","6105","Male","Male","Male_Male","M-M",23,18,5,"Resident","Resident","Resident_Resident","R-R",2,0.047552,0.873113,0.079335,-0.31305783872889
"1841","5003_6110",0.013373020343759,0.026009139985555,0,"5003","6110","Male","Male","Male_Male","M-M",23,18,5,"Resident","Transient","Resident_Transient","R-T",1,0.499031,0.433362,0.067607,-0.31305783872889
"1842","5003_6112",0.126587744427921,0.0778141360090364,3,"5003","6112","Male","Male","Male_Male","M-M",23,18,5,"Resident","Resident","Resident_Resident","R-R",3,0.00071,0.162178,0.837112,-0.31305783872889
"1843","5003_6122",0.00843437689243197,0.0133088709099075,0,"5003","6122","Male","Male","Male_Male","M-M",23,18,5,"Resident","Resident","Resident_Resident","R-R",1,0.623774,0.365798,0.010428,-0.31305783872889
"1844","5003_6123",0.00907121343413212,0.0146360310362962,0,"5003","6123","Male","Male","Male_Male","M-M",23,18,5,"Resident","Resident","Resident_Resident","R-R",1,0.600934600934601,0.383335383335383,0.0157300157300157,-0.31305783872889
"1845","5003_6133",0.0360651620940652,0.0396083254711362,1,"5003","6133","Male","Male","Male_Male","M-M",23,18,5,"Resident","Resident","Resident_Resident","R-R",2,0.141895,0.679897,0.178208,-0.31305783872889
"1846","5003_6138",0.00885690801818733,0.0132678889974491,0,"5003","6138","Male","Male","Male_Male","M-M",23,18,5,"Resident","Resident","Resident_Resident","R-R",1,0.600934600934601,0.383335383335383,0.0157300157300157,-0.31305783872889
"1847","5003_6139",0.0094468204619564,0.0150473376771557,0,"5003","6139","Male","Male","Male_Male","M-M",23,18,5,"Resident","Resident","Resident_Resident","R-R",1,0.592966,0.38901,0.018024,-0.31305783872889
"1848","5003_6201",0.0232023120621402,0.0240741041407167,1,"5003","6201","Male","Male","Male_Male","M-M",23,15,8,"Resident","Resident","Resident_Resident","R-R",2,0.221843778156222,0.738231261768738,0.0399249600750399,0.1322342111144
"1849","5003_6210",0.0551318112772287,0.0425611832659029,2,"5003","6210","Male","Male","Male_Male","M-M",23,17,6,"Resident","Resident","Resident_Resident","R-R",2,0.025588,0.676495,0.297917,-0.164627155447794
"1850","5003_6220",0.008200235111764,0.0125733700801388,0,"5003","6220","Male","Male","Male_Male","M-M",23,17,6,"Resident","Resident","Resident_Resident","R-R",1,0.623774,0.365798,0.010428,-0.164627155447794
"1851","5003_6235",0.0838391372931818,0.0674305682420618,2,"5003","6235","Male","Male","Male_Male","M-M",23,14,9,"Resident","Resident","Resident_Resident","R-R",3,0.012544,0.42686,0.560596,0.280664894395497
"1852","5003_6257",0.00893453586268568,0.0135488364843973,0,"5003","6257","Male","Male","Male_Male","M-M",23,17,6,"Resident","Resident","Resident_Resident","R-R",1,0.592966,0.38901,0.018024,-0.164627155447794
"1853","5003_6421",0.0324219773756186,0.0343976480186045,1,"5003","6421","Male","Male","Male_Male","M-M",23,14,9,"Resident","Resident","Resident_Resident","R-R",2,0.15476,0.701092,0.144148,0.280664894395497
"1854","5003_6516",0.00935853291689744,0.0153304693653673,0,"5003","6516","Male","Male","Male_Male","M-M",23,12,11,"Resident","Resident","Resident_Resident","R-R",1,0.600934600934601,0.383335383335383,0.0157300157300157,0.577526260957691
"1855","5003_6527",0.0102300717080586,0.0172118039864818,0,"5003","6527","Male","Male","Male_Male","M-M",23,10,13,"Resident","Resident","Resident_Resident","R-R",1,0.558915,0.410198,0.030887,0.874387627519884
"1856","5003_6534",0.0133068990648948,0.0257810109689721,0,"5003","6534","Male","Male","Male_Male","M-M",23,12,11,"Resident","Transient","Resident_Transient","R-T",1,0.499031,0.433362,0.067607,0.577526260957691
"1857","5003_6535",0.0129168512058958,0.025223043958117,0,"5003","6535","Male","Male","Male_Male","M-M",23,10,13,"Resident","Resident","Resident_Resident","R-R",1,0.499031,0.433362,0.067607,0.874387627519884
"1858","5003_6612",0.00966359864253695,0.0159702039194782,0,"5003","6612","Male","Male","Male_Male","M-M",23,10,13,"Resident","Resident","Resident_Resident","R-R",1,0.576411,0.399965,0.023624,0.874387627519884
"1859","5003_6631",0.0112595268204095,0.0204021501214798,0,"5003","6631","Male","Male","Male_Male","M-M",23,10,13,"Resident","Transient","Resident_Transient","R-T",1,0.54031454031454,0.419424419424419,0.0402610402610403,0.874387627519884
"1860","5003_76",0.00686909688310364,0.00966819502584183,0,"5003","76","Male","Male","Male_Male","M-M",23,44,21,"Resident","Resident","Resident_Resident","R-R",1,0.697351302648697,0.3003956996043,0.00225299774700225,2.06183309376866
"1861","5003_92",0.0062776211789819,0.00854161546712247,0,"5003","92","Male","Male","Male_Male","M-M",23,43,20,"Resident","Resident","Resident_Resident","R-R",1,0.748772,0.250598,0.00063,1.91340241048756
"1862","5018_5019",0.108602623372264,0.0690486957788631,3,"5018","5019","Male","Male","Male_Male","M-M",22,23,1,"Resident","Resident","Resident_Resident","R-R",3,0.001037,0.217827,0.781136,-0.906780571853278
"1863","5018_5031",0.0261012514103382,0.027559600417007,1,"5018","5031","Male","Male","Male_Male","M-M",22,23,1,"Resident","Resident","Resident_Resident","R-R",2,0.191992,0.735062,0.072946,-0.906780571853278
"1864","5018_5036",0.0903952813129177,0.0455877550738217,4,"5018","5036","Male","Male","Male_Male","M-M",22,23,1,"Resident","Resident","Resident_Resident","R-R",3,0.000261,0.255814,0.743925,-0.906780571853278
"1865","5018_5044",0.00911450635381139,0.0143930080894211,0,"5018","5044","Male","Male","Male_Male","M-M",22,23,1,"Resident","Resident","Resident_Resident","R-R",1,0.608717,0.377561,0.013722,-0.906780571853278
"1866","5018_5049",0.127683831133239,0.0783917081204799,3,"5018","5049","Male","Male","Male_Male","M-M",22,22,0,"Resident","Transient","Resident_Transient","R-T",3,0.00071,0.162178,0.837112,-1.05521125513437
"1867","5018_5061",0.0209738707411207,0.0212052356816088,1,"5018","5061","Male","Male","Male_Male","M-M",22,22,0,"Resident","Resident","Resident_Resident","R-R",2,0.245484245484245,0.73021673021673,0.0242990242990243,-1.05521125513437
"1868","5018_5068",0.00589040998641981,0.00778193100333481,0,"5018","5068","Male","Male","Male_Male","M-M",22,22,0,"Resident","Resident","Resident_Resident","R-R",1,0.774419,0.225272,0.000309,-1.05521125513437
"1869","5018_5069",0.0610570573164127,0.0470491738974993,2,"5018","5069","Male","Male","Male_Male","M-M",22,23,1,"Resident","Resident","Resident_Resident","R-R",2,0.020839,0.599285,0.379876,-0.906780571853278
"1870","5018_5071",0.0464916709455518,0.0362259757905344,2,"5018","5071","Male","Male","Male_Male","M-M",22,22,0,"Resident","Resident","Resident_Resident","R-R",2,0.033905,0.779112,0.186983,-1.05521125513437
"1871","5018_5075",0.00696068980586429,0.00997960438012452,0,"5018","5075","Male","Male","Male_Male","M-M",22,23,1,"Resident","Resident","Resident_Resident","R-R",1,0.709388,0.288913,0.001699,-0.906780571853278
"1872","5018_5109",0.0172812708742271,0.0165972773028669,1,"5018","5109","Male","Male","Male_Male","M-M",22,23,1,"Resident","Resident","Resident_Resident","R-R",2,0.312096,0.681935,0.005969,-0.906780571853278
"1873","5018_5137",0.00942333998345563,0.0156515307401887,0,"5018","5137","Male","Male","Male_Male","M-M",22,23,1,"Resident","Resident","Resident_Resident","R-R",1,0.576411,0.399965,0.023624,-0.906780571853278
"1874","5018_5158",0.00586949705746316,0.0077712262308801,0,"5018","5158","Male","Male","Male_Male","M-M",22,23,1,"Resident","Resident","Resident_Resident","R-R",1,0.774419,0.225272,0.000309,-0.906780571853278
"1875","5018_5161",0.00730198143166882,0.010890867741311,0,"5018","5161","Male","Male","Male_Male","M-M",22,23,1,"Resident","Resident","Resident_Resident","R-R",1,0.709388,0.288913,0.001699,-0.906780571853278
"1876","5018_5165",0.0068527560636064,0.00979746769492292,0,"5018","5165","Male","Male","Male_Male","M-M",22,23,1,"Resident","Resident","Resident_Resident","R-R",1,0.726777,0.272111,0.001112,-0.906780571853278
"1877","5018_5194",0.00696516065789709,0.0106661472114537,0,"5018","5194","Male","Male","Male_Male","M-M",22,22,0,"Resident","Resident","Resident_Resident","R-R",1,0.703415,0.294628,0.001957,-1.05521125513437
"1878","5018_6000",0.0126781321065025,0.0227842500567867,0,"5018","6000","Male","Male","Male_Male","M-M",22,20,2,"Resident","Transient","Resident_Transient","R-T",1,0.509928,0.430579,0.059493,-0.758349888572181
"1879","5018_6001",0.0125039053426997,0.0246887673039801,0,"5018","6001","Male","Male","Male_Male","M-M",22,20,2,"Resident","Transient","Resident_Transient","R-T",1,0.509928,0.430579,0.059493,-0.758349888572181
"1880","5018_6003",0.00893966795717771,0.0139387186000889,0,"5018","6003","Male","Male","Male_Male","M-M",22,20,2,"Resident","Resident","Resident_Resident","R-R",1,0.631071,0.359843,0.009086,-0.758349888572181
"1881","5018_6005",0.014844870229448,0.0329115833953759,0,"5018","6005","Male","Male","Male_Male","M-M",22,20,2,"Resident","Transient","Resident_Transient","R-T",1,0.487705,0.435572,0.076723,-0.758349888572181
"1882","5018_6014",0.0135729158473202,0.0257315709729248,0,"5018","6014","Male","Male","Male_Male","M-M",22,20,2,"Resident","Transient","Resident_Transient","R-T",1,0.499031,0.433362,0.067607,-0.758349888572181
"1883","5018_6016",0.00832518361574304,0.0131917952456246,0,"5018","6016","Male","Male","Male_Male","M-M",22,20,2,"Resident","Resident","Resident_Resident","R-R",1,0.623774,0.365798,0.010428,-0.758349888572181
"1884","5018_6017",0.00989904161897279,0.0161477008155832,0,"5018","6017","Male","Male","Male_Male","M-M",22,20,2,"Resident","Resident","Resident_Resident","R-R",1,0.576411,0.399965,0.023624,-0.758349888572181
"1885","5018_606",0.00880484034676981,0.0131734188981469,0,"5018","606","Male","Male","Male_Male","M-M",22,36,14,"Resident","Resident","Resident_Resident","R-R",1,0.600934600934601,0.383335383335383,0.0157300157300157,1.02281831080098
"1886","5018_6102",0.0100394300865928,0.0171877755096169,0,"5018","6102","Male","Male","Male_Male","M-M",22,18,4,"Resident","Resident","Resident_Resident","R-R",1,0.584797,0.394562,0.020641,-0.461488522009987
"1887","5018_6105",0.0053881581874418,0.0070829884233995,0,"5018","6105","Male","Male","Male_Male","M-M",22,18,4,"Resident","Resident","Resident_Resident","R-R",1,0.811324,0.188578,9.8e-05,-0.461488522009987
"1888","5018_6110",0.0139322912100668,0.0263900503410909,0,"5018","6110","Male","Male","Male_Male","M-M",22,18,4,"Resident","Transient","Resident_Transient","R-T",1,0.499031,0.433362,0.067607,-0.461488522009987
"1889","5018_6112",0.00712929294449109,0.00967788826967016,0,"5018","6112","Male","Male","Male_Male","M-M",22,18,4,"Resident","Resident","Resident_Resident","R-R",1,0.672145,0.323908,0.003947,-0.461488522009987
"1890","5018_6122",0.035834115372053,0.0388935777676717,1,"5018","6122","Male","Male","Male_Male","M-M",22,18,4,"Resident","Resident","Resident_Resident","R-R",2,0.141895,0.679897,0.178208,-0.461488522009987
"1891","5018_6123",0.00993276328262977,0.0168185625091674,0,"5018","6123","Male","Male","Male_Male","M-M",22,18,4,"Resident","Resident","Resident_Resident","R-R",1,0.56779,0.405188,0.027022,-0.461488522009987
"1892","5018_6133",0.0100386904726651,0.0162554351158599,0,"5018","6133","Male","Male","Male_Male","M-M",22,18,4,"Resident","Resident","Resident_Resident","R-R",1,0.54976345023655,0.414957585042415,0.0352789647210353,-0.461488522009987
"1893","5018_6138",0.00988663282670186,0.0161294742240209,0,"5018","6138","Male","Male","Male_Male","M-M",22,18,4,"Resident","Resident","Resident_Resident","R-R",1,0.56779,0.405188,0.027022,-0.461488522009987
"1894","5018_6139",0.0105979800289191,0.0174780816812683,0,"5018","6139","Male","Male","Male_Male","M-M",22,18,4,"Resident","Resident","Resident_Resident","R-R",1,0.558915,0.410198,0.030887,-0.461488522009987
"1895","5018_6201",0.00596123028150819,0.00773964098935245,0,"5018","6201","Male","Male","Male_Male","M-M",22,15,7,"Resident","Resident","Resident_Resident","R-R",1,0.759274,0.240252,0.000474,-0.0161964721666967
"1896","5018_6210",0.0084401008114143,0.0126269917248933,0,"5018","6210","Male","Male","Male_Male","M-M",22,17,5,"Resident","Resident","Resident_Resident","R-R",1,0.623774,0.365798,0.010428,-0.31305783872889
"1897","5018_6220",0.00973972668529847,0.0166791064656245,0,"5018","6220","Male","Male","Male_Male","M-M",22,17,5,"Resident","Resident","Resident_Resident","R-R",1,0.576411,0.399965,0.023624,-0.31305783872889
"1898","5018_6235",0.00734534786114716,0.0105922652945808,0,"5018","6235","Male","Male","Male_Male","M-M",22,14,8,"Resident","Resident","Resident_Resident","R-R",1,0.684944684944685,0.312072312072312,0.00298300298300298,0.1322342111144
"1899","5018_6257",0.0103843481328864,0.0179982892700237,0,"5018","6257","Male","Male","Male_Male","M-M",22,17,5,"Resident","Resident","Resident_Resident","R-R",1,0.54031454031454,0.419424419424419,0.0402610402610403,-0.31305783872889
"1900","5018_6421",0.0234388971625089,0.0239778487090935,1,"5018","6421","Male","Male","Male_Male","M-M",22,14,8,"Resident","Resident","Resident_Resident","R-R",2,0.215921,0.738957,0.045122,0.1322342111144
"1901","5018_6516",0.00734184870132147,0.0107569156423744,0,"5018","6516","Male","Male","Male_Male","M-M",22,12,10,"Resident","Resident","Resident_Resident","R-R",1,0.672145,0.323908,0.003947,0.429095577676594
"1902","5018_6527",0.00827965828051445,0.0121891743899268,0,"5018","6527","Male","Male","Male_Male","M-M",22,10,12,"Resident","Resident","Resident_Resident","R-R",1,0.631071,0.359843,0.009086,0.725956944238787
"1903","5018_6534",0.0130157443034493,0.0258043185418698,0,"5018","6534","Male","Male","Male_Male","M-M",22,12,10,"Resident","Transient","Resident_Transient","R-T",1,0.499031,0.433362,0.067607,0.429095577676594
"1904","5018_6535",0.00995040981575176,0.0174028225349668,0,"5018","6535","Male","Male","Male_Male","M-M",22,10,12,"Resident","Resident","Resident_Resident","R-R",1,0.584797,0.394562,0.020641,0.725956944238787
"1905","5018_6612",0.00766638943937231,0.0113593769323855,0,"5018","6612","Male","Male","Male_Male","M-M",22,10,12,"Resident","Resident","Resident_Resident","R-R",1,0.64525,0.34786,0.00689,0.725956944238787
"1906","5018_6631",0.0114874949286769,0.0198928033186401,0,"5018","6631","Male","Male","Male_Male","M-M",22,10,12,"Resident","Transient","Resident_Transient","R-T",1,0.520422,0.427289,0.052289,0.725956944238787
"1907","5018_6714",0.00802753457481266,0.0117918867309956,0,"5018","6714","Male","Male","Male_Male","M-M",22,9,13,"Resident","Unknown","Resident_Unknown","R-U",1,0.652147347852652,0.341855658144342,0.005996994003006,0.874387627519884
"1908","5018_6722",0.0100351601197241,0.0166344170172493,0,"5018","6722","Male","Male","Male_Male","M-M",22,9,13,"Resident","Unknown","Resident_Unknown","R-U",1,0.576411,0.399965,0.023624,0.874387627519884
"1909","5018_76",0.0640741491951121,0.0493553790866067,2,"5018","76","Male","Male","Male_Male","M-M",22,44,22,"Resident","Resident","Resident_Resident","R-R",2,0.019326,0.571586,0.409088,2.21026377704976
"1910","5018_92",0.00717448611662328,0.00982615333334826,0,"5018","92","Male","Male","Male_Male","M-M",22,43,21,"Resident","Resident","Resident_Resident","R-R",1,0.684944684944685,0.312072312072312,0.00298300298300298,2.06183309376866
"1911","5019_5031",0.0214652623116134,0.0216424853347604,1,"5019","5031","Male","Male","Male_Male","M-M",23,23,0,"Resident","Resident","Resident_Resident","R-R",2,0.23957,0.732893,0.027537,-1.05521125513437
"1912","5019_5036",0.00720236637926178,0.0101838832559247,0,"5019","5036","Male","Male","Male_Male","M-M",23,23,0,"Resident","Resident","Resident_Resident","R-R",1,0.684944684944685,0.312072312072312,0.00298300298300298,-1.05521125513437
"1913","5019_5044",0.0273868258948572,0.0288397387888545,1,"5019","5044","Male","Male","Male_Male","M-M",23,23,0,"Resident","Resident","Resident_Resident","R-R",2,0.185919,0.732056,0.082025,-1.05521125513437
"1914","5019_5049",0.0336508697546849,0.0349873106217014,1,"5019","5049","Male","Male","Male_Male","M-M",23,22,1,"Resident","Transient","Resident_Transient","R-T",2,0.148354148354148,0.691189691189691,0.16045616045616,-0.906780571853278
"1915","5019_5061",0.00723516198329603,0.0110928483862423,0,"5019","5061","Male","Male","Male_Male","M-M",23,22,1,"Resident","Resident","Resident_Resident","R-R",1,0.678595,0.317973,0.003432,-0.906780571853278
"1916","5019_5068",0.0276526238941222,0.029226415535528,1,"5019","5068","Male","Male","Male_Male","M-M",23,22,1,"Resident","Resident","Resident_Resident","R-R",2,0.185919,0.732056,0.082025,-0.906780571853278
"1917","5019_5069",0.00741971762059516,0.0106238387670763,0,"5019","5069","Male","Male","Male_Male","M-M",23,23,0,"Resident","Resident","Resident_Resident","R-R",1,0.672145,0.323908,0.003947,-1.05521125513437
"1918","5019_5071",0.00775938211229276,0.0124738565181937,0,"5019","5071","Male","Male","Male_Male","M-M",23,22,1,"Resident","Resident","Resident_Resident","R-R",1,0.652147347852652,0.341855658144342,0.005996994003006,-0.906780571853278
"1919","5019_5075",0.0215438957919713,0.0215342651738737,1,"5019","5075","Male","Male","Male_Male","M-M",23,23,0,"Resident","Resident","Resident_Resident","R-R",2,0.245484245484245,0.73021673021673,0.0242990242990243,-1.05521125513437
"1920","5019_5109",0.00898379357034302,0.014046238583675,0,"5019","5109","Male","Male","Male_Male","M-M",23,23,0,"Resident","Resident","Resident_Resident","R-R",1,0.592966,0.38901,0.018024,-1.05521125513437
"1921","5019_5137",0.0103150479593852,0.0177261558837478,0,"5019","5137","Male","Male","Male_Male","M-M",23,23,0,"Resident","Resident","Resident_Resident","R-R",1,0.56779,0.405188,0.027022,-1.05521125513437
"1922","5019_5158",0.00741760806427026,0.0106451675696956,0,"5019","5158","Male","Male","Male_Male","M-M",23,23,0,"Resident","Resident","Resident_Resident","R-R",1,0.678595,0.317973,0.003432,-1.05521125513437
"1923","5019_5161",0.00881467966808793,0.0139766907930405,0,"5019","5161","Male","Male","Male_Male","M-M",23,23,0,"Resident","Resident","Resident_Resident","R-R",1,0.608717,0.377561,0.013722,-1.05521125513437
"1924","5019_5165",0.00765886416127748,0.0115647471910318,0,"5019","5165","Male","Male","Male_Male","M-M",23,23,0,"Resident","Resident","Resident_Resident","R-R",1,0.672145,0.323908,0.003947,-1.05521125513437
"1925","5019_5194",0.00897001933290509,0.0138868279084628,0,"5019","5194","Male","Male","Male_Male","M-M",23,22,1,"Resident","Resident","Resident_Resident","R-R",1,0.600934600934601,0.383335383335383,0.0157300157300157,-0.906780571853278
"1926","5019_6000",0.0127130074975377,0.0231469310372847,0,"5019","6000","Male","Male","Male_Male","M-M",23,20,3,"Resident","Transient","Resident_Transient","R-T",1,0.509928,0.430579,0.059493,-0.609919205291084
"1927","5019_6001",0.0117220925047875,0.0203689629991822,0,"5019","6001","Male","Male","Male_Male","M-M",23,20,3,"Resident","Transient","Resident_Transient","R-T",1,0.509928,0.430579,0.059493,-0.609919205291084
"1928","5019_6003",0.00920898808907713,0.0144772477159634,0,"5019","6003","Male","Male","Male_Male","M-M",23,20,3,"Resident","Resident","Resident_Resident","R-R",1,0.584797,0.394562,0.020641,-0.609919205291084
"1929","5019_6005",0.0132749442377196,0.0267968754221367,0,"5019","6005","Male","Male","Male_Male","M-M",23,20,3,"Resident","Transient","Resident_Transient","R-T",1,0.487705,0.435572,0.076723,-0.609919205291084
"1930","5019_6014",0.0125337474515907,0.0234655176283253,0,"5019","6014","Male","Male","Male_Male","M-M",23,20,3,"Resident","Transient","Resident_Transient","R-T",1,0.499031,0.433362,0.067607,-0.609919205291084
"1931","5019_6016",0.0101550999305035,0.0187862641827934,0,"5019","6016","Male","Male","Male_Male","M-M",23,20,3,"Resident","Resident","Resident_Resident","R-R",1,0.56779,0.405188,0.027022,-0.609919205291084
"1932","5019_6017",0.011069769549755,0.0189165255342544,0,"5019","6017","Male","Male","Male_Male","M-M",23,20,3,"Resident","Resident","Resident_Resident","R-R",1,0.54031454031454,0.419424419424419,0.0402610402610403,-0.609919205291084
"1933","5019_606",0.00878683716320517,0.0135012954153764,0,"5019","606","Male","Male","Male_Male","M-M",23,36,13,"Resident","Resident","Resident_Resident","R-R",1,0.631071,0.359843,0.009086,0.874387627519884
"1934","5019_6102",0.0124873922918758,0.0237541374285024,0,"5019","6102","Male","Male","Male_Male","M-M",23,18,5,"Resident","Resident","Resident_Resident","R-R",1,0.499031,0.433362,0.067607,-0.31305783872889
"1935","5019_6105",0.00998685887914741,0.0165770039997321,0,"5019","6105","Male","Male","Male_Male","M-M",23,18,5,"Resident","Resident","Resident_Resident","R-R",1,0.584797,0.394562,0.020641,-0.31305783872889
"1936","5019_6110",0.0134203721320712,0.0264950975814271,0,"5019","6110","Male","Male","Male_Male","M-M",23,18,5,"Resident","Transient","Resident_Transient","R-T",1,0.487705,0.435572,0.076723,-0.31305783872889
"1937","5019_6112",0.0128898885540236,0.0232046511163475,0,"5019","6112","Male","Male","Male_Male","M-M",23,18,5,"Resident","Resident","Resident_Resident","R-R",1,0.509928,0.430579,0.059493,-0.31305783872889
"1938","5019_6122",0.0120612230309975,0.0208871649996994,0,"5019","6122","Male","Male","Male_Male","M-M",23,18,5,"Resident","Resident","Resident_Resident","R-R",1,0.520422,0.427289,0.052289,-0.31305783872889
"1939","5019_6123",0.0127483045266195,0.0229853510081652,0,"5019","6123","Male","Male","Male_Male","M-M",23,18,5,"Resident","Resident","Resident_Resident","R-R",1,0.509928,0.430579,0.059493,-0.31305783872889
"1940","5019_6133",0.0117447296652756,0.0207687843322058,0,"5019","6133","Male","Male","Male_Male","M-M",23,18,5,"Resident","Resident","Resident_Resident","R-R",1,0.530542469457531,0.423551576448424,0.0459059540940459,-0.31305783872889
"1941","5019_6138",0.0135073738548505,0.0262312669443959,0,"5019","6138","Male","Male","Male_Male","M-M",23,18,5,"Resident","Resident","Resident_Resident","R-R",1,0.499031,0.433362,0.067607,-0.31305783872889
"1942","5019_6139",0.012720936079706,0.0266525356539904,0,"5019","6139","Male","Male","Male_Male","M-M",23,18,5,"Resident","Resident","Resident_Resident","R-R",1,0.499031,0.433362,0.067607,-0.31305783872889
"1943","5019_6210",0.0110971693518433,0.0188217301541814,0,"5019","6210","Male","Male","Male_Male","M-M",23,17,6,"Resident","Resident","Resident_Resident","R-R",1,0.54031454031454,0.419424419424419,0.0402610402610403,-0.164627155447794
"1944","5019_6220",0.0135093937886896,0.028680943137367,0,"5019","6220","Male","Male","Male_Male","M-M",23,17,6,"Resident","Resident","Resident_Resident","R-R",1,0.487705,0.435572,0.076723,-0.164627155447794
"1945","5019_6257",0.0114960504514654,0.0203742711556263,0,"5019","6257","Male","Male","Male_Male","M-M",23,17,6,"Resident","Resident","Resident_Resident","R-R",1,0.509928,0.430579,0.059493,-0.164627155447794
"1946","5019_76",0.0277373564779325,0.0286475914725595,1,"5019","76","Male","Male","Male_Male","M-M",23,44,21,"Resident","Resident","Resident_Resident","R-R",2,0.185919,0.732056,0.082025,2.06183309376866
"1947","5019_92",0.00804485115817718,0.0124381997178799,0,"5019","92","Male","Male","Male_Male","M-M",23,43,20,"Resident","Resident","Resident_Resident","R-R",1,0.658926,0.335856,0.005218,1.91340241048756
"1948","5031_5036",0.108023805801185,0.0558079022262668,4,"5031","5036","Male","Male","Male_Male","M-M",23,23,0,"Resident","Resident","Resident_Resident","R-R",3,0.000123,0.14233,0.857547,-1.05521125513437
"1949","5031_5044",0.00677006282497376,0.00970177531482474,0,"5031","5044","Male","Male","Male_Male","M-M",23,23,0,"Resident","Resident","Resident_Resident","R-R",1,0.721067,0.277652,0.001281,-1.05521125513437
"1950","5031_5049",0.0303478005607403,0.0310881025608896,1,"5031","5049","Male","Male","Male_Male","M-M",23,22,1,"Resident","Transient","Resident_Transient","R-T",2,0.167395167395167,0.716971716971717,0.115633115633116,-0.906780571853278
"1951","5031_5061",0.0308973771418037,0.0331753717060028,1,"5031","5061","Male","Male","Male_Male","M-M",23,22,1,"Resident","Resident","Resident_Resident","R-R",2,0.161107,0.709664,0.129229,-0.906780571853278
"1952","5031_5068",0.0313967424082574,0.0336593420409912,1,"5031","5068","Male","Male","Male_Male","M-M",23,22,1,"Resident","Resident","Resident_Resident","R-R",2,0.161107,0.709664,0.129229,-0.906780571853278
"1953","5031_5069",0.00640146983575813,0.0089289462863991,0,"5031","5069","Male","Male","Male_Male","M-M",23,23,0,"Resident","Resident","Resident_Resident","R-R",1,0.743398743398743,0.255875255875256,0.000726000726000726,-1.05521125513437
"1954","5031_5071",0.0633920039818825,0.0482088452311932,2,"5031","5071","Male","Male","Male_Male","M-M",23,22,1,"Resident","Resident","Resident_Resident","R-R",2,0.019326,0.571586,0.409088,-0.906780571853278
"1955","5031_5075",0.120716504016582,0.0530221860898617,5,"5031","5075","Male","Male","Male_Male","M-M",23,23,0,"Resident","Resident","Resident_Resident","R-R",3,8e-06,0.057301,0.942691,-1.05521125513437
"1956","5031_5109",0.0078256721417215,0.0114180275046028,0,"5031","5109","Male","Male","Male_Male","M-M",23,23,0,"Resident","Resident","Resident_Resident","R-R",1,0.658926,0.335856,0.005218,-1.05521125513437
"1957","5031_5137",0.00779296983871257,0.0115268970080122,0,"5031","5137","Male","Male","Male_Male","M-M",23,23,0,"Resident","Resident","Resident_Resident","R-R",1,0.658926,0.335856,0.005218,-1.05521125513437
"1958","5031_5158",0.104945678813932,0.0545449993154403,4,"5031","5158","Male","Male","Male_Male","M-M",23,23,0,"Resident","Resident","Resident_Resident","R-R",3,0.00014,0.157801,0.842059,-1.05521125513437
"1959","5031_5161",0.0479059785125969,0.0368085494899103,2,"5031","5161","Male","Male","Male_Male","M-M",23,23,0,"Resident","Resident","Resident_Resident","R-R",2,0.0322200322200322,0.761447761447761,0.206332206332206,-1.05521125513437
"1960","5031_5165",0.00750136003303352,0.0106934700664656,0,"5031","5165","Male","Male","Male_Male","M-M",23,23,0,"Resident","Resident","Resident_Resident","R-R",1,0.66559,0.329871,0.004539,-1.05521125513437
"1961","5031_5194",0.00991394001438877,0.016337813347651,0,"5031","5194","Male","Male","Male_Male","M-M",23,22,1,"Resident","Resident","Resident_Resident","R-R",1,0.576411,0.399965,0.023624,-0.906780571853278
"1962","5031_606",0.00697969714485304,0.00977262355268254,0,"5031","606","Male","Male","Male_Male","M-M",23,36,13,"Resident","Resident","Resident_Resident","R-R",1,0.691195308804691,0.306211693788306,0.00259299740700259,0.874387627519884
"1963","5031_76",0.0063265149210665,0.00823873434072409,0,"5031","76","Male","Male","Male_Male","M-M",23,44,21,"Resident","Resident","Resident_Resident","R-R",1,0.721067,0.277652,0.001281,2.06183309376866
"1964","5031_92",0.00750252097775419,0.0110105973012355,0,"5031","92","Male","Male","Male_Male","M-M",23,43,20,"Resident","Resident","Resident_Resident","R-R",1,0.672145,0.323908,0.003947,1.91340241048756
"1965","5036_5044",0.00785573743915536,0.0118911815373382,0,"5036","5044","Male","Male","Male_Male","M-M",23,23,0,"Resident","Resident","Resident_Resident","R-R",1,0.652147347852652,0.341855658144342,0.005996994003006,-1.05521125513437
"1966","5036_5049",0.103679704469809,0.0833698063444414,2,"5036","5049","Male","Male","Male_Male","M-M",23,22,1,"Resident","Transient","Resident_Transient","R-T",3,0.00926,0.342775,0.647965,-0.906780571853278
"1967","5036_5061",0.0211480484621908,0.0208740890612774,1,"5036","5061","Male","Male","Male_Male","M-M",23,22,1,"Resident","Resident","Resident_Resident","R-R",2,0.245484245484245,0.73021673021673,0.0242990242990243,-0.906780571853278
"1968","5036_5068",0.00670007152259663,0.00937259991960917,0,"5036","5068","Male","Male","Male_Male","M-M",23,22,1,"Resident","Resident","Resident_Resident","R-R",1,0.726777,0.272111,0.001112,-0.906780571853278
"1969","5036_5069",0.0237092690805969,0.0243330563585455,1,"5036","5069","Male","Male","Male_Male","M-M",23,23,0,"Resident","Resident","Resident_Resident","R-R",2,0.215921,0.738957,0.045122,-1.05521125513437
"1970","5036_5071",0.116780669302264,0.0621969055274796,4,"5036","5071","Male","Male","Male_Male","M-M",23,22,1,"Resident","Resident","Resident_Resident","R-R",3,9.4e-05,0.115185,0.884721,-0.906780571853278
"1971","5036_5075",0.14178881873701,0.056592786015773,6,"5036","5075","Male","Male","Male_Male","M-M",23,23,0,"Resident","Resident","Resident_Resident","R-R",3,9.99999000001e-07,0.0152299847700152,0.984769015230985,-1.05521125513437
"1972","5036_5109",0.0210360235216149,0.0206300127104865,1,"5036","5109","Male","Male","Male_Male","M-M",23,23,0,"Resident","Resident","Resident_Resident","R-R",2,0.245484245484245,0.73021673021673,0.0242990242990243,-1.05521125513437
"1973","5036_5137",0.00985118146012326,0.0163667077277457,0,"5036","5137","Male","Male","Male_Male","M-M",23,23,0,"Resident","Resident","Resident_Resident","R-R",1,0.576411,0.399965,0.023624,-1.05521125513437
"1974","5036_5158",0.102436219223294,0.0464851191018502,5,"5036","5158","Male","Male","Male_Male","M-M",23,23,0,"Resident","Resident","Resident_Resident","R-R",3,1.8000018000018e-05,0.111847111847112,0.888134888134888,-1.05521125513437
"1975","5036_5161",0.0716599151865299,0.0450911868036002,3,"5036","5161","Male","Male","Male_Male","M-M",23,23,0,"Resident","Resident","Resident_Resident","R-R",2,0.003324,0.51289,0.483786,-1.05521125513437
"1976","5036_5165",0.0179102453122689,0.0172827684408501,1,"5036","5165","Male","Male","Male_Male","M-M",23,23,0,"Resident","Resident","Resident_Resident","R-R",2,0.299683,0.692589,0.007728,-1.05521125513437
"1977","5036_5194",0.0450445264710449,0.0343441064265134,2,"5036","5194","Male","Male","Male_Male","M-M",23,22,1,"Resident","Resident","Resident_Resident","R-R",2,0.035596,0.795347,0.169057,-0.906780571853278
"1978","5036_6000",0.0115956832976551,0.019374558408592,0,"5036","6000","Male","Male","Male_Male","M-M",23,20,3,"Resident","Transient","Resident_Transient","R-T",1,0.530542469457531,0.423551576448424,0.0459059540940459,-0.609919205291084
"1979","5036_6001",0.0111133919776712,0.0187342070980123,0,"5036","6001","Male","Male","Male_Male","M-M",23,20,3,"Resident","Transient","Resident_Transient","R-T",1,0.530542469457531,0.423551576448424,0.0459059540940459,-0.609919205291084
"1980","5036_6003",0.00736658344886792,0.0105568949542446,0,"5036","6003","Male","Male","Male_Male","M-M",23,20,3,"Resident","Resident","Resident_Resident","R-R",1,0.691195308804691,0.306211693788306,0.00259299740700259,-0.609919205291084
"1981","5036_6005",0.068487328834694,0.0835329101879556,1,"5036","6005","Male","Male","Male_Male","M-M",23,20,3,"Resident","Transient","Resident_Transient","R-T",2,0.083417,0.514454,0.402129,-0.609919205291084
"1982","5036_6014",0.0120200251954484,0.023836906912426,0,"5036","6014","Male","Male","Male_Male","M-M",23,20,3,"Resident","Transient","Resident_Transient","R-T",1,0.520422,0.427289,0.052289,-0.609919205291084
"1983","5036_6016",0.0541256143257674,0.0406929239638992,2,"5036","6016","Male","Male","Male_Male","M-M",23,20,3,"Resident","Resident","Resident_Resident","R-R",2,0.025588,0.676495,0.297917,-0.609919205291084
"1984","5036_6017",0.00856174057648431,0.0132768878124144,0,"5036","6017","Male","Male","Male_Male","M-M",23,20,3,"Resident","Resident","Resident_Resident","R-R",1,0.623774,0.365798,0.010428,-0.609919205291084
"1985","5036_606",0.00784333204887977,0.011475733508795,0,"5036","606","Male","Male","Male_Male","M-M",23,36,13,"Resident","Resident","Resident_Resident","R-R",1,0.652147347852652,0.341855658144342,0.005996994003006,0.874387627519884
"1986","5036_6102",0.00844237456647993,0.0126971863692729,0,"5036","6102","Male","Male","Male_Male","M-M",23,18,5,"Resident","Resident","Resident_Resident","R-R",1,0.616326,0.371709,0.011965,-0.31305783872889
"1987","5036_6105",0.0241010842126152,0.0246404383177917,1,"5036","6105","Male","Male","Male_Male","M-M",23,18,5,"Resident","Resident","Resident_Resident","R-R",2,0.215921,0.738957,0.045122,-0.31305783872889
"1988","5036_6110",0.0121802958380746,0.024301949995615,0,"5036","6110","Male","Male","Male_Male","M-M",23,18,5,"Resident","Transient","Resident_Transient","R-T",1,0.520422,0.427289,0.052289,-0.31305783872889
"1989","5036_6112",0.029524764959868,0.0315622272764905,1,"5036","6112","Male","Male","Male_Male","M-M",23,18,5,"Resident","Resident","Resident_Resident","R-R",2,0.167395167395167,0.716971716971717,0.115633115633116,-0.31305783872889
"1990","5036_6122",0.00820568098671468,0.0129991014864535,0,"5036","6122","Male","Male","Male_Male","M-M",23,18,5,"Resident","Resident","Resident_Resident","R-R",1,0.631071,0.359843,0.009086,-0.31305783872889
"1991","5036_6123",0.00812556772084897,0.0119481059877347,0,"5036","6123","Male","Male","Male_Male","M-M",23,18,5,"Resident","Resident","Resident_Resident","R-R",1,0.623774,0.365798,0.010428,-0.31305783872889
"1992","5036_6133",0.0378733152957377,0.0422268011725654,1,"5036","6133","Male","Male","Male_Male","M-M",23,18,5,"Resident","Resident","Resident_Resident","R-R",2,0.135388,0.667167,0.197445,-0.31305783872889
"1993","5036_6138",0.00880200791637141,0.0143246717704696,0,"5036","6138","Male","Male","Male_Male","M-M",23,18,5,"Resident","Resident","Resident_Resident","R-R",1,0.616326,0.371709,0.011965,-0.31305783872889
"1994","5036_6139",0.00887310484443716,0.01389793210844,0,"5036","6139","Male","Male","Male_Male","M-M",23,18,5,"Resident","Resident","Resident_Resident","R-R",1,0.616326,0.371709,0.011965,-0.31305783872889
"1995","5036_6201",0.0714155434304917,0.0573388583180628,2,"5036","6201","Male","Male","Male_Male","M-M",23,15,8,"Resident","Resident","Resident_Resident","R-R",2,0.016441,0.514305,0.469254,0.1322342111144
"1996","5036_6210",0.0305289118366072,0.033172776940038,1,"5036","6210","Male","Male","Male_Male","M-M",23,17,6,"Resident","Resident","Resident_Resident","R-R",2,0.167395167395167,0.716971716971717,0.115633115633116,-0.164627155447794
"1997","5036_6220",0.00935815488880797,0.0150065359285536,0,"5036","6220","Male","Male","Male_Male","M-M",23,17,6,"Resident","Resident","Resident_Resident","R-R",1,0.584797,0.394562,0.020641,-0.164627155447794
"1998","5036_6235",0.0822177559965056,0.0648609203194162,2,"5036","6235","Male","Male","Male_Male","M-M",23,14,9,"Resident","Resident","Resident_Resident","R-R",3,0.012544,0.42686,0.560596,0.280664894395497
"1999","5036_6257",0.0102157744257902,0.0164450947198102,0,"5036","6257","Male","Male","Male_Male","M-M",23,17,6,"Resident","Resident","Resident_Resident","R-R",1,0.558915,0.410198,0.030887,-0.164627155447794
"2000","5036_6421",0.104173995326256,0.0866475896655388,2,"5036","6421","Male","Male","Male_Male","M-M",23,14,9,"Resident","Resident","Resident_Resident","R-R",3,0.00926,0.342775,0.647965,0.280664894395497
"2001","5036_76",0.0075681753147451,0.0108667295125574,0,"5036","76","Male","Male","Male_Male","M-M",23,44,21,"Resident","Resident","Resident_Resident","R-R",1,0.652147347852652,0.341855658144342,0.005996994003006,2.06183309376866
"2002","5036_92",0.00663458453386256,0.00923933427349528,0,"5036","92","Male","Male","Male_Male","M-M",23,43,20,"Resident","Resident","Resident_Resident","R-R",1,0.715271,0.283253,0.001476,1.91340241048756
"2003","5044_5049",0.00920080552797985,0.014351253693314,0,"5044","5049","Male","Male","Male_Male","M-M",23,22,1,"Resident","Transient","Resident_Transient","R-T",1,0.576411,0.399965,0.023624,-0.906780571853278
"2004","5044_5061",0.00989964020054282,0.0159741310355759,0,"5044","5061","Male","Male","Male_Male","M-M",23,22,1,"Resident","Resident","Resident_Resident","R-R",1,0.56779,0.405188,0.027022,-0.906780571853278
"2005","5044_5068",0.0419351364542366,0.0474604029898846,1,"5044","5068","Male","Male","Male_Male","M-M",23,22,1,"Resident","Resident","Resident_Resident","R-R",2,0.122271,0.637292,0.240437,-0.906780571853278
"2006","5044_5069",0.00738629456523878,0.0109085871254998,0,"5044","5069","Male","Male","Male_Male","M-M",23,23,0,"Resident","Resident","Resident_Resident","R-R",1,0.691195308804691,0.306211693788306,0.00259299740700259,-1.05521125513437
"2007","5044_5071",0.00891558844101717,0.0133897099320606,0,"5044","5071","Male","Male","Male_Male","M-M",23,22,1,"Resident","Resident","Resident_Resident","R-R",1,0.592966,0.38901,0.018024,-0.906780571853278
"2008","5044_5075",0.048489976146154,0.0371300435474708,2,"5044","5075","Male","Male","Male_Male","M-M",23,23,0,"Resident","Resident","Resident_Resident","R-R",2,0.0322200322200322,0.761447761447761,0.206332206332206,-1.05521125513437
"2009","5044_5109",0.008906858074152,0.0136299923160154,0,"5044","5109","Male","Male","Male_Male","M-M",23,23,0,"Resident","Resident","Resident_Resident","R-R",1,0.592966,0.38901,0.018024,-1.05521125513437
"2010","5044_5137",0.00889821971490296,0.0132660368614156,0,"5044","5137","Male","Male","Male_Male","M-M",23,23,0,"Resident","Resident","Resident_Resident","R-R",1,0.592966,0.38901,0.018024,-1.05521125513437
"2011","5044_5158",0.0078086370357459,0.0112525553127451,0,"5044","5158","Male","Male","Male_Male","M-M",23,23,0,"Resident","Resident","Resident_Resident","R-R",1,0.658926,0.335856,0.005218,-1.05521125513437
"2012","5044_5161",0.0083009131790204,0.0124174559847615,0,"5044","5161","Male","Male","Male_Male","M-M",23,23,0,"Resident","Resident","Resident_Resident","R-R",1,0.631071,0.359843,0.009086,-1.05521125513437
"2013","5044_5165",0.0090009088242565,0.0145189318387139,0,"5044","5165","Male","Male","Male_Male","M-M",23,23,0,"Resident","Resident","Resident_Resident","R-R",1,0.600934600934601,0.383335383335383,0.0157300157300157,-1.05521125513437
"2014","5044_5194",0.0120293871174913,0.0227189502909256,0,"5044","5194","Male","Male","Male_Male","M-M",23,22,1,"Resident","Resident","Resident_Resident","R-R",1,0.520422,0.427289,0.052289,-0.906780571853278
"2015","5044_606",0.0287247332183772,0.0300468628140129,1,"5044","606","Male","Male","Male_Male","M-M",23,36,13,"Resident","Resident","Resident_Resident","R-R",2,0.173625,0.723088,0.103287,0.874387627519884
"2016","5044_76",0.0248957448278893,0.0255930892975565,1,"5044","76","Male","Male","Male_Male","M-M",23,44,21,"Resident","Resident","Resident_Resident","R-R",2,0.204016,0.738496,0.057488,2.06183309376866
"2017","5044_92",0.00889745910237595,0.0140459738869532,0,"5044","92","Male","Male","Male_Male","M-M",23,43,20,"Resident","Resident","Resident_Resident","R-R",1,0.608717,0.377561,0.013722,1.91340241048756
"2018","5049_5061",0.00890459883194838,0.0129005317988365,0,"5049","5061","Male","Male","Male_Male","M-M",22,22,0,"Transient","Resident","Resident_Transient","R-T",1,0.584797,0.394562,0.020641,-1.05521125513437
"2019","5049_5068",0.00909420618421808,0.0142959847172291,0,"5049","5068","Male","Male","Male_Male","M-M",22,22,0,"Transient","Resident","Resident_Transient","R-T",1,0.584797,0.394562,0.020641,-1.05521125513437
"2020","5049_5069",0.0313243909507798,0.0346438328935973,1,"5049","5069","Male","Male","Male_Male","M-M",22,23,1,"Transient","Resident","Resident_Transient","R-T",2,0.161107,0.709664,0.129229,-0.906780571853278
"2021","5049_5071",0.0778295158846544,0.0621364945796038,2,"5049","5071","Male","Male","Male_Male","M-M",22,22,0,"Transient","Resident","Resident_Transient","R-T",3,0.013779,0.455917,0.530304,-1.05521125513437
"2022","5049_5075",0.00817046719181334,0.0121419614486952,0,"5049","5075","Male","Male","Male_Male","M-M",22,23,1,"Transient","Resident","Resident_Transient","R-T",1,0.631071,0.359843,0.009086,-0.906780571853278
"2023","5049_5109",0.0108957377322953,0.019297226745667,0,"5049","5109","Male","Male","Male_Male","M-M",22,23,1,"Transient","Resident","Resident_Transient","R-T",1,0.54031454031454,0.419424419424419,0.0402610402610403,-0.906780571853278
"2024","5049_5137",0.0112145066654212,0.0196885587023006,0,"5049","5137","Male","Male","Male_Male","M-M",22,23,1,"Transient","Resident","Resident_Transient","R-T",1,0.54031454031454,0.419424419424419,0.0402610402610403,-0.906780571853278
"2025","5049_5158",0.0093174689956497,0.0145706239617583,0,"5049","5158","Male","Male","Male_Male","M-M",22,23,1,"Transient","Resident","Resident_Transient","R-T",1,0.592966,0.38901,0.018024,-0.906780571853278
"2026","5049_5161",0.00973064047479243,0.0162094872586103,0,"5049","5161","Male","Male","Male_Male","M-M",22,23,1,"Transient","Resident","Resident_Transient","R-T",1,0.56779,0.405188,0.027022,-0.906780571853278
"2027","5049_5165",0.0102367554379374,0.0168882012554201,0,"5049","5165","Male","Male","Male_Male","M-M",22,23,1,"Transient","Resident","Resident_Transient","R-T",1,0.54976345023655,0.414957585042415,0.0352789647210353,-0.906780571853278
"2028","5049_5194",0.0106318430662415,0.0192621777231634,0,"5049","5194","Male","Male","Male_Male","M-M",22,22,0,"Transient","Resident","Resident_Transient","R-T",1,0.54031454031454,0.419424419424419,0.0402610402610403,-1.05521125513437
"2029","5049_606",0.010606517825255,0.0190463278630335,0,"5049","606","Male","Male","Male_Male","M-M",22,36,14,"Transient","Resident","Resident_Transient","R-T",1,0.54031454031454,0.419424419424419,0.0402610402610403,1.02281831080098
"2030","5049_76",0.0326146729319546,0.0358462798396638,1,"5049","76","Male","Male","Male_Male","M-M",22,44,22,"Transient","Resident","Resident_Transient","R-T",2,0.15476,0.701092,0.144148,2.21026377704976
"2031","5049_92",0.0102129605759351,0.016771603530718,0,"5049","92","Male","Male","Male_Male","M-M",22,43,21,"Transient","Resident","Resident_Transient","R-T",1,0.56779,0.405188,0.027022,2.06183309376866
"2032","504_509",0.0114354562199051,0.0194367820291453,0,"504","509","Male","Male","Male_Male","M-M",43,43,0,"Transient","Resident","Resident_Transient","R-T",1,0.520422,0.427289,0.052289,-1.05521125513437
"2033","504_549",0.0115744543485571,0.0213177267194651,0,"504","549","Male","Male","Male_Male","M-M",43,43,0,"Transient","Resident","Resident_Transient","R-T",1,0.520422,0.427289,0.052289,-1.05521125513437
"2034","504_558",0.0117348271079427,0.0204733626534908,0,"504","558","Male","Male","Male_Male","M-M",43,43,0,"Transient","Resident","Resident_Transient","R-T",1,0.509928,0.430579,0.059493,-1.05521125513437
"2035","504_562",0.012280648527534,0.0229935625088027,0,"504","562","Male","Male","Male_Male","M-M",43,43,0,"Transient","Transient","Transient_Transient","T-T",1,0.509928,0.430579,0.059493,-1.05521125513437
"2036","504_74",0.182764176576704,0.14682772558039,2,"504","74","Male","Male","Male_Male","M-M",43,43,0,"Transient","Resident","Resident_Transient","R-T",3,0.005227,0.222607,0.772166,-1.05521125513437
"2037","504_76",0.0101141716751048,0.0167182008173085,0,"504","76","Male","Male","Male_Male","M-M",43,44,1,"Transient","Resident","Resident_Transient","R-T",1,0.558915,0.410198,0.030887,-0.906780571853278
"2038","504_92",0.0125991499343586,0.0227502721482864,0,"504","92","Male","Male","Male_Male","M-M",43,43,0,"Transient","Resident","Resident_Transient","R-T",1,0.509928,0.430579,0.059493,-1.05521125513437
"2039","5061_5068",0.0441257562960169,0.0333911428914214,2,"5061","5068","Male","Male","Male_Male","M-M",22,22,0,"Resident","Resident","Resident_Resident","R-R",2,0.0372919627080373,0.81018518981481,0.152522847477153,-1.05521125513437
"2040","5061_5069",0.079471539980085,0.0642857997592319,2,"5061","5069","Male","Male","Male_Male","M-M",22,23,1,"Resident","Resident","Resident_Resident","R-R",3,0.013779,0.455917,0.530304,-0.906780571853278
"2041","5061_5071",0.10436424726163,0.0544560250543255,4,"5061","5071","Male","Male","Male_Male","M-M",22,22,0,"Resident","Resident","Resident_Resident","R-R",3,0.00014,0.157801,0.842059,-1.05521125513437
"2042","5061_5075",0.0930102369569463,0.0490411311234023,4,"5061","5075","Male","Male","Male_Male","M-M",22,23,1,"Resident","Resident","Resident_Resident","R-R",3,0.000231999768000232,0.233402766597233,0.766365233634766,-0.906780571853278
"2043","5061_5109",0.0268581765372566,0.0279771271970887,1,"5061","5109","Male","Male","Male_Male","M-M",22,23,1,"Resident","Resident","Resident_Resident","R-R",2,0.191992,0.735062,0.072946,-0.906780571853278
"2044","5061_5137",0.0114953251452369,0.0204865616105732,0,"5061","5137","Male","Male","Male_Male","M-M",22,23,1,"Resident","Resident","Resident_Resident","R-R",1,0.530542469457531,0.423551576448424,0.0459059540940459,-0.906780571853278
"2045","5061_5158",0.020842073354172,0.0208531134019003,1,"5061","5158","Male","Male","Male_Male","M-M",22,23,1,"Resident","Resident","Resident_Resident","R-R",2,0.245484245484245,0.73021673021673,0.0242990242990243,-0.906780571853278
"2046","5061_5161",0.00782844597571264,0.0112638943861029,0,"5061","5161","Male","Male","Male_Male","M-M",22,23,1,"Resident","Resident","Resident_Resident","R-R",1,0.652147347852652,0.341855658144342,0.005996994003006,-0.906780571853278
"2047","5061_5165",0.00667570755638051,0.00938174492040533,0,"5061","5165","Male","Male","Male_Male","M-M",22,23,1,"Resident","Resident","Resident_Resident","R-R",1,0.721067,0.277652,0.001281,-0.906780571853278
"2048","5061_5194",0.0533695962674842,0.0417299218875566,2,"5061","5194","Male","Male","Male_Male","M-M",22,22,0,"Resident","Resident","Resident_Resident","R-R",2,0.027223,0.699821,0.272956,-1.05521125513437
"2049","5061_6000",0.0121794908172782,0.021132492973505,0,"5061","6000","Male","Male","Male_Male","M-M",22,20,2,"Resident","Transient","Resident_Transient","R-T",1,0.509928,0.430579,0.059493,-0.758349888572181
"2050","5061_6001",0.0125679697988273,0.0235051140711555,0,"5061","6001","Male","Male","Male_Male","M-M",22,20,2,"Resident","Transient","Resident_Transient","R-T",1,0.509928,0.430579,0.059493,-0.758349888572181
"2051","5061_6003",0.00744330114499515,0.0112655744859995,0,"5061","6003","Male","Male","Male_Male","M-M",22,20,2,"Resident","Resident","Resident_Resident","R-R",1,0.672145,0.323908,0.003947,-0.758349888572181
"2052","5061_6005",0.0138302927333304,0.0282927032070941,0,"5061","6005","Male","Male","Male_Male","M-M",22,20,2,"Resident","Transient","Resident_Transient","R-T",1,0.487705,0.435572,0.076723,-0.758349888572181
"2053","5061_6014",0.0134668284445536,0.0250243411795357,0,"5061","6014","Male","Male","Male_Male","M-M",22,20,2,"Resident","Transient","Resident_Transient","R-T",1,0.499031,0.433362,0.067607,-0.758349888572181
"2054","5061_6016",0.00762061236240733,0.0111106839396537,0,"5061","6016","Male","Male","Male_Male","M-M",22,20,2,"Resident","Resident","Resident_Resident","R-R",1,0.658926,0.335856,0.005218,-0.758349888572181
"2055","5061_6017",0.0076331268611603,0.0113044866613416,0,"5061","6017","Male","Male","Male_Male","M-M",22,20,2,"Resident","Resident","Resident_Resident","R-R",1,0.638227638227638,0.353859353859354,0.00791300791300791,-0.758349888572181
"2056","5061_606",0.0103963771298853,0.0183475802004691,0,"5061","606","Male","Male","Male_Male","M-M",22,36,14,"Resident","Resident","Resident_Resident","R-R",1,0.558915,0.410198,0.030887,1.02281831080098
"2057","5061_6102",0.00863924086396097,0.013126601322623,0,"5061","6102","Male","Male","Male_Male","M-M",22,18,4,"Resident","Resident","Resident_Resident","R-R",1,0.608717,0.377561,0.013722,-0.461488522009987
"2058","5061_6105",0.0525751450844175,0.0397591668446342,2,"5061","6105","Male","Male","Male_Male","M-M",22,18,4,"Resident","Resident","Resident_Resident","R-R",2,0.027223,0.699821,0.272956,-0.461488522009987
"2059","5061_6110",0.00968752286896033,0.0157269039830886,0,"5061","6110","Male","Male","Male_Male","M-M",22,18,4,"Resident","Transient","Resident_Transient","R-T",1,0.584797,0.394562,0.020641,-0.461488522009987
"2060","5061_6112",0.0734104534797619,0.0573350799074418,2,"5061","6112","Male","Male","Male_Male","M-M",22,18,4,"Resident","Resident","Resident_Resident","R-R",3,0.015079,0.48514,0.499781,-0.461488522009987
"2061","5061_6122",0.00871195849503107,0.0135284592478347,0,"5061","6122","Male","Male","Male_Male","M-M",22,18,4,"Resident","Resident","Resident_Resident","R-R",1,0.623774,0.365798,0.010428,-0.461488522009987
"2062","5061_6123",0.00827850749480818,0.0125461265600585,0,"5061","6123","Male","Male","Male_Male","M-M",22,18,4,"Resident","Resident","Resident_Resident","R-R",1,0.616326,0.371709,0.011965,-0.461488522009987
"2063","5061_6133",0.0664341859138084,0.0516825292855909,2,"5061","6133","Male","Male","Male_Male","M-M",22,18,4,"Resident","Resident","Resident_Resident","R-R",2,0.0178579821420179,0.543192456807543,0.438949561050439,-0.461488522009987
"2064","5061_6138",0.00846520375284019,0.0128568238608357,0,"5061","6138","Male","Male","Male_Male","M-M",22,18,4,"Resident","Resident","Resident_Resident","R-R",1,0.608717,0.377561,0.013722,-0.461488522009987
"2065","5061_6139",0.0325507545656552,0.0350378202017758,1,"5061","6139","Male","Male","Male_Male","M-M",22,18,4,"Resident","Resident","Resident_Resident","R-R",2,0.15476,0.701092,0.144148,-0.461488522009987
"2066","5061_6201",0.0121697485982573,0.0220491920500746,0,"5061","6201","Male","Male","Male_Male","M-M",22,15,7,"Resident","Resident","Resident_Resident","R-R",1,0.499031,0.433362,0.067607,-0.0161964721666967
"2067","5061_6210",0.0451861769448369,0.0519913074685472,1,"5061","6210","Male","Male","Male_Male","M-M",22,17,5,"Resident","Resident","Resident_Resident","R-R",2,0.11569,0.620142,0.264168,-0.31305783872889
"2068","5061_6220",0.0122168219442957,0.0222624964242355,0,"5061","6220","Male","Male","Male_Male","M-M",22,17,5,"Resident","Resident","Resident_Resident","R-R",1,0.509928,0.430579,0.059493,-0.31305783872889
"2069","5061_6257",0.0116614812539819,0.0204402107964072,0,"5061","6257","Male","Male","Male_Male","M-M",22,17,5,"Resident","Resident","Resident_Resident","R-R",1,0.530542469457531,0.423551576448424,0.0459059540940459,-0.31305783872889
"2070","5061_76",0.00926454297874354,0.0148320794304357,0,"5061","76","Male","Male","Male_Male","M-M",22,44,22,"Resident","Resident","Resident_Resident","R-R",1,0.600934600934601,0.383335383335383,0.0157300157300157,2.21026377704976
"2071","5061_92",0.0066018041077473,0.00952235230707268,0,"5061","92","Male","Male","Male_Male","M-M",22,43,21,"Resident","Resident","Resident_Resident","R-R",1,0.715271,0.283253,0.001476,2.06183309376866
"2072","5068_5069",0.00843113714289329,0.0121200667025455,0,"5068","5069","Male","Male","Male_Male","M-M",22,23,1,"Resident","Resident","Resident_Resident","R-R",1,0.608717,0.377561,0.013722,-0.906780571853278
"2073","5068_5071",0.0777957963175435,0.0467095946479621,3,"5068","5071","Male","Male","Male_Male","M-M",22,22,0,"Resident","Resident","Resident_Resident","R-R",3,0.002521,0.423071,0.574408,-1.05521125513437
"2074","5068_5075",0.0738828020389359,0.0459500415487712,3,"5068","5075","Male","Male","Male_Male","M-M",22,23,1,"Resident","Resident","Resident_Resident","R-R",3,0.003043,0.482785,0.514172,-0.906780571853278
"2075","5068_5109",0.00640959560734458,0.00860254560815585,0,"5068","5109","Male","Male","Male_Male","M-M",22,23,1,"Resident","Resident","Resident_Resident","R-R",1,0.721067,0.277652,0.001281,-0.906780571853278
"2076","5068_5137",0.0114639731651714,0.0194109695507906,0,"5068","5137","Male","Male","Male_Male","M-M",22,23,1,"Resident","Resident","Resident_Resident","R-R",1,0.530542469457531,0.423551576448424,0.0459059540940459,-0.906780571853278
"2077","5068_5158",0.00633879797118552,0.00821339287730156,0,"5068","5158","Male","Male","Male_Male","M-M",22,23,1,"Resident","Resident","Resident_Resident","R-R",1,0.726777,0.272111,0.001112,-0.906780571853278
"2078","5068_5161",0.0272040137302834,0.02864974076446,1,"5068","5161","Male","Male","Male_Male","M-M",22,23,1,"Resident","Resident","Resident_Resident","R-R",2,0.191992,0.735062,0.072946,-0.906780571853278
"2079","5068_5165",0.006361617990087,0.00906894089363298,0,"5068","5165","Male","Male","Male_Male","M-M",22,23,1,"Resident","Resident","Resident_Resident","R-R",1,0.726777,0.272111,0.001112,-0.906780571853278
"2080","5068_5194",0.0225821722598369,0.0229044650785826,1,"5068","5194","Male","Male","Male_Male","M-M",22,22,0,"Resident","Resident","Resident_Resident","R-R",2,0.227755772244228,0.736945263054737,0.0352989647010353,-1.05521125513437
"2081","5068_6000",0.0125215609023275,0.0243564126170566,0,"5068","6000","Male","Male","Male_Male","M-M",22,20,2,"Resident","Transient","Resident_Transient","R-T",1,0.509928,0.430579,0.059493,-0.758349888572181
"2082","5068_6001",0.0123358163739648,0.0250784468706714,0,"5068","6001","Male","Male","Male_Male","M-M",22,20,2,"Resident","Transient","Resident_Transient","R-T",1,0.509928,0.430579,0.059493,-0.758349888572181
"2083","5068_6003",0.00797005655048296,0.0119648251697558,0,"5068","6003","Male","Male","Male_Male","M-M",22,20,2,"Resident","Resident","Resident_Resident","R-R",1,0.64525,0.34786,0.00689,-0.758349888572181
"2084","5068_6005",0.0136228427274162,0.0273467040424589,0,"5068","6005","Male","Male","Male_Male","M-M",22,20,2,"Resident","Transient","Resident_Transient","R-T",1,0.487705,0.435572,0.076723,-0.758349888572181
"2085","5068_6014",0.0128282621386489,0.0245125789117782,0,"5068","6014","Male","Male","Male_Male","M-M",22,20,2,"Resident","Transient","Resident_Transient","R-T",1,0.499031,0.433362,0.067607,-0.758349888572181
"2086","5068_6016",0.00769640766553291,0.0112513413958633,0,"5068","6016","Male","Male","Male_Male","M-M",22,20,2,"Resident","Resident","Resident_Resident","R-R",1,0.658926,0.335856,0.005218,-0.758349888572181
"2087","5068_6017",0.0309632159490403,0.0326514364089628,1,"5068","6017","Male","Male","Male_Male","M-M",22,20,2,"Resident","Resident","Resident_Resident","R-R",2,0.161107,0.709664,0.129229,-0.758349888572181
"2088","5068_606",0.0105109121039633,0.0175835916623134,0,"5068","606","Male","Male","Male_Male","M-M",22,36,14,"Resident","Resident","Resident_Resident","R-R",1,0.558915,0.410198,0.030887,1.02281831080098
"2089","5068_6102",0.00871891876486772,0.0133783739197135,0,"5068","6102","Male","Male","Male_Male","M-M",22,18,4,"Resident","Resident","Resident_Resident","R-R",1,0.608717,0.377561,0.013722,-0.461488522009987
"2090","5068_6105",0.0156852912582562,0.0145955561239628,1,"5068","6105","Male","Male","Male_Male","M-M",22,18,4,"Resident","Resident","Resident_Resident","R-R",2,0.343854,0.653031,0.003115,-0.461488522009987
"2091","5068_6110",0.048390716642543,0.0567911162740496,1,"5068","6110","Male","Male","Male_Male","M-M",22,18,4,"Resident","Transient","Resident_Transient","R-T",2,0.109119109119109,0.601553601553602,0.289327289327289,-0.461488522009987
"2092","5068_6112",0.0077738904348837,0.0111844645556782,0,"5068","6112","Male","Male","Male_Male","M-M",22,18,4,"Resident","Resident","Resident_Resident","R-R",1,0.64525,0.34786,0.00689,-0.461488522009987
"2093","5068_6122",0.00850472536662953,0.0132670025609909,0,"5068","6122","Male","Male","Male_Male","M-M",22,18,4,"Resident","Resident","Resident_Resident","R-R",1,0.616326,0.371709,0.011965,-0.461488522009987
"2094","5068_6123",0.00928219317493276,0.014589710167575,0,"5068","6123","Male","Male","Male_Male","M-M",22,18,4,"Resident","Resident","Resident_Resident","R-R",1,0.584797,0.394562,0.020641,-0.461488522009987
"2095","5068_6133",0.00904725406543207,0.0147609931775588,0,"5068","6133","Male","Male","Male_Male","M-M",22,18,4,"Resident","Resident","Resident_Resident","R-R",1,0.592966,0.38901,0.018024,-0.461488522009987
"2096","5068_6138",0.00925053255933683,0.0155286246469358,0,"5068","6138","Male","Male","Male_Male","M-M",22,18,4,"Resident","Resident","Resident_Resident","R-R",1,0.592966,0.38901,0.018024,-0.461488522009987
"2097","5068_6139",0.00969631070596614,0.0156903391797719,0,"5068","6139","Male","Male","Male_Male","M-M",22,18,4,"Resident","Resident","Resident_Resident","R-R",1,0.576411,0.399965,0.023624,-0.461488522009987
"2098","5068_6201",0.00664470229418479,0.00914907451365941,0,"5068","6201","Male","Male","Male_Male","M-M",22,15,7,"Resident","Resident","Resident_Resident","R-R",1,0.709388,0.288913,0.001699,-0.0161964721666967
"2099","5068_6210",0.00909009005750536,0.0142298246324267,0,"5068","6210","Male","Male","Male_Male","M-M",22,17,5,"Resident","Resident","Resident_Resident","R-R",1,0.608717,0.377561,0.013722,-0.31305783872889
"2100","5068_6220",0.00985052408450058,0.0160213679616698,0,"5068","6220","Male","Male","Male_Male","M-M",22,17,5,"Resident","Resident","Resident_Resident","R-R",1,0.558915,0.410198,0.030887,-0.31305783872889
"2101","5068_6235",0.00862643987558072,0.0138255638395455,0,"5068","6235","Male","Male","Male_Male","M-M",22,14,8,"Resident","Resident","Resident_Resident","R-R",1,0.623774,0.365798,0.010428,0.1322342111144
"2102","5068_6257",0.0112400394749744,0.0199736687901669,0,"5068","6257","Male","Male","Male_Male","M-M",22,17,5,"Resident","Resident","Resident_Resident","R-R",1,0.54031454031454,0.419424419424419,0.0402610402610403,-0.31305783872889
"2103","5068_6421",0.00828011748069782,0.0123445957099234,0,"5068","6421","Male","Male","Male_Male","M-M",22,14,8,"Resident","Resident","Resident_Resident","R-R",1,0.616326,0.371709,0.011965,0.1322342111144
"2104","5068_6516",0.00825491612228164,0.0122765363388858,0,"5068","6516","Male","Male","Male_Male","M-M",22,12,10,"Resident","Resident","Resident_Resident","R-R",1,0.631071,0.359843,0.009086,0.429095577676594
"2105","5068_6527",0.00907194990216363,0.0141325733198796,0,"5068","6527","Male","Male","Male_Male","M-M",22,10,12,"Resident","Resident","Resident_Resident","R-R",1,0.584797,0.394562,0.020641,0.725956944238787
"2106","5068_6534",0.0123727176138099,0.0221738628567347,0,"5068","6534","Male","Male","Male_Male","M-M",22,12,10,"Resident","Transient","Resident_Transient","R-T",1,0.509928,0.430579,0.059493,0.429095577676594
"2107","5068_6535",0.0111364213372887,0.0210869428520492,0,"5068","6535","Male","Male","Male_Male","M-M",22,10,12,"Resident","Resident","Resident_Resident","R-R",1,0.530542469457531,0.423551576448424,0.0459059540940459,0.725956944238787
"2108","5068_6612",0.00891020231675047,0.0139074088330986,0,"5068","6612","Male","Male","Male_Male","M-M",22,10,12,"Resident","Resident","Resident_Resident","R-R",1,0.592966,0.38901,0.018024,0.725956944238787
"2109","5068_6631",0.0114741408529039,0.0200600304198532,0,"5068","6631","Male","Male","Male_Male","M-M",22,10,12,"Resident","Transient","Resident_Transient","R-T",1,0.520422,0.427289,0.052289,0.725956944238787
"2110","5068_6714",0.00876889150538643,0.0135208214818313,0,"5068","6714","Male","Male","Male_Male","M-M",22,9,13,"Resident","Unknown","Resident_Unknown","R-U",1,0.600934600934601,0.383335383335383,0.0157300157300157,0.874387627519884
"2111","5068_6722",0.0122773315830571,0.0220623316972751,0,"5068","6722","Male","Male","Male_Male","M-M",22,9,13,"Resident","Unknown","Resident_Unknown","R-U",1,0.509928,0.430579,0.059493,0.874387627519884
"2112","5068_76",0.00874646065071565,0.0131388040974025,0,"5068","76","Male","Male","Male_Male","M-M",22,44,22,"Resident","Resident","Resident_Resident","R-R",1,0.600934600934601,0.383335383335383,0.0157300157300157,2.21026377704976
"2113","5068_92",0.00724375883622392,0.0103106838410849,0,"5068","92","Male","Male","Male_Male","M-M",22,43,21,"Resident","Resident","Resident_Resident","R-R",1,0.684944684944685,0.312072312072312,0.00298300298300298,2.06183309376866
"2114","5069_5071",0.0672537799067404,0.0529603250656601,2,"5069","5071","Male","Male","Male_Male","M-M",23,22,1,"Resident","Resident","Resident_Resident","R-R",2,0.0178579821420179,0.543192456807543,0.438949561050439,-0.906780571853278
"2115","5069_5075",0.00652084491214347,0.00918372192153073,0,"5069","5075","Male","Male","Male_Male","M-M",23,23,0,"Resident","Resident","Resident_Resident","R-R",1,0.715271,0.283253,0.001476,-1.05521125513437
"2116","5069_5109",0.00834548489235698,0.0130354600087928,0,"5069","5109","Male","Male","Male_Male","M-M",23,23,0,"Resident","Resident","Resident_Resident","R-R",1,0.623774,0.365798,0.010428,-1.05521125513437
"2117","5069_5137",0.00870842743951979,0.0135510565061598,0,"5069","5137","Male","Male","Male_Male","M-M",23,23,0,"Resident","Resident","Resident_Resident","R-R",1,0.623774,0.365798,0.010428,-1.05521125513437
"2118","5069_5158",0.00749487028412668,0.0107341245820411,0,"5069","5158","Male","Male","Male_Male","M-M",23,23,0,"Resident","Resident","Resident_Resident","R-R",1,0.684944684944685,0.312072312072312,0.00298300298300298,-1.05521125513437
"2119","5069_5161",0.00760741818495637,0.0114573879219036,0,"5069","5161","Male","Male","Male_Male","M-M",23,23,0,"Resident","Resident","Resident_Resident","R-R",1,0.658926,0.335856,0.005218,-1.05521125513437
"2120","5069_5165",0.00789263924019103,0.0114509441093761,0,"5069","5165","Male","Male","Male_Male","M-M",23,23,0,"Resident","Resident","Resident_Resident","R-R",1,0.631071,0.359843,0.009086,-1.05521125513437
"2121","5069_5194",0.0104700698176653,0.018088966037058,0,"5069","5194","Male","Male","Male_Male","M-M",23,22,1,"Resident","Resident","Resident_Resident","R-R",1,0.56779,0.405188,0.027022,-0.906780571853278
"2122","5069_606",0.00767205010001476,0.0108787634083507,0,"5069","606","Male","Male","Male_Male","M-M",23,36,13,"Resident","Resident","Resident_Resident","R-R",1,0.658926,0.335856,0.005218,0.874387627519884
"2123","5069_76",0.0223667771131642,0.0224948943519796,1,"5069","76","Male","Male","Male_Male","M-M",23,44,21,"Resident","Resident","Resident_Resident","R-R",2,0.227755772244228,0.736945263054737,0.0352989647010353,2.06183309376866
"2124","5069_92",0.00800110261307584,0.011579333866466,0,"5069","92","Male","Male","Male_Male","M-M",23,43,20,"Resident","Resident","Resident_Resident","R-R",1,0.638227638227638,0.353859353859354,0.00791300791300791,1.91340241048756
"2125","5071_5075",0.104326074937344,0.0541143848061294,4,"5071","5075","Male","Male","Male_Male","M-M",22,23,1,"Resident","Resident","Resident_Resident","R-R",3,0.00014,0.157801,0.842059,-0.906780571853278
"2126","5071_5109",0.00815681188233084,0.0122283860888095,0,"5071","5109","Male","Male","Male_Male","M-M",22,23,1,"Resident","Resident","Resident_Resident","R-R",1,0.638227638227638,0.353859353859354,0.00791300791300791,-0.906780571853278
"2127","5071_5137",0.0100546130566218,0.0170152849542708,0,"5071","5137","Male","Male","Male_Male","M-M",22,23,1,"Resident","Resident","Resident_Resident","R-R",1,0.558915,0.410198,0.030887,-0.906780571853278
"2128","5071_5158",0.15279213224636,0.0683986321397464,5,"5071","5158","Male","Male","Male_Male","M-M",22,23,1,"Resident","Resident","Resident_Resident","R-R",3,3e-06,0.025326,0.974671,-0.906780571853278
"2129","5071_5161",0.00776878287124334,0.0112684021119744,0,"5071","5161","Male","Male","Male_Male","M-M",22,23,1,"Resident","Resident","Resident_Resident","R-R",1,0.638227638227638,0.353859353859354,0.00791300791300791,-0.906780571853278
"2130","5071_5165",0.00615958356057879,0.00809408269071904,0,"5071","5165","Male","Male","Male_Male","M-M",22,23,1,"Resident","Resident","Resident_Resident","R-R",1,0.743398743398743,0.255875255875256,0.000726000726000726,-0.906780571853278
"2131","5071_5194",0.0575175989417383,0.0446835456727542,2,"5071","5194","Male","Male","Male_Male","M-M",22,22,0,"Resident","Resident","Resident_Resident","R-R",2,0.023975,0.651887,0.324138,-1.05521125513437
"2132","5071_6000",0.012560087105076,0.0228240217154062,0,"5071","6000","Male","Male","Male_Male","M-M",22,20,2,"Resident","Transient","Resident_Transient","R-T",1,0.509928,0.430579,0.059493,-0.758349888572181
"2133","5071_6001",0.0118065473750453,0.0206506613853627,0,"5071","6001","Male","Male","Male_Male","M-M",22,20,2,"Resident","Transient","Resident_Transient","R-T",1,0.509928,0.430579,0.059493,-0.758349888572181
"2134","5071_6003",0.00810452331872999,0.0126779932435793,0,"5071","6003","Male","Male","Male_Male","M-M",22,20,2,"Resident","Resident","Resident_Resident","R-R",1,0.638227638227638,0.353859353859354,0.00791300791300791,-0.758349888572181
"2135","5071_6005",0.0135953260594591,0.0254048436661954,0,"5071","6005","Male","Male","Male_Male","M-M",22,20,2,"Resident","Transient","Resident_Transient","R-T",1,0.487705,0.435572,0.076723,-0.758349888572181
"2136","5071_6014",0.0131431824422428,0.0259491770144771,0,"5071","6014","Male","Male","Male_Male","M-M",22,20,2,"Resident","Transient","Resident_Transient","R-T",1,0.499031,0.433362,0.067607,-0.758349888572181
"2137","5071_6016",0.00768711325278735,0.0110453065478973,0,"5071","6016","Male","Male","Male_Male","M-M",22,20,2,"Resident","Resident","Resident_Resident","R-R",1,0.658926,0.335856,0.005218,-0.758349888572181
"2138","5071_6017",0.00857793779159692,0.0124992049161308,0,"5071","6017","Male","Male","Male_Male","M-M",22,20,2,"Resident","Resident","Resident_Resident","R-R",1,0.616326,0.371709,0.011965,-0.758349888572181
"2139","5071_606",0.00963612657381697,0.0162968491947642,0,"5071","606","Male","Male","Male_Male","M-M",22,36,14,"Resident","Resident","Resident_Resident","R-R",1,0.584797,0.394562,0.020641,1.02281831080098
"2140","5071_6102",0.0105217254537929,0.018790072836578,0,"5071","6102","Male","Male","Male_Male","M-M",22,18,4,"Resident","Resident","Resident_Resident","R-R",1,0.56779,0.405188,0.027022,-0.461488522009987
"2141","5071_6105",0.0638206750851275,0.0495112654260677,2,"5071","6105","Male","Male","Male_Male","M-M",22,18,4,"Resident","Resident","Resident_Resident","R-R",2,0.019326,0.571586,0.409088,-0.461488522009987
"2142","5071_6110",0.01372252955821,0.0289285094423047,0,"5071","6110","Male","Male","Male_Male","M-M",22,18,4,"Resident","Transient","Resident_Transient","R-T",1,0.499031,0.433362,0.067607,-0.461488522009987
"2143","5071_6112",0.103111154755323,0.0835095570202032,2,"5071","6112","Male","Male","Male_Male","M-M",22,18,4,"Resident","Resident","Resident_Resident","R-R",3,0.00926,0.342775,0.647965,-0.461488522009987
"2144","5071_6122",0.00976857183872384,0.0160813932928613,0,"5071","6122","Male","Male","Male_Male","M-M",22,18,4,"Resident","Resident","Resident_Resident","R-R",1,0.584797,0.394562,0.020641,-0.461488522009987
"2145","5071_6123",0.00960858671624087,0.0162772634686269,0,"5071","6123","Male","Male","Male_Male","M-M",22,18,4,"Resident","Resident","Resident_Resident","R-R",1,0.576411,0.399965,0.023624,-0.461488522009987
"2146","5071_6133",0.0400455576285723,0.0455977287246639,1,"5071","6133","Male","Male","Male_Male","M-M",22,18,4,"Resident","Resident","Resident_Resident","R-R",2,0.128842,0.65297,0.218188,-0.461488522009987
"2147","5071_6138",0.00989593819888175,0.0174541162727506,0,"5071","6138","Male","Male","Male_Male","M-M",22,18,4,"Resident","Resident","Resident_Resident","R-R",1,0.56779,0.405188,0.027022,-0.461488522009987
"2148","5071_6139",0.0098760916641703,0.0164140857883001,0,"5071","6139","Male","Male","Male_Male","M-M",22,18,4,"Resident","Resident","Resident_Resident","R-R",1,0.56779,0.405188,0.027022,-0.461488522009987
"2149","5071_6201",0.0115090650098744,0.020621439394143,0,"5071","6201","Male","Male","Male_Male","M-M",22,15,7,"Resident","Resident","Resident_Resident","R-R",1,0.54031454031454,0.419424419424419,0.0402610402610403,-0.0161964721666967
"2150","5071_6210",0.0358217343224476,0.0397889605387668,1,"5071","6210","Male","Male","Male_Male","M-M",22,17,5,"Resident","Resident","Resident_Resident","R-R",2,0.141895,0.679897,0.178208,-0.31305783872889
"2151","5071_6220",0.0106677862991887,0.0184145931628119,0,"5071","6220","Male","Male","Male_Male","M-M",22,17,5,"Resident","Resident","Resident_Resident","R-R",1,0.54976345023655,0.414957585042415,0.0352789647210353,-0.31305783872889
"2152","5071_6257",0.0958835664984903,0.076623021053326,2,"5071","6257","Male","Male","Male_Male","M-M",22,17,5,"Resident","Resident","Resident_Resident","R-R",3,0.010283,0.370093,0.619624,-0.31305783872889
"2153","5071_76",0.00826361297764295,0.0123532566326845,0,"5071","76","Male","Male","Male_Male","M-M",22,44,22,"Resident","Resident","Resident_Resident","R-R",1,0.623774,0.365798,0.010428,2.21026377704976
"2154","5071_92",0.00666464944247645,0.00885237641747257,0,"5071","92","Male","Male","Male_Male","M-M",22,43,21,"Resident","Resident","Resident_Resident","R-R",1,0.691195308804691,0.306211693788306,0.00259299740700259,2.06183309376866
"2155","5075_5109",0.00761805435634255,0.0123420428197221,0,"5075","5109","Male","Male","Male_Male","M-M",23,23,0,"Resident","Resident","Resident_Resident","R-R",1,0.684944684944685,0.312072312072312,0.00298300298300298,-1.05521125513437
"2156","5075_5137",0.0083342069054334,0.0129524304297221,0,"5075","5137","Male","Male","Male_Male","M-M",23,23,0,"Resident","Resident","Resident_Resident","R-R",1,0.623774,0.365798,0.010428,-1.05521125513437
"2157","5075_5158",0.179967736355395,0.0653142030388273,7,"5075","5158","Male","Male","Male_Male","M-M",23,23,0,"Resident","Resident","Resident_Resident","R-R",3,9.99999000001e-07,0.00241499758500241,0.997584002415998,-1.05521125513437
"2158","5075_5161",0.0783588783739049,0.0486252808397055,3,"5075","5161","Male","Male","Male_Male","M-M",23,23,0,"Resident","Resident","Resident_Resident","R-R",3,0.002521,0.423071,0.574408,-1.05521125513437
"2159","5075_5165",0.0185218160757349,0.017859115264811,1,"5075","5165","Male","Male","Male_Male","M-M",23,23,0,"Resident","Resident","Resident_Resident","R-R",2,0.287424287424287,0.702581702581703,0.00999400999400999,-1.05521125513437
"2160","5075_5194",0.0522652159128749,0.0409389128841101,2,"5075","5194","Male","Male","Male_Male","M-M",23,22,1,"Resident","Resident","Resident_Resident","R-R",2,0.027223,0.699821,0.272956,-0.906780571853278
"2161","5075_6000",0.0131330610743051,0.0249127792210032,0,"5075","6000","Male","Male","Male_Male","M-M",23,20,3,"Resident","Transient","Resident_Transient","R-T",1,0.509928,0.430579,0.059493,-0.609919205291084
"2162","5075_6001",0.0120297790292171,0.0214026360658472,0,"5075","6001","Male","Male","Male_Male","M-M",23,20,3,"Resident","Transient","Resident_Transient","R-T",1,0.509928,0.430579,0.059493,-0.609919205291084
"2163","5075_6003",0.00823526895127144,0.012487974060661,0,"5075","6003","Male","Male","Male_Male","M-M",23,20,3,"Resident","Resident","Resident_Resident","R-R",1,0.631071,0.359843,0.009086,-0.609919205291084
"2164","5075_6005",0.0140868067679261,0.028445563967833,0,"5075","6005","Male","Male","Male_Male","M-M",23,20,3,"Resident","Transient","Resident_Transient","R-T",1,0.487705,0.435572,0.076723,-0.609919205291084
"2165","5075_6014",0.0124778091609914,0.022834010912288,0,"5075","6014","Male","Male","Male_Male","M-M",23,20,3,"Resident","Transient","Resident_Transient","R-T",1,0.499031,0.433362,0.067607,-0.609919205291084
"2166","5075_6016",0.00848921582175888,0.0124828515553565,0,"5075","6016","Male","Male","Male_Male","M-M",23,20,3,"Resident","Resident","Resident_Resident","R-R",1,0.616326,0.371709,0.011965,-0.609919205291084
"2167","5075_6017",0.00918159911284435,0.0148841001833781,0,"5075","6017","Male","Male","Male_Male","M-M",23,20,3,"Resident","Resident","Resident_Resident","R-R",1,0.592966,0.38901,0.018024,-0.609919205291084
"2168","5075_606",0.00739709599789924,0.0108284865156525,0,"5075","606","Male","Male","Male_Male","M-M",23,36,13,"Resident","Resident","Resident_Resident","R-R",1,0.678595,0.317973,0.003432,0.874387627519884
"2169","5075_6102",0.0102655663672788,0.0173297000745,0,"5075","6102","Male","Male","Male_Male","M-M",23,18,5,"Resident","Resident","Resident_Resident","R-R",1,0.558915,0.410198,0.030887,-0.31305783872889
"2170","5075_6105",0.119796404278199,0.074415778493142,3,"5075","6105","Male","Male","Male_Male","M-M",23,18,5,"Resident","Resident","Resident_Resident","R-R",3,0.000807000807000807,0.179337179337179,0.81985581985582,-0.31305783872889
"2171","5075_6110",0.0135384824891946,0.0265078349457145,0,"5075","6110","Male","Male","Male_Male","M-M",23,18,5,"Resident","Transient","Resident_Transient","R-T",1,0.487705,0.435572,0.076723,-0.31305783872889
"2172","5075_6112",0.0413959358201006,0.0469699779397861,1,"5075","6112","Male","Male","Male_Male","M-M",23,18,5,"Resident","Resident","Resident_Resident","R-R",2,0.122271,0.637292,0.240437,-0.31305783872889
"2173","5075_6122",0.00996157285623436,0.0154390101883268,0,"5075","6122","Male","Male","Male_Male","M-M",23,18,5,"Resident","Resident","Resident_Resident","R-R",1,0.576411,0.399965,0.023624,-0.31305783872889
"2174","5075_6123",0.0103132418784118,0.0168487247358243,0,"5075","6123","Male","Male","Male_Male","M-M",23,18,5,"Resident","Resident","Resident_Resident","R-R",1,0.56779,0.405188,0.027022,-0.31305783872889
"2175","5075_6133",0.0366519302719864,0.0397384492632453,1,"5075","6133","Male","Male","Male_Male","M-M",23,18,5,"Resident","Resident","Resident_Resident","R-R",2,0.135388,0.667167,0.197445,-0.31305783872889
"2176","5075_6138",0.0101833078763504,0.0174227498254134,0,"5075","6138","Male","Male","Male_Male","M-M",23,18,5,"Resident","Resident","Resident_Resident","R-R",1,0.558915,0.410198,0.030887,-0.31305783872889
"2177","5075_6139",0.0106253327837977,0.0181436241713796,0,"5075","6139","Male","Male","Male_Male","M-M",23,18,5,"Resident","Resident","Resident_Resident","R-R",1,0.558915,0.410198,0.030887,-0.31305783872889
"2178","5075_6201",0.0115466651527655,0.021328822009213,0,"5075","6201","Male","Male","Male_Male","M-M",23,15,8,"Resident","Resident","Resident_Resident","R-R",1,0.54031454031454,0.419424419424419,0.0402610402610403,0.1322342111144
"2179","5075_6210",0.0356800307965149,0.0376288758456644,1,"5075","6210","Male","Male","Male_Male","M-M",23,17,6,"Resident","Resident","Resident_Resident","R-R",2,0.141895,0.679897,0.178208,-0.164627155447794
"2180","5075_6220",0.0103989521054589,0.0179185432699236,0,"5075","6220","Male","Male","Male_Male","M-M",23,17,6,"Resident","Resident","Resident_Resident","R-R",1,0.54976345023655,0.414957585042415,0.0352789647210353,-0.164627155447794
"2181","5075_6257",0.0104104727059303,0.0185730875128202,0,"5075","6257","Male","Male","Male_Male","M-M",23,17,6,"Resident","Resident","Resident_Resident","R-R",1,0.56779,0.405188,0.027022,-0.164627155447794
"2182","5075_76",0.00704174410823261,0.0097363702400183,0,"5075","76","Male","Male","Male_Male","M-M",23,44,21,"Resident","Resident","Resident_Resident","R-R",1,0.691195308804691,0.306211693788306,0.00259299740700259,2.06183309376866
"2183","5075_92",0.00622274901304607,0.00858023714323426,0,"5075","92","Male","Male","Male_Male","M-M",23,43,20,"Resident","Resident","Resident_Resident","R-R",1,0.737941737941738,0.261221261221261,0.000837000837000837,1.91340241048756
"2184","509_549",0.00918267785071765,0.0146523137692842,0,"509","549","Male","Male","Male_Male","M-M",43,43,0,"Resident","Resident","Resident_Resident","R-R",1,0.608717,0.377561,0.013722,-1.05521125513437
"2185","509_558",0.0556315917739633,0.0665728211101288,1,"509","558","Male","Male","Male_Male","M-M",43,43,0,"Resident","Resident","Resident_Resident","R-R",2,0.096098,0.560333,0.343569,-1.05521125513437
"2186","509_562",0.0693219615440718,0.0867326361086609,1,"509","562","Male","Male","Male_Male","M-M",43,43,0,"Resident","Transient","Resident_Transient","R-T",2,0.083417,0.514454,0.402129,-1.05521125513437
"2187","509_606",0.0114645015099308,0.0213756111265583,0,"509","606","Male","Male","Male_Male","M-M",43,36,7,"Resident","Resident","Resident_Resident","R-R",1,0.509928,0.430579,0.059493,-0.0161964721666967
"2188","509_74",0.0113652789052894,0.0194121842574964,0,"509","74","Male","Male","Male_Male","M-M",43,43,0,"Resident","Resident","Resident_Resident","R-R",1,0.530542469457531,0.423551576448424,0.0459059540940459,-1.05521125513437
"2189","509_76",0.00914870680211961,0.0141953171011113,0,"509","76","Male","Male","Male_Male","M-M",43,44,1,"Resident","Resident","Resident_Resident","R-R",1,0.592966,0.38901,0.018024,-0.906780571853278
"2190","509_804",0.0108032855045926,0.018826364161912,0,"509","804","Male","Male","Male_Male","M-M",43,39,4,"Resident","Resident","Resident_Resident","R-R",1,0.558915,0.410198,0.030887,-0.461488522009987
"2191","509_824",0.0112083240764036,0.0197064985200802,0,"509","824","Male","Male","Male_Male","M-M",43,39,4,"Resident","Resident","Resident_Resident","R-R",1,0.54031454031454,0.419424419424419,0.0402610402610403,-0.461488522009987
"2192","509_92",0.00920065135825321,0.0144029804539934,0,"509","92","Male","Male","Male_Male","M-M",43,43,0,"Resident","Resident","Resident_Resident","R-R",1,0.584797,0.394562,0.020641,-1.05521125513437
"2193","509_9907",0.0094969566624998,0.0156181583226163,0,"509","9907","Male","Male","Male_Male","M-M",43,37,6,"Resident","Transient","Resident_Transient","R-T",1,0.558915,0.410198,0.030887,-0.164627155447794
"2194","509_9911",0.00914044380350816,0.0140907031325112,0,"509","9911","Male","Male","Male_Male","M-M",43,37,6,"Resident","Resident","Resident_Resident","R-R",1,0.600934600934601,0.383335383335383,0.0157300157300157,-0.164627155447794
"2195","5109_5137",0.0132418693366326,0.0257555894322456,0,"5109","5137","Male","Male","Male_Male","M-M",23,23,0,"Resident","Resident","Resident_Resident","R-R",1,0.499031,0.433362,0.067607,-1.05521125513437
"2196","5109_5158",0.00613923864133544,0.00833334465802044,0,"5109","5158","Male","Male","Male_Male","M-M",23,23,0,"Resident","Resident","Resident_Resident","R-R",1,0.748772,0.250598,0.00063,-1.05521125513437
"2197","5109_5161",0.00721087573767472,0.0104904469822439,0,"5109","5161","Male","Male","Male_Male","M-M",23,23,0,"Resident","Resident","Resident_Resident","R-R",1,0.672145,0.323908,0.003947,-1.05521125513437
"2198","5109_5165",0.00707799909782005,0.0101221336274092,0,"5109","5165","Male","Male","Male_Male","M-M",23,23,0,"Resident","Resident","Resident_Resident","R-R",1,0.684944684944685,0.312072312072312,0.00298300298300298,-1.05521125513437
"2199","5109_5194",0.0250268841193887,0.0259644499034208,1,"5109","5194","Male","Male","Male_Male","M-M",23,22,1,"Resident","Resident","Resident_Resident","R-R",2,0.204016,0.738496,0.057488,-0.906780571853278
"2200","5109_6000",0.0118309728954936,0.0227731892482218,0,"5109","6000","Male","Male","Male_Male","M-M",23,20,3,"Resident","Transient","Resident_Transient","R-T",1,0.509928,0.430579,0.059493,-0.609919205291084
"2201","5109_6001",0.0120249838466365,0.0226788305971988,0,"5109","6001","Male","Male","Male_Male","M-M",23,20,3,"Resident","Transient","Resident_Transient","R-T",1,0.509928,0.430579,0.059493,-0.609919205291084
"2202","5109_6003",0.00854519767649286,0.0134807966028482,0,"5109","6003","Male","Male","Male_Male","M-M",23,20,3,"Resident","Resident","Resident_Resident","R-R",1,0.616326,0.371709,0.011965,-0.609919205291084
"2203","5109_6005",0.01394733175506,0.0260106933328198,0,"5109","6005","Male","Male","Male_Male","M-M",23,20,3,"Resident","Transient","Resident_Transient","R-T",1,0.487705,0.435572,0.076723,-0.609919205291084
"2204","5109_6014",0.0132285285739928,0.0267326481664298,0,"5109","6014","Male","Male","Male_Male","M-M",23,20,3,"Resident","Transient","Resident_Transient","R-T",1,0.499031,0.433362,0.067607,-0.609919205291084
"2205","5109_6016",0.00815374244731159,0.0121283773396117,0,"5109","6016","Male","Male","Male_Male","M-M",23,20,3,"Resident","Resident","Resident_Resident","R-R",1,0.631071,0.359843,0.009086,-0.609919205291084
"2206","5109_6017",0.00946788822421965,0.0147266953897683,0,"5109","6017","Male","Male","Male_Male","M-M",23,20,3,"Resident","Resident","Resident_Resident","R-R",1,0.584797,0.394562,0.020641,-0.609919205291084
"2207","5109_606",0.00932241713214257,0.0153692526007598,0,"5109","606","Male","Male","Male_Male","M-M",23,36,13,"Resident","Resident","Resident_Resident","R-R",1,0.576411,0.399965,0.023624,0.874387627519884
"2208","5109_6102",0.0315235528269808,0.0334636062422057,1,"5109","6102","Male","Male","Male_Male","M-M",23,18,5,"Resident","Resident","Resident_Resident","R-R",2,0.161107,0.709664,0.129229,-0.31305783872889
"2209","5109_6105",0.0053032970604999,0.00689366359229735,0,"5109","6105","Male","Male","Male_Male","M-M",23,18,5,"Resident","Resident","Resident_Resident","R-R",1,0.811324,0.188578,9.8e-05,-0.31305783872889
"2210","5109_6110",0.0122900403383175,0.0221868969055193,0,"5109","6110","Male","Male","Male_Male","M-M",23,18,5,"Resident","Transient","Resident_Transient","R-T",1,0.520422,0.427289,0.052289,-0.31305783872889
"2211","5109_6112",0.0070400553570496,0.00962162722368656,0,"5109","6112","Male","Male","Male_Male","M-M",23,18,5,"Resident","Resident","Resident_Resident","R-R",1,0.672145,0.323908,0.003947,-0.31305783872889
"2212","5109_6122",0.008711003254685,0.0133719132822311,0,"5109","6122","Male","Male","Male_Male","M-M",23,18,5,"Resident","Resident","Resident_Resident","R-R",1,0.623774,0.365798,0.010428,-0.31305783872889
"2213","5109_6123",0.0103260750451811,0.0188567694085715,0,"5109","6123","Male","Male","Male_Male","M-M",23,18,5,"Resident","Resident","Resident_Resident","R-R",1,0.54976345023655,0.414957585042415,0.0352789647210353,-0.31305783872889
"2214","5109_6133",0.0108236337698558,0.0194639576777342,0,"5109","6133","Male","Male","Male_Male","M-M",23,18,5,"Resident","Resident","Resident_Resident","R-R",1,0.558915,0.410198,0.030887,-0.31305783872889
"2215","5109_6138",0.00926930515573991,0.0160359310018648,0,"5109","6138","Male","Male","Male_Male","M-M",23,18,5,"Resident","Resident","Resident_Resident","R-R",1,0.600934600934601,0.383335383335383,0.0157300157300157,-0.31305783872889
"2216","5109_6139",0.0110925262743052,0.0200158501600029,0,"5109","6139","Male","Male","Male_Male","M-M",23,18,5,"Resident","Resident","Resident_Resident","R-R",1,0.54031454031454,0.419424419424419,0.0402610402610403,-0.31305783872889
"2217","5109_6201",0.0063382986319926,0.0087049808713931,0,"5109","6201","Male","Male","Male_Male","M-M",23,15,8,"Resident","Resident","Resident_Resident","R-R",1,0.748772,0.250598,0.00063,0.1322342111144
"2218","5109_6210",0.0266597848479788,0.0273777922657174,1,"5109","6210","Male","Male","Male_Male","M-M",23,17,6,"Resident","Resident","Resident_Resident","R-R",2,0.185919,0.732056,0.082025,-0.164627155447794
"2219","5109_6220",0.00885607080479082,0.0142073816616124,0,"5109","6220","Male","Male","Male_Male","M-M",23,17,6,"Resident","Resident","Resident_Resident","R-R",1,0.600934600934601,0.383335383335383,0.0157300157300157,-0.164627155447794
"2220","5109_6235",0.00741273815461371,0.010903117750684,0,"5109","6235","Male","Male","Male_Male","M-M",23,14,9,"Resident","Resident","Resident_Resident","R-R",1,0.678595,0.317973,0.003432,0.280664894395497
"2221","5109_6257",0.0115355896975192,0.0203839083981704,0,"5109","6257","Male","Male","Male_Male","M-M",23,17,6,"Resident","Resident","Resident_Resident","R-R",1,0.530542469457531,0.423551576448424,0.0459059540940459,-0.164627155447794
"2222","5109_6421",0.00749059019173624,0.0106603617218548,0,"5109","6421","Male","Male","Male_Male","M-M",23,14,9,"Resident","Resident","Resident_Resident","R-R",1,0.672145,0.323908,0.003947,0.280664894395497
"2223","5109_6516",0.0235707964179894,0.0241017153491375,1,"5109","6516","Male","Male","Male_Male","M-M",23,12,11,"Resident","Resident","Resident_Resident","R-R",2,0.221843778156222,0.738231261768738,0.0399249600750399,0.577526260957691
"2224","5109_6527",0.00796980309389075,0.0120322675798783,0,"5109","6527","Male","Male","Male_Male","M-M",23,10,13,"Resident","Resident","Resident_Resident","R-R",1,0.64525,0.34786,0.00689,0.874387627519884
"2225","5109_6534",0.0101924148251836,0.017415949732157,0,"5109","6534","Male","Male","Male_Male","M-M",23,12,11,"Resident","Transient","Resident_Transient","R-T",1,0.558915,0.410198,0.030887,0.577526260957691
"2226","5109_6535",0.00900739056456069,0.0141485059474522,0,"5109","6535","Male","Male","Male_Male","M-M",23,10,13,"Resident","Resident","Resident_Resident","R-R",1,0.600934600934601,0.383335383335383,0.0157300157300157,0.874387627519884
"2227","5109_6612",0.00880023534916679,0.0137210472988755,0,"5109","6612","Male","Male","Male_Male","M-M",23,10,13,"Resident","Resident","Resident_Resident","R-R",1,0.616326,0.371709,0.011965,0.874387627519884
"2228","5109_6631",0.0107683309395533,0.0187407268418133,0,"5109","6631","Male","Male","Male_Male","M-M",23,10,13,"Resident","Transient","Resident_Transient","R-T",1,0.530542469457531,0.423551576448424,0.0459059540940459,0.874387627519884
"2229","5109_6714",0.00838352263665371,0.0133503537003524,0,"5109","6714","Male","Male","Male_Male","M-M",23,9,14,"Resident","Unknown","Resident_Unknown","R-U",1,0.616326,0.371709,0.011965,1.02281831080098
"2230","5109_6722",0.011602913964018,0.0203910730494886,0,"5109","6722","Male","Male","Male_Male","M-M",23,9,14,"Resident","Unknown","Resident_Unknown","R-U",1,0.530542469457531,0.423551576448424,0.0459059540940459,1.02281831080098
"2231","5109_76",0.0088913290938639,0.0143466816984741,0,"5109","76","Male","Male","Male_Male","M-M",23,44,21,"Resident","Resident","Resident_Resident","R-R",1,0.592966,0.38901,0.018024,2.06183309376866
"2232","5109_92",0.00822423953085229,0.0133214311608758,0,"5109","92","Male","Male","Male_Male","M-M",23,43,20,"Resident","Resident","Resident_Resident","R-R",1,0.631071,0.359843,0.009086,1.91340241048756
"2233","5137_5158",0.00910456123497771,0.0141946484057568,0,"5137","5158","Male","Male","Male_Male","M-M",23,23,0,"Resident","Resident","Resident_Resident","R-R",1,0.584797,0.394562,0.020641,-1.05521125513437
"2234","5137_5161",0.010404625780817,0.0165773690487319,0,"5137","5161","Male","Male","Male_Male","M-M",23,23,0,"Resident","Resident","Resident_Resident","R-R",1,0.54976345023655,0.414957585042415,0.0352789647210353,-1.05521125513437
"2235","5137_5165",0.0128111875902246,0.0233912155240176,0,"5137","5165","Male","Male","Male_Male","M-M",23,23,0,"Resident","Resident","Resident_Resident","R-R",1,0.509928,0.430579,0.059493,-1.05521125513437
"2236","5137_606",0.048054896934472,0.0553802792491869,1,"5137","606","Male","Male","Male_Male","M-M",23,36,13,"Resident","Resident","Resident_Resident","R-R",2,0.109119109119109,0.601553601553602,0.289327289327289,0.874387627519884
"2237","5137_76",0.0352018766052477,0.0384429018528013,1,"5137","76","Male","Male","Male_Male","M-M",23,44,21,"Resident","Resident","Resident_Resident","R-R",2,0.141895,0.679897,0.178208,2.06183309376866
"2238","5137_92",0.0127304978249627,0.0228500605045448,0,"5137","92","Male","Male","Male_Male","M-M",23,43,20,"Resident","Resident","Resident_Resident","R-R",1,0.520422,0.427289,0.052289,1.91340241048756
"2239","5158_5161",0.0780025029860421,0.0477953459109719,3,"5158","5161","Male","Male","Male_Male","M-M",23,23,0,"Resident","Resident","Resident_Resident","R-R",3,0.002521,0.423071,0.574408,-1.05521125513437
"2240","5158_5165",0.0060369484980645,0.00812376012950091,0,"5158","5165","Male","Male","Male_Male","M-M",23,23,0,"Resident","Resident","Resident_Resident","R-R",1,0.759274,0.240252,0.000474,-1.05521125513437
"2241","5158_5194",0.0228756363233902,0.0234813282748627,1,"5158","5194","Male","Male","Male_Male","M-M",23,22,1,"Resident","Resident","Resident_Resident","R-R",2,0.221843778156222,0.738231261768738,0.0399249600750399,-0.906780571853278
"2242","5158_6000",0.0126950721125524,0.0242434882945111,0,"5158","6000","Male","Male","Male_Male","M-M",23,20,3,"Resident","Transient","Resident_Transient","R-T",1,0.509928,0.430579,0.059493,-0.609919205291084
"2243","5158_6001",0.0125065223861359,0.0221247835049518,0,"5158","6001","Male","Male","Male_Male","M-M",23,20,3,"Resident","Transient","Resident_Transient","R-T",1,0.509928,0.430579,0.059493,-0.609919205291084
"2244","5158_6003",0.00806097241556461,0.0117980221121469,0,"5158","6003","Male","Male","Male_Male","M-M",23,20,3,"Resident","Resident","Resident_Resident","R-R",1,0.638227638227638,0.353859353859354,0.00791300791300791,-0.609919205291084
"2245","5158_6005",0.0140887817577871,0.0285364838933444,0,"5158","6005","Male","Male","Male_Male","M-M",23,20,3,"Resident","Transient","Resident_Transient","R-T",1,0.487705,0.435572,0.076723,-0.609919205291084
"2246","5158_6014",0.0137335701247463,0.0256461760972167,0,"5158","6014","Male","Male","Male_Male","M-M",23,20,3,"Resident","Transient","Resident_Transient","R-T",1,0.499031,0.433362,0.067607,-0.609919205291084
"2247","5158_6016",0.00751709916255007,0.0106300797384182,0,"5158","6016","Male","Male","Male_Male","M-M",23,20,3,"Resident","Resident","Resident_Resident","R-R",1,0.658926,0.335856,0.005218,-0.609919205291084
"2248","5158_6017",0.0087615497014996,0.0133800889438578,0,"5158","6017","Male","Male","Male_Male","M-M",23,20,3,"Resident","Resident","Resident_Resident","R-R",1,0.616326,0.371709,0.011965,-0.609919205291084
"2249","5158_606",0.00790644687446529,0.011524735731174,0,"5158","606","Male","Male","Male_Male","M-M",23,36,13,"Resident","Resident","Resident_Resident","R-R",1,0.64525,0.34786,0.00689,0.874387627519884
"2250","5158_6102",0.00879901853714048,0.0141330346295524,0,"5158","6102","Male","Male","Male_Male","M-M",23,18,5,"Resident","Resident","Resident_Resident","R-R",1,0.592966,0.38901,0.018024,-0.31305783872889
"2251","5158_6105",0.0317291954474567,0.0234382882815922,2,"5158","6105","Male","Male","Male_Male","M-M",23,18,5,"Resident","Resident","Resident_Resident","R-R",2,0.063694,0.908621,0.027685,-0.31305783872889
"2252","5158_6110",0.0135866848353447,0.0252821597227466,0,"5158","6110","Male","Male","Male_Male","M-M",23,18,5,"Resident","Transient","Resident_Transient","R-T",1,0.499031,0.433362,0.067607,-0.31305783872889
"2253","5158_6112",0.175928908275763,0.0901103279352078,4,"5158","6112","Male","Male","Male_Male","M-M",23,18,5,"Resident","Resident","Resident_Resident","R-R",3,2.6999973000027e-05,0.0418299581700418,0.958143041856958,-0.31305783872889
"2254","5158_6122",0.0092047036964646,0.014425737495767,0,"5158","6122","Male","Male","Male_Male","M-M",23,18,5,"Resident","Resident","Resident_Resident","R-R",1,0.600934600934601,0.383335383335383,0.0157300157300157,-0.31305783872889
"2255","5158_6123",0.00972017264258941,0.0146654499870478,0,"5158","6123","Male","Male","Male_Male","M-M",23,18,5,"Resident","Resident","Resident_Resident","R-R",1,0.576411,0.399965,0.023624,-0.31305783872889
"2256","5158_6133",0.0372075817700891,0.0407048975320882,1,"5158","6133","Male","Male","Male_Male","M-M",23,18,5,"Resident","Resident","Resident_Resident","R-R",2,0.135388,0.667167,0.197445,-0.31305783872889
"2257","5158_6138",0.00968502801771766,0.0154421863627306,0,"5158","6138","Male","Male","Male_Male","M-M",23,18,5,"Resident","Resident","Resident_Resident","R-R",1,0.576411,0.399965,0.023624,-0.31305783872889
"2258","5158_6139",0.00962389491126541,0.0151302168358733,0,"5158","6139","Male","Male","Male_Male","M-M",23,18,5,"Resident","Resident","Resident_Resident","R-R",1,0.56779,0.405188,0.027022,-0.31305783872889
"2259","5158_6201",0.0197844455337859,0.0193889119987018,1,"5158","6201","Male","Male","Male_Male","M-M",23,15,8,"Resident","Resident","Resident_Resident","R-R",2,0.269295,0.716043,0.014662,0.1322342111144
"2260","5158_6210",0.0289355469393345,0.0315550801440436,1,"5158","6210","Male","Male","Male_Male","M-M",23,17,6,"Resident","Resident","Resident_Resident","R-R",2,0.173625,0.723088,0.103287,-0.164627155447794
"2261","5158_6220",0.00953648386797302,0.0157545422445131,0,"5158","6220","Male","Male","Male_Male","M-M",23,17,6,"Resident","Resident","Resident_Resident","R-R",1,0.584797,0.394562,0.020641,-0.164627155447794
"2262","5158_6235",0.00850492011135864,0.0128831325848747,0,"5158","6235","Male","Male","Male_Male","M-M",23,14,9,"Resident","Resident","Resident_Resident","R-R",1,0.616326,0.371709,0.011965,0.280664894395497
"2263","5158_6257",0.0377457144048302,0.0425977886076404,1,"5158","6257","Male","Male","Male_Male","M-M",23,17,6,"Resident","Resident","Resident_Resident","R-R",2,0.135388,0.667167,0.197445,-0.164627155447794
"2264","5158_6421",0.00877314765628213,0.0138014915108738,0,"5158","6421","Male","Male","Male_Male","M-M",23,14,9,"Resident","Resident","Resident_Resident","R-R",1,0.608717,0.377561,0.013722,0.280664894395497
"2265","5158_6516",0.00856216297843672,0.0130933235469239,0,"5158","6516","Male","Male","Male_Male","M-M",23,12,11,"Resident","Resident","Resident_Resident","R-R",1,0.631071,0.359843,0.009086,0.577526260957691
"2266","5158_6527",0.00890115589384814,0.0137050571682389,0,"5158","6527","Male","Male","Male_Male","M-M",23,10,13,"Resident","Resident","Resident_Resident","R-R",1,0.584797,0.394562,0.020641,0.874387627519884
"2267","5158_6534",0.0120353762719999,0.021959239860231,0,"5158","6534","Male","Male","Male_Male","M-M",23,12,11,"Resident","Transient","Resident_Transient","R-T",1,0.499031,0.433362,0.067607,0.577526260957691
"2268","5158_6535",0.0108138040904867,0.0191470184720447,0,"5158","6535","Male","Male","Male_Male","M-M",23,10,13,"Resident","Resident","Resident_Resident","R-R",1,0.530542469457531,0.423551576448424,0.0459059540940459,0.874387627519884
"2269","5158_6612",0.00911772832218924,0.016061929414856,0,"5158","6612","Male","Male","Male_Male","M-M",23,10,13,"Resident","Resident","Resident_Resident","R-R",1,0.600934600934601,0.383335383335383,0.0157300157300157,0.874387627519884
"2270","5158_6631",0.0120499308322723,0.0221584811258512,0,"5158","6631","Male","Male","Male_Male","M-M",23,10,13,"Resident","Transient","Resident_Transient","R-T",1,0.520422,0.427289,0.052289,0.874387627519884
"2271","5158_6714",0.0327848315004565,0.0357530232242742,1,"5158","6714","Male","Male","Male_Male","M-M",23,9,14,"Resident","Unknown","Resident_Unknown","R-U",2,0.15476,0.701092,0.144148,1.02281831080098
"2272","5158_6722",0.0120310118872865,0.0213563575673649,0,"5158","6722","Male","Male","Male_Male","M-M",23,9,14,"Resident","Unknown","Resident_Unknown","R-U",1,0.520422,0.427289,0.052289,1.02281831080098
"2273","5158_76",0.00779502359310257,0.0114633131746102,0,"5158","76","Male","Male","Male_Male","M-M",23,44,21,"Resident","Resident","Resident_Resident","R-R",1,0.658926,0.335856,0.005218,2.06183309376866
"2274","5158_92",0.00684285566591237,0.00976480231467204,0,"5158","92","Male","Male","Male_Male","M-M",23,43,20,"Resident","Resident","Resident_Resident","R-R",1,0.709388,0.288913,0.001699,1.91340241048756
"2275","5161_5165",0.00714302000582055,0.0108687598305361,0,"5161","5165","Male","Male","Male_Male","M-M",23,23,0,"Resident","Resident","Resident_Resident","R-R",1,0.697351302648697,0.3003956996043,0.00225299774700225,-1.05521125513437
"2276","5161_5194",0.00846500081156141,0.0129455405088556,0,"5161","5194","Male","Male","Male_Male","M-M",23,22,1,"Resident","Resident","Resident_Resident","R-R",1,0.616326,0.371709,0.011965,-0.906780571853278
"2277","5161_6000",0.0120572359825495,0.0227665719739401,0,"5161","6000","Male","Male","Male_Male","M-M",23,20,3,"Resident","Transient","Resident_Transient","R-T",1,0.509928,0.430579,0.059493,-0.609919205291084
"2278","5161_6001",0.0122451074515566,0.0238105862161777,0,"5161","6001","Male","Male","Male_Male","M-M",23,20,3,"Resident","Transient","Resident_Transient","R-T",1,0.509928,0.430579,0.059493,-0.609919205291084
"2279","5161_6003",0.00928528479058956,0.0141478654036324,0,"5161","6003","Male","Male","Male_Male","M-M",23,20,3,"Resident","Resident","Resident_Resident","R-R",1,0.584797,0.394562,0.020641,-0.609919205291084
"2280","5161_6005",0.0142686716203294,0.0293886869246675,0,"5161","6005","Male","Male","Male_Male","M-M",23,20,3,"Resident","Transient","Resident_Transient","R-T",1,0.487705,0.435572,0.076723,-0.609919205291084
"2281","5161_6014",0.0133225402289366,0.0271607492352429,0,"5161","6014","Male","Male","Male_Male","M-M",23,20,3,"Resident","Transient","Resident_Transient","R-T",1,0.499031,0.433362,0.067607,-0.609919205291084
"2282","5161_6016",0.00886921080159162,0.0137655845072542,0,"5161","6016","Male","Male","Male_Male","M-M",23,20,3,"Resident","Resident","Resident_Resident","R-R",1,0.608717,0.377561,0.013722,-0.609919205291084
"2283","5161_6017",0.0101804435232838,0.0173150372232231,0,"5161","6017","Male","Male","Male_Male","M-M",23,20,3,"Resident","Resident","Resident_Resident","R-R",1,0.558915,0.410198,0.030887,-0.609919205291084
"2284","5161_606",0.0086293550595812,0.0141972188159102,0,"5161","606","Male","Male","Male_Male","M-M",23,36,13,"Resident","Resident","Resident_Resident","R-R",1,0.616326,0.371709,0.011965,0.874387627519884
"2285","5161_6102",0.0117728482495397,0.0220590846831175,0,"5161","6102","Male","Male","Male_Male","M-M",23,18,5,"Resident","Resident","Resident_Resident","R-R",1,0.530542469457531,0.423551576448424,0.0459059540940459,-0.31305783872889
"2286","5161_6105",0.00649713780803648,0.0092772735147187,0,"5161","6105","Male","Male","Male_Male","M-M",23,18,5,"Resident","Resident","Resident_Resident","R-R",1,0.743398743398743,0.255875255875256,0.000726000726000726,-0.31305783872889
"2287","5161_6110",0.013474093029053,0.0260144053984133,0,"5161","6110","Male","Male","Male_Male","M-M",23,18,5,"Resident","Transient","Resident_Transient","R-T",1,0.487705,0.435572,0.076723,-0.31305783872889
"2288","5161_6112",0.0101779021723205,0.0171478040803332,0,"5161","6112","Male","Male","Male_Male","M-M",23,18,5,"Resident","Resident","Resident_Resident","R-R",1,0.56779,0.405188,0.027022,-0.31305783872889
"2289","5161_6122",0.0109386833514349,0.0186592102278967,0,"5161","6122","Male","Male","Male_Male","M-M",23,18,5,"Resident","Resident","Resident_Resident","R-R",1,0.54031454031454,0.419424419424419,0.0402610402610403,-0.31305783872889
"2290","5161_6123",0.0124473461235033,0.0237128735968204,0,"5161","6123","Male","Male","Male_Male","M-M",23,18,5,"Resident","Resident","Resident_Resident","R-R",1,0.509928,0.430579,0.059493,-0.31305783872889
"2291","5161_6133",0.0120936362794269,0.0224013483571138,0,"5161","6133","Male","Male","Male_Male","M-M",23,18,5,"Resident","Resident","Resident_Resident","R-R",1,0.530542469457531,0.423551576448424,0.0459059540940459,-0.31305783872889
"2292","5161_6138",0.0121593260671854,0.0222019595282105,0,"5161","6138","Male","Male","Male_Male","M-M",23,18,5,"Resident","Resident","Resident_Resident","R-R",1,0.509928,0.430579,0.059493,-0.31305783872889
"2293","5161_6139",0.0125754078028015,0.0245669884338483,0,"5161","6139","Male","Male","Male_Male","M-M",23,18,5,"Resident","Resident","Resident_Resident","R-R",1,0.499031,0.433362,0.067607,-0.31305783872889
"2294","5161_6201",0.00708307567195482,0.00971280150261472,0,"5161","6201","Male","Male","Male_Male","M-M",23,15,8,"Resident","Resident","Resident_Resident","R-R",1,0.684944684944685,0.312072312072312,0.00298300298300298,0.1322342111144
"2295","5161_6210",0.00928052637815916,0.0153016321956063,0,"5161","6210","Male","Male","Male_Male","M-M",23,17,6,"Resident","Resident","Resident_Resident","R-R",1,0.584797,0.394562,0.020641,-0.164627155447794
"2296","5161_6220",0.0113673711617886,0.0209660074695248,0,"5161","6220","Male","Male","Male_Male","M-M",23,17,6,"Resident","Resident","Resident_Resident","R-R",1,0.530542469457531,0.423551576448424,0.0459059540940459,-0.164627155447794
"2297","5161_6235",0.00958865733775649,0.0156867804300883,0,"5161","6235","Male","Male","Male_Male","M-M",23,14,9,"Resident","Resident","Resident_Resident","R-R",1,0.600934600934601,0.383335383335383,0.0157300157300157,0.280664894395497
"2298","5161_6257",0.0116023907011156,0.0211344813451504,0,"5161","6257","Male","Male","Male_Male","M-M",23,17,6,"Resident","Resident","Resident_Resident","R-R",1,0.530542469457531,0.423551576448424,0.0459059540940459,-0.164627155447794
"2299","5161_6421",0.00887440829650151,0.0138149904037494,0,"5161","6421","Male","Male","Male_Male","M-M",23,14,9,"Resident","Resident","Resident_Resident","R-R",1,0.592966,0.38901,0.018024,0.280664894395497
"2300","5161_6516",0.00846958509868947,0.0128881090118864,0,"5161","6516","Male","Male","Male_Male","M-M",23,12,11,"Resident","Resident","Resident_Resident","R-R",1,0.616326,0.371709,0.011965,0.577526260957691
"2301","5161_6527",0.0101268254203639,0.0175776579554669,0,"5161","6527","Male","Male","Male_Male","M-M",23,10,13,"Resident","Resident","Resident_Resident","R-R",1,0.56779,0.405188,0.027022,0.874387627519884
"2302","5161_6534",0.0137206571711019,0.0284737167998439,0,"5161","6534","Male","Male","Male_Male","M-M",23,12,11,"Resident","Transient","Resident_Transient","R-T",1,0.499031,0.433362,0.067607,0.577526260957691
"2303","5161_6535",0.0126499592169528,0.0247923369952588,0,"5161","6535","Male","Male","Male_Male","M-M",23,10,13,"Resident","Resident","Resident_Resident","R-R",1,0.509928,0.430579,0.059493,0.874387627519884
"2304","5161_6612",0.0094025545625713,0.0154524269838927,0,"5161","6612","Male","Male","Male_Male","M-M",23,10,13,"Resident","Resident","Resident_Resident","R-R",1,0.584797,0.394562,0.020641,0.874387627519884
"2305","5161_6631",0.0128418647808328,0.0267488430072223,0,"5161","6631","Male","Male","Male_Male","M-M",23,10,13,"Resident","Transient","Resident_Transient","R-T",1,0.520422,0.427289,0.052289,0.874387627519884
"2306","5161_6714",0.00931562876077034,0.0148176290421435,0,"5161","6714","Male","Male","Male_Male","M-M",23,9,14,"Resident","Unknown","Resident_Unknown","R-U",1,0.592966,0.38901,0.018024,1.02281831080098
"2307","5161_6722",0.012716581647826,0.0250409340809169,0,"5161","6722","Male","Male","Male_Male","M-M",23,9,14,"Resident","Unknown","Resident_Unknown","R-U",1,0.499031,0.433362,0.067607,1.02281831080098
"2308","5161_76",0.0286657873829532,0.029394083297466,1,"5161","76","Male","Male","Male_Male","M-M",23,44,21,"Resident","Resident","Resident_Resident","R-R",2,0.173625,0.723088,0.103287,2.06183309376866
"2309","5161_92",0.00811515626491854,0.0121312046548691,0,"5161","92","Male","Male","Male_Male","M-M",23,43,20,"Resident","Resident","Resident_Resident","R-R",1,0.64525,0.34786,0.00689,1.91340241048756
"2310","5165_5194",0.00708853536510029,0.0100187141098513,0,"5165","5194","Male","Male","Male_Male","M-M",23,22,1,"Resident","Resident","Resident_Resident","R-R",1,0.691195308804691,0.306211693788306,0.00259299740700259,-0.906780571853278
"2311","5165_6000",0.0101547740193501,0.0163990298989554,0,"5165","6000","Male","Male","Male_Male","M-M",23,20,3,"Resident","Transient","Resident_Transient","R-T",1,0.54976345023655,0.414957585042415,0.0352789647210353,-0.609919205291084
"2312","5165_6001",0.0472123170069268,0.0557404745098744,1,"5165","6001","Male","Male","Male_Male","M-M",23,20,3,"Resident","Transient","Resident_Transient","R-T",2,0.109119109119109,0.601553601553602,0.289327289327289,-0.609919205291084
"2313","5165_6003",0.02087609573377,0.0204948252048134,1,"5165","6003","Male","Male","Male_Male","M-M",23,20,3,"Resident","Resident","Resident_Resident","R-R",2,0.251409,0.72716,0.021431,-0.609919205291084
"2314","5165_6005",0.0122250230226813,0.0231839358744331,0,"5165","6005","Male","Male","Male_Male","M-M",23,20,3,"Resident","Transient","Resident_Transient","R-T",1,0.530542469457531,0.423551576448424,0.0459059540940459,-0.609919205291084
"2315","5165_6014",0.010586539697787,0.0184145711115747,0,"5165","6014","Male","Male","Male_Male","M-M",23,20,3,"Resident","Transient","Resident_Transient","R-T",1,0.54031454031454,0.419424419424419,0.0402610402610403,-0.609919205291084
"2316","5165_6016",0.206222236519704,0.0750752337114624,7,"5165","6016","Male","Male","Male_Male","M-M",23,20,3,"Resident","Resident","Resident_Resident","R-R",3,9.99999000001e-07,0.00148799851200149,0.998511001488999,-0.609919205291084
"2317","5165_6017",0.0217358778798348,0.0217460931950841,1,"5165","6017","Male","Male","Male_Male","M-M",23,20,3,"Resident","Resident","Resident_Resident","R-R",2,0.233663,0.73515,0.031187,-0.609919205291084
"2318","5165_606",0.00846398305744252,0.012926435273335,0,"5165","606","Male","Male","Male_Male","M-M",23,36,13,"Resident","Resident","Resident_Resident","R-R",1,0.616326,0.371709,0.011965,0.874387627519884
"2319","5165_6102",0.00804106557236815,0.0119480559585294,0,"5165","6102","Male","Male","Male_Male","M-M",23,18,5,"Resident","Resident","Resident_Resident","R-R",1,0.631071,0.359843,0.009086,-0.31305783872889
"2320","5165_6105",0.047930117013671,0.0373707347612845,2,"5165","6105","Male","Male","Male_Male","M-M",23,18,5,"Resident","Resident","Resident_Resident","R-R",2,0.0322200322200322,0.761447761447761,0.206332206332206,-0.31305783872889
"2321","5165_6110",0.0128502771014773,0.0248154578625829,0,"5165","6110","Male","Male","Male_Male","M-M",23,18,5,"Resident","Transient","Resident_Transient","R-T",1,0.499031,0.433362,0.067607,-0.31305783872889
"2322","5165_6112",0.00779653297220527,0.0110603285290658,0,"5165","6112","Male","Male","Male_Male","M-M",23,18,5,"Resident","Resident","Resident_Resident","R-R",1,0.638227638227638,0.353859353859354,0.00791300791300791,-0.31305783872889
"2323","5165_6122",0.00793684413278905,0.0116456145626485,0,"5165","6122","Male","Male","Male_Male","M-M",23,18,5,"Resident","Resident","Resident_Resident","R-R",1,0.64525,0.34786,0.00689,-0.31305783872889
"2324","5165_6123",0.00800475193766046,0.0124114672161122,0,"5165","6123","Male","Male","Male_Male","M-M",23,18,5,"Resident","Resident","Resident_Resident","R-R",1,0.638227638227638,0.353859353859354,0.00791300791300791,-0.31305783872889
"2325","5165_6133",0.00884724943655022,0.0144382804773547,0,"5165","6133","Male","Male","Male_Male","M-M",23,18,5,"Resident","Resident","Resident_Resident","R-R",1,0.608717,0.377561,0.013722,-0.31305783872889
"2326","5165_6138",0.00806659544808009,0.0116096148544033,0,"5165","6138","Male","Male","Male_Male","M-M",23,18,5,"Resident","Resident","Resident_Resident","R-R",1,0.631071,0.359843,0.009086,-0.31305783872889
"2327","5165_6139",0.00795361587969731,0.011813668621745,0,"5165","6139","Male","Male","Male_Male","M-M",23,18,5,"Resident","Resident","Resident_Resident","R-R",1,0.631071,0.359843,0.009086,-0.31305783872889
"2328","5165_6201",0.00867737392210106,0.0132293527560409,0,"5165","6201","Male","Male","Male_Male","M-M",23,15,8,"Resident","Resident","Resident_Resident","R-R",1,0.608717,0.377561,0.013722,0.1322342111144
"2329","5165_6210",0.0263182327454438,0.0272561865106452,1,"5165","6210","Male","Male","Male_Male","M-M",23,17,6,"Resident","Resident","Resident_Resident","R-R",2,0.191992,0.735062,0.072946,-0.164627155447794
"2330","5165_6220",0.00824078142299822,0.011973160934704,0,"5165","6220","Male","Male","Male_Male","M-M",23,17,6,"Resident","Resident","Resident_Resident","R-R",1,0.616326,0.371709,0.011965,-0.164627155447794
"2331","5165_6257",0.00789292519041306,0.0109552110740077,0,"5165","6257","Male","Male","Male_Male","M-M",23,17,6,"Resident","Resident","Resident_Resident","R-R",1,0.64525,0.34786,0.00689,-0.164627155447794
"2332","5165_76",0.00913749137479179,0.0145456507456284,0,"5165","76","Male","Male","Male_Male","M-M",23,44,21,"Resident","Resident","Resident_Resident","R-R",1,0.600934600934601,0.383335383335383,0.0157300157300157,2.06183309376866
"2333","5165_92",0.0752882714657698,0.0469670164431457,3,"5165","92","Male","Male","Male_Male","M-M",23,43,20,"Resident","Resident","Resident_Resident","R-R",3,0.00277400277400277,0.452772452772453,0.544453544453544,1.91340241048756
"2334","5194_6000",0.01160342797783,0.0206463575724407,0,"5194","6000","Male","Male","Male_Male","M-M",22,20,2,"Resident","Transient","Resident_Transient","R-T",1,0.520422,0.427289,0.052289,-0.758349888572181
"2335","5194_6001",0.0116512720036509,0.0207505136084256,0,"5194","6001","Male","Male","Male_Male","M-M",22,20,2,"Resident","Transient","Resident_Transient","R-T",1,0.520422,0.427289,0.052289,-0.758349888572181
"2336","5194_6003",0.00729548017440215,0.0105007213745221,0,"5194","6003","Male","Male","Male_Male","M-M",22,20,2,"Resident","Resident","Resident_Resident","R-R",1,0.652147347852652,0.341855658144342,0.005996994003006,-0.758349888572181
"2337","5194_6005",0.0130314660086101,0.0250906519030694,0,"5194","6005","Male","Male","Male_Male","M-M",22,20,2,"Resident","Transient","Resident_Transient","R-T",1,0.499031,0.433362,0.067607,-0.758349888572181
"2338","5194_6014",0.0118664607701382,0.0212366279616762,0,"5194","6014","Male","Male","Male_Male","M-M",22,20,2,"Resident","Transient","Resident_Transient","R-T",1,0.509928,0.430579,0.059493,-0.758349888572181
"2339","5194_6016",0.00785781141347883,0.01161375382713,0,"5194","6016","Male","Male","Male_Male","M-M",22,20,2,"Resident","Resident","Resident_Resident","R-R",1,0.652147347852652,0.341855658144342,0.005996994003006,-0.758349888572181
"2340","5194_6017",0.00898054139155051,0.0143493922213953,0,"5194","6017","Male","Male","Male_Male","M-M",22,20,2,"Resident","Resident","Resident_Resident","R-R",1,0.608717,0.377561,0.013722,-0.758349888572181
"2341","5194_606",0.0116826057461673,0.0204484699717676,0,"5194","606","Male","Male","Male_Male","M-M",22,36,14,"Resident","Resident","Resident_Resident","R-R",1,0.520422,0.427289,0.052289,1.02281831080098
"2342","5194_6102",0.0085224407951688,0.0127916753521882,0,"5194","6102","Male","Male","Male_Male","M-M",22,18,4,"Resident","Resident","Resident_Resident","R-R",1,0.623774,0.365798,0.010428,-0.461488522009987
"2343","5194_6105",0.038821776485425,0.0286774756996555,2,"5194","6105","Male","Male","Male_Male","M-M",22,18,4,"Resident","Resident","Resident_Resident","R-R",2,0.0458280458280458,0.865388865388865,0.0887830887830888,-0.461488522009987
"2344","5194_6110",0.0129340505570035,0.0246078830581681,0,"5194","6110","Male","Male","Male_Male","M-M",22,18,4,"Resident","Transient","Resident_Transient","R-T",1,0.509928,0.430579,0.059493,-0.461488522009987
"2345","5194_6112",0.0329554365660438,0.0349830975116306,1,"5194","6112","Male","Male","Male_Male","M-M",22,18,4,"Resident","Resident","Resident_Resident","R-R",2,0.15476,0.701092,0.144148,-0.461488522009987
"2346","5194_6122",0.0085758247215131,0.0131166168371665,0,"5194","6122","Male","Male","Male_Male","M-M",22,18,4,"Resident","Resident","Resident_Resident","R-R",1,0.631071,0.359843,0.009086,-0.461488522009987
"2347","5194_6123",0.00991043785988365,0.0162347501132091,0,"5194","6123","Male","Male","Male_Male","M-M",22,18,4,"Resident","Resident","Resident_Resident","R-R",1,0.584797,0.394562,0.020641,-0.461488522009987
"2348","5194_6133",0.038999141599383,0.0432376189742763,1,"5194","6133","Male","Male","Male_Male","M-M",22,18,4,"Resident","Resident","Resident_Resident","R-R",2,0.128842,0.65297,0.218188,-0.461488522009987
"2349","5194_6138",0.00897670686183672,0.0148675209703484,0,"5194","6138","Male","Male","Male_Male","M-M",22,18,4,"Resident","Resident","Resident_Resident","R-R",1,0.608717,0.377561,0.013722,-0.461488522009987
"2350","5194_6139",0.00968781369080467,0.0162622053985783,0,"5194","6139","Male","Male","Male_Male","M-M",22,18,4,"Resident","Resident","Resident_Resident","R-R",1,0.576411,0.399965,0.023624,-0.461488522009987
"2351","5194_6201",0.0246891108562209,0.0250791089204702,1,"5194","6201","Male","Male","Male_Male","M-M",22,15,7,"Resident","Resident","Resident_Resident","R-R",2,0.204016,0.738496,0.057488,-0.0161964721666967
"2352","5194_6210",0.0284810827202125,0.0292503703472692,1,"5194","6210","Male","Male","Male_Male","M-M",22,17,5,"Resident","Resident","Resident_Resident","R-R",2,0.173625,0.723088,0.103287,-0.31305783872889
"2353","5194_6220",0.00985450725299258,0.0163554833446908,0,"5194","6220","Male","Male","Male_Male","M-M",22,17,5,"Resident","Resident","Resident_Resident","R-R",1,0.576411,0.399965,0.023624,-0.31305783872889
"2354","5194_6235",0.035431706949064,0.0393493934689682,1,"5194","6235","Male","Male","Male_Male","M-M",22,14,8,"Resident","Resident","Resident_Resident","R-R",2,0.141895,0.679897,0.178208,0.1322342111144
"2355","5194_6257",0.0100179603517048,0.0166497948640003,0,"5194","6257","Male","Male","Male_Male","M-M",22,17,5,"Resident","Resident","Resident_Resident","R-R",1,0.558915,0.410198,0.030887,-0.31305783872889
"2356","5194_6421",0.109437658066741,0.0878337841826752,2,"5194","6421","Male","Male","Male_Male","M-M",22,14,8,"Resident","Resident","Resident_Resident","R-R",3,0.00831100831100831,0.316392316392316,0.675296675296675,0.1322342111144
"2357","5194_6516",0.010374811132175,0.0171574383374954,0,"5194","6516","Male","Male","Male_Male","M-M",22,12,10,"Resident","Resident","Resident_Resident","R-R",1,0.54976345023655,0.414957585042415,0.0352789647210353,0.429095577676594
"2358","5194_6527",0.0123676941439168,0.0243410370373984,0,"5194","6527","Male","Male","Male_Male","M-M",22,10,12,"Resident","Resident","Resident_Resident","R-R",1,0.509928,0.430579,0.059493,0.725956944238787
"2359","5194_6534",0.0112474462479771,0.0200149269232258,0,"5194","6534","Male","Male","Male_Male","M-M",22,12,10,"Resident","Transient","Resident_Transient","R-T",1,0.530542469457531,0.423551576448424,0.0459059540940459,0.429095577676594
"2360","5194_6535",0.011905073736452,0.0223120176962819,0,"5194","6535","Male","Male","Male_Male","M-M",22,10,12,"Resident","Resident","Resident_Resident","R-R",1,0.509928,0.430579,0.059493,0.725956944238787
"2361","5194_76",0.0104334176965069,0.0177018409302359,0,"5194","76","Male","Male","Male_Male","M-M",22,44,22,"Resident","Resident","Resident_Resident","R-R",1,0.558915,0.410198,0.030887,2.21026377704976
"2362","5194_92",0.00797619448894713,0.0119711424878119,0,"5194","92","Male","Male","Male_Male","M-M",22,43,21,"Resident","Resident","Resident_Resident","R-R",1,0.64525,0.34786,0.00689,2.06183309376866
"2363","549_558",0.0074359617719483,0.0106214553521815,0,"549","558","Male","Male","Male_Male","M-M",43,43,0,"Resident","Resident","Resident_Resident","R-R",1,0.652147347852652,0.341855658144342,0.005996994003006,-1.05521125513437
"2364","549_562",0.0124218547724755,0.0223190958180885,0,"549","562","Male","Male","Male_Male","M-M",43,43,0,"Resident","Transient","Resident_Transient","R-T",1,0.509928,0.430579,0.059493,-1.05521125513437
"2365","549_606",0.00979980455008531,0.0156109452802479,0,"549","606","Male","Male","Male_Male","M-M",43,36,7,"Resident","Resident","Resident_Resident","R-R",1,0.584797,0.394562,0.020641,-0.0161964721666967
"2366","549_74",0.0121245573004034,0.0236835927406148,0,"549","74","Male","Male","Male_Male","M-M",43,43,0,"Resident","Resident","Resident_Resident","R-R",1,0.530542469457531,0.423551576448424,0.0459059540940459,-1.05521125513437
"2367","549_76",0.00673235461590108,0.00923297625084798,0,"549","76","Male","Male","Male_Male","M-M",43,44,1,"Resident","Resident","Resident_Resident","R-R",1,0.715271,0.283253,0.001476,-0.906780571853278
"2368","549_804",0.0958770641231604,0.0441804033181562,5,"549","804","Male","Male","Male_Male","M-M",43,39,4,"Resident","Resident","Resident_Resident","R-R",3,2.7999972000028e-05,0.153448846551153,0.846523153476846,-0.461488522009987
"2369","549_824",0.0615824200951128,0.0377310823442127,3,"549","824","Male","Male","Male_Male","M-M",43,39,4,"Resident","Resident","Resident_Resident","R-R",2,0.004901,0.657246,0.337853,-0.461488522009987
"2370","549_92",0.0437971795090837,0.0331384450222896,2,"549","92","Male","Male","Male_Male","M-M",43,43,0,"Resident","Resident","Resident_Resident","R-R",2,0.0372919627080373,0.81018518981481,0.152522847477153,-1.05521125513437
"2371","549_9907",0.0338597314081458,0.036321238071941,1,"549","9907","Male","Male","Male_Male","M-M",43,37,6,"Resident","Transient","Resident_Transient","R-T",2,0.148354148354148,0.691189691189691,0.16045616045616,-0.164627155447794
"2372","549_9911",0.00663686781361644,0.00946820019237737,0,"549","9911","Male","Male","Male_Male","M-M",43,37,6,"Resident","Resident","Resident_Resident","R-R",1,0.703415,0.294628,0.001957,-0.164627155447794
"2373","558_562",0.0801364096151414,0.103672612598967,1,"558","562","Male","Male","Male_Male","M-M",43,43,0,"Resident","Transient","Resident_Transient","R-T",2,0.0772770772770773,0.49014249014249,0.432580432580433,-1.05521125513437
"2374","558_606",0.0116786433694418,0.0216686479438999,0,"558","606","Male","Male","Male_Male","M-M",43,36,7,"Resident","Resident","Resident_Resident","R-R",1,0.520422,0.427289,0.052289,-0.0161964721666967
"2375","558_74",0.0121193726215762,0.0220219199688881,0,"558","74","Male","Male","Male_Male","M-M",43,43,0,"Resident","Resident","Resident_Resident","R-R",1,0.520422,0.427289,0.052289,-1.05521125513437
"2376","558_76",0.00879630770711772,0.0133202358217678,0,"558","76","Male","Male","Male_Male","M-M",43,44,1,"Resident","Resident","Resident_Resident","R-R",1,0.600934600934601,0.383335383335383,0.0157300157300157,-0.906780571853278
"2377","558_804",0.00707229105194232,0.00991764278540705,0,"558","804","Male","Male","Male_Male","M-M",43,39,4,"Resident","Resident","Resident_Resident","R-R",1,0.697351302648697,0.3003956996043,0.00225299774700225,-0.461488522009987
"2378","558_824",0.00785967760170043,0.0119198358582049,0,"558","824","Male","Male","Male_Male","M-M",43,39,4,"Resident","Resident","Resident_Resident","R-R",1,0.672145,0.323908,0.003947,-0.461488522009987
"2379","558_92",0.00873180402344897,0.0132048937865583,0,"558","92","Male","Male","Male_Male","M-M",43,43,0,"Resident","Resident","Resident_Resident","R-R",1,0.616326,0.371709,0.011965,-1.05521125513437
"2380","558_9907",0.0103257999710726,0.0167981615643657,0,"558","9907","Male","Male","Male_Male","M-M",43,37,6,"Resident","Transient","Resident_Transient","R-T",1,0.558915,0.410198,0.030887,-0.164627155447794
"2381","558_9911",0.00850106976625709,0.0133535646137187,0,"558","9911","Male","Male","Male_Male","M-M",43,37,6,"Resident","Resident","Resident_Resident","R-R",1,0.608717,0.377561,0.013722,-0.164627155447794
"2382","562_74",0.011720495698335,0.0209816183341959,0,"562","74","Male","Male","Male_Male","M-M",43,43,0,"Transient","Resident","Resident_Transient","R-T",1,0.520422,0.427289,0.052289,-1.05521125513437
"2383","562_76",0.0101738428532481,0.0165008266270758,0,"562","76","Male","Male","Male_Male","M-M",43,44,1,"Transient","Resident","Resident_Transient","R-T",1,0.54976345023655,0.414957585042415,0.0352789647210353,-0.906780571853278
"2384","562_92",0.0123476924552033,0.0237223075541637,0,"562","92","Male","Male","Male_Male","M-M",43,43,0,"Transient","Resident","Resident_Transient","R-T",1,0.499031,0.433362,0.067607,-1.05521125513437
"2385","6000_6001",0.0510133359358084,0.0597021062555368,1,"6000","6001","Male","Male","Male_Male","M-M",20,20,0,"Transient","Transient","Transient_Transient","T-T",2,0.10258,0.581588,0.315832,-1.05521125513437
"2386","6000_6003",0.0100055410012061,0.016780387613779,0,"6000","6003","Male","Male","Male_Male","M-M",20,20,0,"Transient","Resident","Resident_Transient","R-T",1,0.558915,0.410198,0.030887,-1.05521125513437
"2387","6000_6005",0.0115690895203963,0.0196421345514862,0,"6000","6005","Male","Male","Male_Male","M-M",20,20,0,"Transient","Transient","Transient_Transient","T-T",1,0.520422,0.427289,0.052289,-1.05521125513437
"2388","6000_6014",0.0581349299221247,0.0712661116547321,1,"6000","6014","Male","Male","Male_Male","M-M",20,20,0,"Transient","Transient","Transient_Transient","T-T",2,0.096098,0.560333,0.343569,-1.05521125513437
"2389","6000_6016",0.0103766374756317,0.0177668888047111,0,"6000","6016","Male","Male","Male_Male","M-M",20,20,0,"Transient","Resident","Resident_Transient","R-T",1,0.54976345023655,0.414957585042415,0.0352789647210353,-1.05521125513437
"2390","6000_6017",0.0116575824707464,0.0204962998007155,0,"6000","6017","Male","Male","Male_Male","M-M",20,20,0,"Transient","Resident","Resident_Transient","R-T",1,0.530542469457531,0.423551576448424,0.0459059540940459,-1.05521125513437
"2391","6000_606",0.0525820488330542,0.0623362260162954,1,"6000","606","Male","Male","Male_Male","M-M",20,36,16,"Transient","Resident","Resident_Transient","R-T",2,0.10258,0.581588,0.315832,1.31967967736317
"2392","6000_92",0.0110087196825873,0.0198010561694441,0,"6000","92","Male","Male","Male_Male","M-M",20,43,23,"Transient","Resident","Resident_Transient","R-T",1,0.54031454031454,0.419424419424419,0.0402610402610403,2.35869446033085
"2393","6001_6003",0.00996577468088535,0.0163943391152555,0,"6001","6003","Male","Male","Male_Male","M-M",20,20,0,"Transient","Resident","Resident_Transient","R-T",1,0.558915,0.410198,0.030887,-1.05521125513437
"2394","6001_6005",0.0115571790189738,0.0194433745241377,0,"6001","6005","Male","Male","Male_Male","M-M",20,20,0,"Transient","Transient","Transient_Transient","T-T",1,0.520422,0.427289,0.052289,-1.05521125513437
"2395","6001_6014",0.010776493202823,0.019093615382689,0,"6001","6014","Male","Male","Male_Male","M-M",20,20,0,"Transient","Transient","Transient_Transient","T-T",1,0.530542469457531,0.423551576448424,0.0459059540940459,-1.05521125513437
"2396","6001_6016",0.0106599438400732,0.0185010200463495,0,"6001","6016","Male","Male","Male_Male","M-M",20,20,0,"Transient","Resident","Resident_Transient","R-T",1,0.54976345023655,0.414957585042415,0.0352789647210353,-1.05521125513437
"2397","6001_6017",0.0113405245282202,0.0195704014555026,0,"6001","6017","Male","Male","Male_Male","M-M",20,20,0,"Transient","Resident","Resident_Transient","R-T",1,0.530542469457531,0.423551576448424,0.0459059540940459,-1.05521125513437
"2398","6001_606",0.0518791216902295,0.0619982575734269,1,"6001","606","Male","Male","Male_Male","M-M",20,36,16,"Transient","Resident","Resident_Transient","R-T",2,0.10258,0.581588,0.315832,1.31967967736317
"2399","6001_92",0.011218485071881,0.0191000943273,0,"6001","92","Male","Male","Male_Male","M-M",20,43,23,"Transient","Resident","Resident_Transient","R-T",1,0.54031454031454,0.419424419424419,0.0402610402610403,2.35869446033085
"2400","6003_6005",0.0109765819853057,0.0189236163343335,0,"6003","6005","Male","Male","Male_Male","M-M",20,20,0,"Resident","Transient","Resident_Transient","R-T",1,0.54031454031454,0.419424419424419,0.0402610402610403,-1.05521125513437
"2401","6003_6014",0.010582670862228,0.0177503485384247,0,"6003","6014","Male","Male","Male_Male","M-M",20,20,0,"Resident","Transient","Resident_Transient","R-T",1,0.54976345023655,0.414957585042415,0.0352789647210353,-1.05521125513437
"2402","6003_6016",0.00720056179740829,0.0105212784216392,0,"6003","6016","Male","Male","Male_Male","M-M",20,20,0,"Resident","Resident","Resident_Resident","R-R",1,0.684944684944685,0.312072312072312,0.00298300298300298,-1.05521125513437
"2403","6003_6017",0.00791239572869891,0.011587510818382,0,"6003","6017","Male","Male","Male_Male","M-M",20,20,0,"Resident","Resident","Resident_Resident","R-R",1,0.64525,0.34786,0.00689,-1.05521125513437
"2404","6003_606",0.00994322211045341,0.0170142053869749,0,"6003","606","Male","Male","Male_Male","M-M",20,36,16,"Resident","Resident","Resident_Resident","R-R",1,0.558915,0.410198,0.030887,1.31967967736317
"2405","6003_6102",0.0102927486501208,0.0166077638494088,0,"6003","6102","Male","Male","Male_Male","M-M",20,18,2,"Resident","Resident","Resident_Resident","R-R",1,0.558915,0.410198,0.030887,-0.758349888572181
"2406","6003_6105",0.0285257306179986,0.0294141578912797,1,"6003","6105","Male","Male","Male_Male","M-M",20,18,2,"Resident","Resident","Resident_Resident","R-R",2,0.173625,0.723088,0.103287,-0.758349888572181
"2407","6003_6110",0.0135218848262147,0.0281118549979973,0,"6003","6110","Male","Male","Male_Male","M-M",20,18,2,"Resident","Transient","Resident_Transient","R-T",1,0.487705,0.435572,0.076723,-0.758349888572181
"2408","6003_6112",0.009996405836424,0.016145292293555,0,"6003","6112","Male","Male","Male_Male","M-M",20,18,2,"Resident","Resident","Resident_Resident","R-R",1,0.56779,0.405188,0.027022,-0.758349888572181
"2409","6003_6122",0.00927290399776001,0.014769583850169,0,"6003","6122","Male","Male","Male_Male","M-M",20,18,2,"Resident","Resident","Resident_Resident","R-R",1,0.576411,0.399965,0.023624,-0.758349888572181
"2410","6003_6123",0.0101161591445934,0.017017406346731,0,"6003","6123","Male","Male","Male_Male","M-M",20,18,2,"Resident","Resident","Resident_Resident","R-R",1,0.56779,0.405188,0.027022,-0.758349888572181
"2411","6003_6133",0.00933835227523893,0.0150482719616938,0,"6003","6133","Male","Male","Male_Male","M-M",20,18,2,"Resident","Resident","Resident_Resident","R-R",1,0.584797,0.394562,0.020641,-0.758349888572181
"2412","6003_6138",0.0108313746565488,0.018247185693967,0,"6003","6138","Male","Male","Male_Male","M-M",20,18,2,"Resident","Resident","Resident_Resident","R-R",1,0.558915,0.410198,0.030887,-0.758349888572181
"2413","6003_6139",0.0100711750176969,0.0173880369003343,0,"6003","6139","Male","Male","Male_Male","M-M",20,18,2,"Resident","Resident","Resident_Resident","R-R",1,0.558915,0.410198,0.030887,-0.758349888572181
"2414","6003_6201",0.00929676401054869,0.0161003111702734,0,"6003","6201","Male","Male","Male_Male","M-M",20,15,5,"Resident","Resident","Resident_Resident","R-R",1,0.592966,0.38901,0.018024,-0.31305783872889
"2415","6003_6210",0.0880817615158788,0.0702270171829106,2,"6003","6210","Male","Male","Male_Male","M-M",20,17,3,"Resident","Resident","Resident_Resident","R-R",3,0.011378,0.398184,0.590438,-0.609919205291084
"2416","6003_6220",0.0105179563110952,0.0183475480412965,0,"6003","6220","Male","Male","Male_Male","M-M",20,17,3,"Resident","Resident","Resident_Resident","R-R",1,0.54976345023655,0.414957585042415,0.0352789647210353,-0.609919205291084
"2417","6003_6235",0.0110510961214146,0.0209205252070754,0,"6003","6235","Male","Male","Male_Male","M-M",20,14,6,"Resident","Resident","Resident_Resident","R-R",1,0.54031454031454,0.419424419424419,0.0402610402610403,-0.164627155447794
"2418","6003_6257",0.00947267356138164,0.0145291551818068,0,"6003","6257","Male","Male","Male_Male","M-M",20,17,3,"Resident","Resident","Resident_Resident","R-R",1,0.584797,0.394562,0.020641,-0.609919205291084
"2419","6003_6421",0.0130698972674731,0.0249104393189161,0,"6003","6421","Male","Male","Male_Male","M-M",20,14,6,"Resident","Resident","Resident_Resident","R-R",1,0.509928,0.430579,0.059493,-0.164627155447794
"2420","6003_92",0.0258861314709417,0.0271405994177915,1,"6003","92","Male","Male","Male_Male","M-M",20,43,23,"Resident","Resident","Resident_Resident","R-R",2,0.198022,0.737185,0.064793,2.35869446033085
"2421","6005_6014",0.012531912570847,0.0236348383225058,0,"6005","6014","Male","Male","Male_Male","M-M",20,20,0,"Transient","Transient","Transient_Transient","T-T",1,0.509928,0.430579,0.059493,-1.05521125513437
"2422","6005_6016",0.0578204845175952,0.0700788202918966,1,"6005","6016","Male","Male","Male_Male","M-M",20,20,0,"Transient","Resident","Resident_Transient","R-T",2,0.096098,0.560333,0.343569,-1.05521125513437
"2423","6005_6017",0.0115118891562362,0.0201002547877704,0,"6005","6017","Male","Male","Male_Male","M-M",20,20,0,"Transient","Resident","Resident_Transient","R-T",1,0.509928,0.430579,0.059493,-1.05521125513437
"2424","6005_606",0.0121996464547045,0.0228046954208141,0,"6005","606","Male","Male","Male_Male","M-M",20,36,16,"Transient","Resident","Resident_Transient","R-T",1,0.520422,0.427289,0.052289,1.31967967736317
"2425","6005_92",0.0123571703789445,0.0290380277831112,0,"6005","92","Male","Male","Male_Male","M-M",20,43,23,"Transient","Resident","Resident_Transient","R-T",1,0.520422,0.427289,0.052289,2.35869446033085
"2426","6014_6016",0.0112241036257884,0.0200074053992994,0,"6014","6016","Male","Male","Male_Male","M-M",20,20,0,"Transient","Resident","Resident_Transient","R-T",1,0.54031454031454,0.419424419424419,0.0402610402610403,-1.05521125513437
"2427","6014_6017",0.0117990114055173,0.0220178515064197,0,"6014","6017","Male","Male","Male_Male","M-M",20,20,0,"Transient","Resident","Resident_Transient","R-T",1,0.520422,0.427289,0.052289,-1.05521125513437
"2428","6014_606",0.0113573612497259,0.0203305773345037,0,"6014","606","Male","Male","Male_Male","M-M",20,36,16,"Transient","Resident","Resident_Transient","R-T",1,0.530542469457531,0.423551576448424,0.0459059540940459,1.31967967736317
"2429","6014_92",0.0116001852820802,0.0205467254016777,0,"6014","92","Male","Male","Male_Male","M-M",20,43,23,"Transient","Resident","Resident_Transient","R-T",1,0.530542469457531,0.423551576448424,0.0459059540940459,2.35869446033085
"2430","6016_6017",0.0940321695880206,0.0586420836926927,3,"6016","6017","Male","Male","Male_Male","M-M",20,20,0,"Resident","Resident","Resident_Resident","R-R",3,0.001481,0.285997,0.712522,-1.05521125513437
"2431","6016_606",0.0103376326170104,0.0176349476415708,0,"6016","606","Male","Male","Male_Male","M-M",20,36,16,"Resident","Resident","Resident_Resident","R-R",1,0.54976345023655,0.414957585042415,0.0352789647210353,1.31967967736317
"2432","6016_6102",0.00942632025197947,0.0149007705143759,0,"6016","6102","Male","Male","Male_Male","M-M",20,18,2,"Resident","Resident","Resident_Resident","R-R",1,0.592966,0.38901,0.018024,-0.758349888572181
"2433","6016_6105",0.00778355536821383,0.0115844599517012,0,"6016","6105","Male","Male","Male_Male","M-M",20,18,2,"Resident","Resident","Resident_Resident","R-R",1,0.658926,0.335856,0.005218,-0.758349888572181
"2434","6016_6110",0.0128606727710819,0.025498622559952,0,"6016","6110","Male","Male","Male_Male","M-M",20,18,2,"Resident","Transient","Resident_Transient","R-T",1,0.509928,0.430579,0.059493,-0.758349888572181
"2435","6016_6112",0.00886340246284223,0.0143224845207867,0,"6016","6112","Male","Male","Male_Male","M-M",20,18,2,"Resident","Resident","Resident_Resident","R-R",1,0.600934600934601,0.383335383335383,0.0157300157300157,-0.758349888572181
"2436","6016_6122",0.00850966772806392,0.0129043717281617,0,"6016","6122","Male","Male","Male_Male","M-M",20,18,2,"Resident","Resident","Resident_Resident","R-R",1,0.608717,0.377561,0.013722,-0.758349888572181
"2437","6016_6123",0.00907014981355875,0.014113577303914,0,"6016","6123","Male","Male","Male_Male","M-M",20,18,2,"Resident","Resident","Resident_Resident","R-R",1,0.600934600934601,0.383335383335383,0.0157300157300157,-0.758349888572181
"2438","6016_6133",0.00978211417256284,0.0154692416433022,0,"6016","6133","Male","Male","Male_Male","M-M",20,18,2,"Resident","Resident","Resident_Resident","R-R",1,0.576411,0.399965,0.023624,-0.758349888572181
"2439","6016_6138",0.00944864497207479,0.0154917053840059,0,"6016","6138","Male","Male","Male_Male","M-M",20,18,2,"Resident","Resident","Resident_Resident","R-R",1,0.592966,0.38901,0.018024,-0.758349888572181
"2440","6016_6139",0.00902697801764482,0.0143456088073297,0,"6016","6139","Male","Male","Male_Male","M-M",20,18,2,"Resident","Resident","Resident_Resident","R-R",1,0.592966,0.38901,0.018024,-0.758349888572181
"2441","6016_6201",0.010112620808287,0.0177094965717855,0,"6016","6201","Male","Male","Male_Male","M-M",20,15,5,"Resident","Resident","Resident_Resident","R-R",1,0.558915,0.410198,0.030887,-0.31305783872889
"2442","6016_6210",0.0083925490877206,0.0124507516501569,0,"6016","6210","Male","Male","Male_Male","M-M",20,17,3,"Resident","Resident","Resident_Resident","R-R",1,0.608717,0.377561,0.013722,-0.609919205291084
"2443","6016_6220",0.0101854598352927,0.0164185269417565,0,"6016","6220","Male","Male","Male_Male","M-M",20,17,3,"Resident","Resident","Resident_Resident","R-R",1,0.56779,0.405188,0.027022,-0.609919205291084
"2444","6016_6257",0.00885673199671234,0.0145519036256183,0,"6016","6257","Male","Male","Male_Male","M-M",20,17,3,"Resident","Resident","Resident_Resident","R-R",1,0.600934600934601,0.383335383335383,0.0157300157300157,-0.609919205291084
"2445","6016_92",0.00798468397410629,0.0118689355847152,0,"6016","92","Male","Male","Male_Male","M-M",20,43,23,"Resident","Resident","Resident_Resident","R-R",1,0.64525,0.34786,0.00689,2.35869446033085
"2446","6017_606",0.0118116812104364,0.0218414789563716,0,"6017","606","Male","Male","Male_Male","M-M",20,36,16,"Resident","Resident","Resident_Resident","R-R",1,0.530542469457531,0.423551576448424,0.0459059540940459,1.31967967736317
"2447","6017_6102",0.0104393075715204,0.016902992861337,0,"6017","6102","Male","Male","Male_Male","M-M",20,18,2,"Resident","Resident","Resident_Resident","R-R",1,0.558915,0.410198,0.030887,-0.758349888572181
"2448","6017_6105",0.00855009849766308,0.0133638249196354,0,"6017","6105","Male","Male","Male_Male","M-M",20,18,2,"Resident","Resident","Resident_Resident","R-R",1,0.631071,0.359843,0.009086,-0.758349888572181
"2449","6017_6110",0.0122391206429264,0.0226507305267382,0,"6017","6110","Male","Male","Male_Male","M-M",20,18,2,"Resident","Transient","Resident_Transient","R-T",1,0.499031,0.433362,0.067607,-0.758349888572181
"2450","6017_6112",0.0106707237621821,0.0182118842487815,0,"6017","6112","Male","Male","Male_Male","M-M",20,18,2,"Resident","Resident","Resident_Resident","R-R",1,0.56779,0.405188,0.027022,-0.758349888572181
"2451","6017_6122",0.00992652948249337,0.0164408603376187,0,"6017","6122","Male","Male","Male_Male","M-M",20,18,2,"Resident","Resident","Resident_Resident","R-R",1,0.576411,0.399965,0.023624,-0.758349888572181
"2452","6017_6123",0.00985984547869692,0.0169425994337906,0,"6017","6123","Male","Male","Male_Male","M-M",20,18,2,"Resident","Resident","Resident_Resident","R-R",1,0.56779,0.405188,0.027022,-0.758349888572181
"2453","6017_6133",0.00968462491009596,0.0153382308393617,0,"6017","6133","Male","Male","Male_Male","M-M",20,18,2,"Resident","Resident","Resident_Resident","R-R",1,0.56779,0.405188,0.027022,-0.758349888572181
"2454","6017_6138",0.0109193832256504,0.0187955383310052,0,"6017","6138","Male","Male","Male_Male","M-M",20,18,2,"Resident","Resident","Resident_Resident","R-R",1,0.558915,0.410198,0.030887,-0.758349888572181
"2455","6017_6139",0.0104252608157122,0.0174698638015155,0,"6017","6139","Male","Male","Male_Male","M-M",20,18,2,"Resident","Resident","Resident_Resident","R-R",1,0.558915,0.410198,0.030887,-0.758349888572181
"2456","6017_6201",0.0114528690964488,0.0209599856550394,0,"6017","6201","Male","Male","Male_Male","M-M",20,15,5,"Resident","Resident","Resident_Resident","R-R",1,0.530542469457531,0.423551576448424,0.0459059540940459,-0.31305783872889
"2457","6017_6210",0.0370405774427803,0.0419855728303761,1,"6017","6210","Male","Male","Male_Male","M-M",20,17,3,"Resident","Resident","Resident_Resident","R-R",2,0.135388,0.667167,0.197445,-0.609919205291084
"2458","6017_6220",0.0101282908029696,0.016358760172258,0,"6017","6220","Male","Male","Male_Male","M-M",20,17,3,"Resident","Resident","Resident_Resident","R-R",1,0.54031454031454,0.419424419424419,0.0402610402610403,-0.609919205291084
"2459","6017_6257",0.0407649007661227,0.0465309893989735,1,"6017","6257","Male","Male","Male_Male","M-M",20,17,3,"Resident","Resident","Resident_Resident","R-R",2,0.128842,0.65297,0.218188,-0.609919205291084
"2460","6017_92",0.00832709268526207,0.0122436758848807,0,"6017","92","Male","Male","Male_Male","M-M",20,43,23,"Resident","Resident","Resident_Resident","R-R",1,0.623774,0.365798,0.010428,2.35869446033085
"2461","606_76",0.13241767040468,0.0704461490827274,4,"606","76","Male","Male","Male_Male","M-M",36,44,8,"Resident","Resident","Resident_Resident","R-R",3,6.2e-05,0.082943,0.916995,0.1322342111144
"2462","606_804",0.00697685851843358,0.0102002105056857,0,"606","804","Male","Male","Male_Male","M-M",36,39,3,"Resident","Resident","Resident_Resident","R-R",1,0.691195308804691,0.306211693788306,0.00259299740700259,-0.609919205291084
"2463","606_824",0.007631598993811,0.0114771641494717,0,"606","824","Male","Male","Male_Male","M-M",36,39,3,"Resident","Resident","Resident_Resident","R-R",1,0.66559,0.329871,0.004539,-0.609919205291084
"2464","606_92",0.0068815799170859,0.0095336389839395,0,"606","92","Male","Male","Male_Male","M-M",36,43,7,"Resident","Resident","Resident_Resident","R-R",1,0.697351302648697,0.3003956996043,0.00225299774700225,-0.0161964721666967
"2465","606_9911",0.0105242509372596,0.0168719235256358,0,"606","9911","Male","Male","Male_Male","M-M",36,37,1,"Resident","Resident","Resident_Resident","R-R",1,0.54031454031454,0.419424419424419,0.0402610402610403,-0.906780571853278
"2466","6102_6105",0.0208532096380256,0.0201706196262723,1,"6102","6105","Male","Male","Male_Male","M-M",18,18,0,"Resident","Resident","Resident_Resident","R-R",2,0.23957,0.732893,0.027537,-1.05521125513437
"2467","6102_6110",0.0122930753412768,0.0247080637982514,0,"6102","6110","Male","Male","Male_Male","M-M",18,18,0,"Resident","Transient","Resident_Transient","R-T",1,0.509928,0.430579,0.059493,-1.05521125513437
"2468","6102_6112",0.0099858007208072,0.0162688786858096,0,"6102","6112","Male","Male","Male_Male","M-M",18,18,0,"Resident","Resident","Resident_Resident","R-R",1,0.558915,0.410198,0.030887,-1.05521125513437
"2469","6102_6122",0.0939762864028583,0.0757497938229324,2,"6102","6122","Male","Male","Male_Male","M-M",18,18,0,"Resident","Resident","Resident_Resident","R-R",3,0.010283,0.370093,0.619624,-1.05521125513437
"2470","6102_6123",0.0110623968396004,0.0198143985021169,0,"6102","6123","Male","Male","Male_Male","M-M",18,18,0,"Resident","Resident","Resident_Resident","R-R",1,0.530542469457531,0.423551576448424,0.0459059540940459,-1.05521125513437
"2471","6102_6133",0.0106422823994797,0.0178222299377179,0,"6102","6133","Male","Male","Male_Male","M-M",18,18,0,"Resident","Resident","Resident_Resident","R-R",1,0.54976345023655,0.414957585042415,0.0352789647210353,-1.05521125513437
"2472","6102_6138",0.00998485428681632,0.0162342451865636,0,"6102","6138","Male","Male","Male_Male","M-M",18,18,0,"Resident","Resident","Resident_Resident","R-R",1,0.558915,0.410198,0.030887,-1.05521125513437
"2473","6102_6139",0.0620517881959655,0.0734787635058802,1,"6102","6139","Male","Male","Male_Male","M-M",18,18,0,"Resident","Resident","Resident_Resident","R-R",2,0.089701,0.537907,0.372392,-1.05521125513437
"2474","6102_6201",0.0083153667231076,0.0125762305835555,0,"6102","6201","Male","Male","Male_Male","M-M",18,15,3,"Resident","Resident","Resident_Resident","R-R",1,0.623774,0.365798,0.010428,-0.609919205291084
"2475","6102_6210",0.0383173188857553,0.0422720600800641,1,"6102","6210","Male","Male","Male_Male","M-M",18,17,1,"Resident","Resident","Resident_Resident","R-R",2,0.135388,0.667167,0.197445,-0.906780571853278
"2476","6102_6220",0.0118181920893666,0.0201221713212081,0,"6102","6220","Male","Male","Male_Male","M-M",18,17,1,"Resident","Resident","Resident_Resident","R-R",1,0.520422,0.427289,0.052289,-0.906780571853278
"2477","6102_6235",0.0100402936470711,0.0161047289507124,0,"6102","6235","Male","Male","Male_Male","M-M",18,14,4,"Resident","Resident","Resident_Resident","R-R",1,0.56779,0.405188,0.027022,-0.461488522009987
"2478","6102_6257",0.0114790470954249,0.0205070430141979,0,"6102","6257","Male","Male","Male_Male","M-M",18,17,1,"Resident","Resident","Resident_Resident","R-R",1,0.530542469457531,0.423551576448424,0.0459059540940459,-0.906780571853278
"2479","6102_6421",0.0110159932153689,0.018527675765978,0,"6102","6421","Male","Male","Male_Male","M-M",18,14,4,"Resident","Resident","Resident_Resident","R-R",1,0.54031454031454,0.419424419424419,0.0402610402610403,-0.461488522009987
"2480","6102_6516",0.0106166728936847,0.0179155241612675,0,"6102","6516","Male","Male","Male_Male","M-M",18,12,6,"Resident","Resident","Resident_Resident","R-R",1,0.54976345023655,0.414957585042415,0.0352789647210353,-0.164627155447794
"2481","6102_6527",0.0120151140403794,0.0218917489105328,0,"6102","6527","Male","Male","Male_Male","M-M",18,10,8,"Resident","Resident","Resident_Resident","R-R",1,0.509928,0.430579,0.059493,0.1322342111144
"2482","6102_6534",0.011392940109596,0.0198849769866339,0,"6102","6534","Male","Male","Male_Male","M-M",18,12,6,"Resident","Transient","Resident_Transient","R-T",1,0.530542469457531,0.423551576448424,0.0459059540940459,-0.164627155447794
"2483","6102_6535",0.0128824430812945,0.0253431300460203,0,"6102","6535","Male","Male","Male_Male","M-M",18,10,8,"Resident","Resident","Resident_Resident","R-R",1,0.509928,0.430579,0.059493,0.1322342111144
"2484","6102_92",0.0095361662567365,0.0162778994350089,0,"6102","92","Male","Male","Male_Male","M-M",18,43,25,"Resident","Resident","Resident_Resident","R-R",1,0.56779,0.405188,0.027022,2.65555582689305
"2485","6105_6110",0.011474205269456,0.0204734917164585,0,"6105","6110","Male","Male","Male_Male","M-M",18,18,0,"Resident","Transient","Resident_Transient","R-T",1,0.520422,0.427289,0.052289,-1.05521125513437
"2486","6105_6112",0.0327308302966543,0.0239412380773768,2,"6105","6112","Male","Male","Male_Male","M-M",18,18,0,"Resident","Resident","Resident_Resident","R-R",2,0.059972,0.90488,0.035148,-1.05521125513437
"2487","6105_6122",0.0211526648003596,0.0215773554983326,1,"6105","6122","Male","Male","Male_Male","M-M",18,18,0,"Resident","Resident","Resident_Resident","R-R",2,0.245484245484245,0.73021673021673,0.0242990242990243,-1.05521125513437
"2488","6105_6123",0.009138572271766,0.0145101965165975,0,"6105","6123","Male","Male","Male_Male","M-M",18,18,0,"Resident","Resident","Resident_Resident","R-R",1,0.608717,0.377561,0.013722,-1.05521125513437
"2489","6105_6133",0.029749568914921,0.0312964871073588,1,"6105","6133","Male","Male","Male_Male","M-M",18,18,0,"Resident","Resident","Resident_Resident","R-R",2,0.167395167395167,0.716971716971717,0.115633115633116,-1.05521125513437
"2490","6105_6138",0.00697466627148017,0.00999308983719317,0,"6105","6138","Male","Male","Male_Male","M-M",18,18,0,"Resident","Resident","Resident_Resident","R-R",1,0.691195308804691,0.306211693788306,0.00259299740700259,-1.05521125513437
"2491","6105_6139",0.0089086062678549,0.0137966038867129,0,"6105","6139","Male","Male","Male_Male","M-M",18,18,0,"Resident","Resident","Resident_Resident","R-R",1,0.600934600934601,0.383335383335383,0.0157300157300157,-1.05521125513437
"2492","6105_6201",0.266232655885869,0.0657898801386129,13,"6105","6201","Male","Male","Male_Male","M-M",18,15,3,"Resident","Resident","Resident_Resident","R-R",3,9.99999000001e-07,9.99999000001e-07,0.999998000002,-0.609919205291084
"2493","6105_6210",0.0412065502918243,0.0313506310509927,2,"6105","6210","Male","Male","Male_Male","M-M",18,17,1,"Resident","Resident","Resident_Resident","R-R",2,0.0406939593060407,0.835871164128836,0.123434876565123,-0.906780571853278
"2494","6105_6220",0.00688214473428215,0.00982418519275532,0,"6105","6220","Male","Male","Male_Male","M-M",18,17,1,"Resident","Resident","Resident_Resident","R-R",1,0.684944684944685,0.312072312072312,0.00298300298300298,-0.906780571853278
"2495","6105_6235",0.00641505957119627,0.00885250794166609,0,"6105","6235","Male","Male","Male_Male","M-M",18,14,4,"Resident","Resident","Resident_Resident","R-R",1,0.743398743398743,0.255875255875256,0.000726000726000726,-0.461488522009987
"2496","6105_6257",0.0346458034064544,0.0386874758449246,1,"6105","6257","Male","Male","Male_Male","M-M",18,17,1,"Resident","Resident","Resident_Resident","R-R",2,0.148354148354148,0.691189691189691,0.16045616045616,-0.906780571853278
"2497","6105_6421",0.0190267827039705,0.0180774688075294,1,"6105","6421","Male","Male","Male_Male","M-M",18,14,4,"Resident","Resident","Resident_Resident","R-R",2,0.275307,0.711785,0.012908,-0.461488522009987
"2498","6105_6516",0.0179659827987171,0.0176013665781308,1,"6105","6516","Male","Male","Male_Male","M-M",18,12,6,"Resident","Resident","Resident_Resident","R-R",2,0.293535,0.697675,0.00879,-0.164627155447794
"2499","6105_6527",0.00668918065733928,0.00930198504039094,0,"6105","6527","Male","Male","Male_Male","M-M",18,10,8,"Resident","Resident","Resident_Resident","R-R",1,0.721067,0.277652,0.001281,0.1322342111144
"2500","6105_6534",0.00880637546306224,0.0144103821684844,0,"6105","6534","Male","Male","Male_Male","M-M",18,12,6,"Resident","Transient","Resident_Transient","R-T",1,0.608717,0.377561,0.013722,-0.164627155447794
"2501","6105_6535",0.00700365847576238,0.00964665632760282,0,"6105","6535","Male","Male","Male_Male","M-M",18,10,8,"Resident","Resident","Resident_Resident","R-R",1,0.684944684944685,0.312072312072312,0.00298300298300298,0.1322342111144
"2502","6105_6612",0.00788772120257281,0.0117019705031332,0,"6105","6612","Male","Male","Male_Male","M-M",18,10,8,"Resident","Resident","Resident_Resident","R-R",1,0.658926,0.335856,0.005218,0.1322342111144
"2503","6105_6631",0.0114414351947262,0.0199200720101709,0,"6105","6631","Male","Male","Male_Male","M-M",18,10,8,"Resident","Transient","Resident_Transient","R-T",1,0.520422,0.427289,0.052289,0.1322342111144
"2504","6105_6714",0.51598245070394,0.122634431731422,9,"6105","6714","Male","Male","Male_Male","M-M",18,9,9,"Resident","Unknown","Resident_Unknown","R-U",3,9.99999000001e-07,1.1999988000012e-05,0.999987000013,0.280664894395497
"2505","6105_6722",0.00884631064485598,0.0131979576498018,0,"6105","6722","Male","Male","Male_Male","M-M",18,9,9,"Resident","Unknown","Resident_Unknown","R-U",1,0.592966,0.38901,0.018024,0.280664894395497
"2506","6105_92",0.0646345870539479,0.0525785392324215,2,"6105","92","Male","Male","Male_Male","M-M",18,43,25,"Resident","Resident","Resident_Resident","R-R",2,0.019326,0.571586,0.409088,2.65555582689305
"2507","6110_6112",0.0128479199541876,0.0257138289606286,0,"6110","6112","Male","Male","Male_Male","M-M",18,18,0,"Transient","Resident","Resident_Transient","R-T",1,0.499031,0.433362,0.067607,-1.05521125513437
"2508","6110_6122",0.0112528723628268,0.0202680958392413,0,"6110","6122","Male","Male","Male_Male","M-M",18,18,0,"Transient","Resident","Resident_Transient","R-T",1,0.530542469457531,0.423551576448424,0.0459059540940459,-1.05521125513437
"2509","6110_6123",0.0113698096861889,0.0201268394672631,0,"6110","6123","Male","Male","Male_Male","M-M",18,18,0,"Transient","Resident","Resident_Transient","R-T",1,0.520422,0.427289,0.052289,-1.05521125513437
"2510","6110_6133",0.0123961729945708,0.0244361724315711,0,"6110","6133","Male","Male","Male_Male","M-M",18,18,0,"Transient","Resident","Resident_Transient","R-T",1,0.509928,0.430579,0.059493,-1.05521125513437
"2511","6110_6138",0.0123511038846291,0.0235381359103303,0,"6110","6138","Male","Male","Male_Male","M-M",18,18,0,"Transient","Resident","Resident_Transient","R-T",1,0.509928,0.430579,0.059493,-1.05521125513437
"2512","6110_6139",0.012245863247375,0.0219355051245701,0,"6110","6139","Male","Male","Male_Male","M-M",18,18,0,"Transient","Resident","Resident_Transient","R-T",1,0.509928,0.430579,0.059493,-1.05521125513437
"2513","6110_92",0.0137277582697739,0.0261004873988937,0,"6110","92","Male","Male","Male_Male","M-M",18,43,25,"Transient","Resident","Resident_Transient","R-T",1,0.487705,0.435572,0.076723,2.65555582689305
"2514","6112_6122",0.00985578990308657,0.0158427169072692,0,"6112","6122","Male","Male","Male_Male","M-M",18,18,0,"Resident","Resident","Resident_Resident","R-R",1,0.56779,0.405188,0.027022,-1.05521125513437
"2515","6112_6123",0.0111953003186405,0.0193201003456677,0,"6112","6123","Male","Male","Male_Male","M-M",18,18,0,"Resident","Resident","Resident_Resident","R-R",1,0.54031454031454,0.419424419424419,0.0402610402610403,-1.05521125513437
"2516","6112_6133",0.12287043513957,0.0959361061373503,2,"6112","6133","Male","Male","Male_Male","M-M",18,18,0,"Resident","Resident","Resident_Resident","R-R",3,0.007435,0.291085,0.70148,-1.05521125513437
"2517","6112_6138",0.0116026429729936,0.0212320823309122,0,"6112","6138","Male","Male","Male_Male","M-M",18,18,0,"Resident","Resident","Resident_Resident","R-R",1,0.54031454031454,0.419424419424419,0.0402610402610403,-1.05521125513437
"2518","6112_6139",0.0113186863968177,0.0215187108761299,0,"6112","6139","Male","Male","Male_Male","M-M",18,18,0,"Resident","Resident","Resident_Resident","R-R",1,0.530542469457531,0.423551576448424,0.0459059540940459,-1.05521125513437
"2519","6112_6201",0.0199292101799413,0.0196766975030085,1,"6112","6201","Male","Male","Male_Male","M-M",18,15,3,"Resident","Resident","Resident_Resident","R-R",2,0.25735,0.723758,0.018892,-0.609919205291084
"2520","6112_6210",0.0785404629239165,0.0634761503791847,2,"6112","6210","Male","Male","Male_Male","M-M",18,17,1,"Resident","Resident","Resident_Resident","R-R",3,0.013779,0.455917,0.530304,-0.906780571853278
"2521","6112_6220",0.0101101040200228,0.0162922906996606,0,"6112","6220","Male","Male","Male_Male","M-M",18,17,1,"Resident","Resident","Resident_Resident","R-R",1,0.558915,0.410198,0.030887,-0.906780571853278
"2522","6112_6235",0.00850380534395208,0.0125849342623728,0,"6112","6235","Male","Male","Male_Male","M-M",18,14,4,"Resident","Resident","Resident_Resident","R-R",1,0.631071,0.359843,0.009086,-0.461488522009987
"2523","6112_6257",0.0102381156777248,0.0168643673375872,0,"6112","6257","Male","Male","Male_Male","M-M",18,17,1,"Resident","Resident","Resident_Resident","R-R",1,0.54976345023655,0.414957585042415,0.0352789647210353,-0.906780571853278
"2524","6112_6421",0.00836129007580264,0.012501587951052,0,"6112","6421","Male","Male","Male_Male","M-M",18,14,4,"Resident","Resident","Resident_Resident","R-R",1,0.623774,0.365798,0.010428,-0.461488522009987
"2525","6112_6516",0.0076011218579269,0.011026304767694,0,"6112","6516","Male","Male","Male_Male","M-M",18,12,6,"Resident","Resident","Resident_Resident","R-R",1,0.64525,0.34786,0.00689,-0.164627155447794
"2526","6112_6527",0.00890240111846636,0.0139985492561935,0,"6112","6527","Male","Male","Male_Male","M-M",18,10,8,"Resident","Resident","Resident_Resident","R-R",1,0.600934600934601,0.383335383335383,0.0157300157300157,0.1322342111144
"2527","6112_6534",0.0132546464788619,0.0236544328282875,0,"6112","6534","Male","Male","Male_Male","M-M",18,12,6,"Resident","Transient","Resident_Transient","R-T",1,0.499031,0.433362,0.067607,-0.164627155447794
"2528","6112_6535",0.00984625287814304,0.0152402550823371,0,"6112","6535","Male","Male","Male_Male","M-M",18,10,8,"Resident","Resident","Resident_Resident","R-R",1,0.54976345023655,0.414957585042415,0.0352789647210353,0.1322342111144
"2529","6112_6612",0.00849987772171469,0.0131396104787808,0,"6112","6612","Male","Male","Male_Male","M-M",18,10,8,"Resident","Resident","Resident_Resident","R-R",1,0.616326,0.371709,0.011965,0.1322342111144
"2530","6112_6631",0.0115685299628662,0.0206448540353346,0,"6112","6631","Male","Male","Male_Male","M-M",18,10,8,"Resident","Transient","Resident_Transient","R-T",1,0.530542469457531,0.423551576448424,0.0459059540940459,0.1322342111144
"2531","6112_6714",0.0315716969482341,0.0334694972304033,1,"6112","6714","Male","Male","Male_Male","M-M",18,9,9,"Resident","Unknown","Resident_Unknown","R-U",2,0.161107,0.709664,0.129229,0.280664894395497
"2532","6112_6722",0.0111434614331745,0.019695767968182,0,"6112","6722","Male","Male","Male_Male","M-M",18,9,9,"Resident","Unknown","Resident_Unknown","R-U",1,0.530542469457531,0.423551576448424,0.0459059540940459,0.280664894395497
"2533","6112_92",0.00963619453301398,0.0153220525123854,0,"6112","92","Male","Male","Male_Male","M-M",18,43,25,"Resident","Resident","Resident_Resident","R-R",1,0.576411,0.399965,0.023624,2.65555582689305
"2534","6122_6123",0.0100712694449096,0.0165028019148094,0,"6122","6123","Male","Male","Male_Male","M-M",18,18,0,"Resident","Resident","Resident_Resident","R-R",1,0.54976345023655,0.414957585042415,0.0352789647210353,-1.05521125513437
"2535","6122_6133",0.0105181000544312,0.0178448267976848,0,"6122","6133","Male","Male","Male_Male","M-M",18,18,0,"Resident","Resident","Resident_Resident","R-R",1,0.56779,0.405188,0.027022,-1.05521125513437
"2536","6122_6138",0.111070022849938,0.0886807818778074,2,"6122","6138","Male","Male","Male_Male","M-M",18,18,0,"Resident","Resident","Resident_Resident","R-R",3,0.00831100831100831,0.316392316392316,0.675296675296675,-1.05521125513437
"2537","6122_6139",0.0111203670378568,0.0187226427858774,0,"6122","6139","Male","Male","Male_Male","M-M",18,18,0,"Resident","Resident","Resident_Resident","R-R",1,0.54031454031454,0.419424419424419,0.0402610402610403,-1.05521125513437
"2538","6122_6201",0.0087090129365486,0.0136562171615206,0,"6122","6201","Male","Male","Male_Male","M-M",18,15,3,"Resident","Resident","Resident_Resident","R-R",1,0.616326,0.371709,0.011965,-0.609919205291084
"2539","6122_6210",0.0387983844412041,0.0419660975737709,1,"6122","6210","Male","Male","Male_Male","M-M",18,17,1,"Resident","Resident","Resident_Resident","R-R",2,0.128842,0.65297,0.218188,-0.906780571853278
"2540","6122_6220",0.0126744370047505,0.023839538370912,0,"6122","6220","Male","Male","Male_Male","M-M",18,17,1,"Resident","Resident","Resident_Resident","R-R",1,0.509928,0.430579,0.059493,-0.906780571853278
"2541","6122_6235",0.0101286160705589,0.0167413509024252,0,"6122","6235","Male","Male","Male_Male","M-M",18,14,4,"Resident","Resident","Resident_Resident","R-R",1,0.558915,0.410198,0.030887,-0.461488522009987
"2542","6122_6257",0.0113212424056495,0.0207969562251627,0,"6122","6257","Male","Male","Male_Male","M-M",18,17,1,"Resident","Resident","Resident_Resident","R-R",1,0.530542469457531,0.423551576448424,0.0459059540940459,-0.906780571853278
"2543","6122_6421",0.0116666333192691,0.0209957601326582,0,"6122","6421","Male","Male","Male_Male","M-M",18,14,4,"Resident","Resident","Resident_Resident","R-R",1,0.530542469457531,0.423551576448424,0.0459059540940459,-0.461488522009987
"2544","6122_6516",0.0113184428500731,0.0196745288122034,0,"6122","6516","Male","Male","Male_Male","M-M",18,12,6,"Resident","Resident","Resident_Resident","R-R",1,0.54031454031454,0.419424419424419,0.0402610402610403,-0.164627155447794
"2545","6122_6527",0.0124701211177544,0.0230081971472746,0,"6122","6527","Male","Male","Male_Male","M-M",18,10,8,"Resident","Resident","Resident_Resident","R-R",1,0.499031,0.433362,0.067607,0.1322342111144
"2546","6122_6534",0.0117441794898413,0.0212231132081723,0,"6122","6534","Male","Male","Male_Male","M-M",18,12,6,"Resident","Transient","Resident_Transient","R-T",1,0.520422,0.427289,0.052289,-0.164627155447794
"2547","6122_6535",0.0139684930050523,0.0288612538101758,0,"6122","6535","Male","Male","Male_Male","M-M",18,10,8,"Resident","Resident","Resident_Resident","R-R",1,0.499031,0.433362,0.067607,0.1322342111144
"2548","6122_92",0.00904763802553719,0.0146888816395443,0,"6122","92","Male","Male","Male_Male","M-M",18,43,25,"Resident","Resident","Resident_Resident","R-R",1,0.584797,0.394562,0.020641,2.65555582689305
"2549","6123_6133",0.00977040701889371,0.0154373340343965,0,"6123","6133","Male","Male","Male_Male","M-M",18,18,0,"Resident","Resident","Resident_Resident","R-R",1,0.558915,0.410198,0.030887,-1.05521125513437
"2550","6123_6138",0.0117710497539692,0.0228564824370349,0,"6123","6138","Male","Male","Male_Male","M-M",18,18,0,"Resident","Resident","Resident_Resident","R-R",1,0.530542469457531,0.423551576448424,0.0459059540940459,-1.05521125513437
"2551","6123_6139",0.0117526664733532,0.0206136247622316,0,"6123","6139","Male","Male","Male_Male","M-M",18,18,0,"Resident","Resident","Resident_Resident","R-R",1,0.530542469457531,0.423551576448424,0.0459059540940459,-1.05521125513437
"2552","6123_6201",0.0105485550982105,0.0181623483960181,0,"6123","6201","Male","Male","Male_Male","M-M",18,15,3,"Resident","Resident","Resident_Resident","R-R",1,0.54031454031454,0.419424419424419,0.0402610402610403,-0.609919205291084
"2553","6123_6210",0.0113652303312221,0.0193392275958727,0,"6123","6210","Male","Male","Male_Male","M-M",18,17,1,"Resident","Resident","Resident_Resident","R-R",1,0.54031454031454,0.419424419424419,0.0402610402610403,-0.906780571853278
"2554","6123_6220",0.0142378772132312,0.027248829502882,0,"6123","6220","Male","Male","Male_Male","M-M",18,17,1,"Resident","Resident","Resident_Resident","R-R",1,0.487705,0.435572,0.076723,-0.906780571853278
"2555","6123_6235",0.0109635658652045,0.0204308144727002,0,"6123","6235","Male","Male","Male_Male","M-M",18,14,4,"Resident","Resident","Resident_Resident","R-R",1,0.54031454031454,0.419424419424419,0.0402610402610403,-0.461488522009987
"2556","6123_6257",0.0108222068386553,0.0196319267951198,0,"6123","6257","Male","Male","Male_Male","M-M",18,17,1,"Resident","Resident","Resident_Resident","R-R",1,0.530542469457531,0.423551576448424,0.0459059540940459,-0.906780571853278
"2557","6123_6421",0.0125229737758715,0.022108068127141,0,"6123","6421","Male","Male","Male_Male","M-M",18,14,4,"Resident","Resident","Resident_Resident","R-R",1,0.509928,0.430579,0.059493,-0.461488522009987
"2558","6123_92",0.00975776239827084,0.0155660900923835,0,"6123","92","Male","Male","Male_Male","M-M",18,43,25,"Resident","Resident","Resident_Resident","R-R",1,0.576411,0.399965,0.023624,2.65555582689305
"2559","6133_6138",0.0108468059133103,0.0190188106604564,0,"6133","6138","Male","Male","Male_Male","M-M",18,18,0,"Resident","Resident","Resident_Resident","R-R",1,0.54976345023655,0.414957585042415,0.0352789647210353,-1.05521125513437
"2560","6133_6139",0.0104853506984165,0.0179555718165991,0,"6133","6139","Male","Male","Male_Male","M-M",18,18,0,"Resident","Resident","Resident_Resident","R-R",1,0.54976345023655,0.414957585042415,0.0352789647210353,-1.05521125513437
"2561","6133_6201",0.0122726853694365,0.023072198122382,0,"6133","6201","Male","Male","Male_Male","M-M",18,15,3,"Resident","Resident","Resident_Resident","R-R",1,0.509928,0.430579,0.059493,-0.609919205291084
"2562","6133_6210",0.0413086752061749,0.0450824432248783,1,"6133","6210","Male","Male","Male_Male","M-M",18,17,1,"Resident","Resident","Resident_Resident","R-R",2,0.122271,0.637292,0.240437,-0.906780571853278
"2563","6133_6220",0.0123286743000249,0.0247465194321196,0,"6133","6220","Male","Male","Male_Male","M-M",18,17,1,"Resident","Resident","Resident_Resident","R-R",1,0.520422,0.427289,0.052289,-0.906780571853278
"2564","6133_6257",0.0110485458158594,0.0186430583834,0,"6133","6257","Male","Male","Male_Male","M-M",18,17,1,"Resident","Resident","Resident_Resident","R-R",1,0.54031454031454,0.419424419424419,0.0402610402610403,-0.906780571853278
"2565","6133_92",0.00903463880632785,0.0139660402316409,0,"6133","92","Male","Male","Male_Male","M-M",18,43,25,"Resident","Resident","Resident_Resident","R-R",1,0.592966,0.38901,0.018024,2.65555582689305
"2566","6138_6139",0.0122622390052927,0.0233096979214917,0,"6138","6139","Male","Male","Male_Male","M-M",18,18,0,"Resident","Resident","Resident_Resident","R-R",1,0.520422,0.427289,0.052289,-1.05521125513437
"2567","6138_6201",0.00908356586700148,0.0147812630984843,0,"6138","6201","Male","Male","Male_Male","M-M",18,15,3,"Resident","Resident","Resident_Resident","R-R",1,0.608717,0.377561,0.013722,-0.609919205291084
"2568","6138_6210",0.00962613719608805,0.0156295345443092,0,"6138","6210","Male","Male","Male_Male","M-M",18,17,1,"Resident","Resident","Resident_Resident","R-R",1,0.56779,0.405188,0.027022,-0.906780571853278
"2569","6138_6220",0.0130722530394057,0.0246413270172189,0,"6138","6220","Male","Male","Male_Male","M-M",18,17,1,"Resident","Resident","Resident_Resident","R-R",1,0.499031,0.433362,0.067607,-0.906780571853278
"2570","6138_6235",0.0106919687324764,0.0172162879535412,0,"6138","6235","Male","Male","Male_Male","M-M",18,14,4,"Resident","Resident","Resident_Resident","R-R",1,0.54976345023655,0.414957585042415,0.0352789647210353,-0.461488522009987
"2571","6138_6257",0.010741603398369,0.0201347486045077,0,"6138","6257","Male","Male","Male_Male","M-M",18,17,1,"Resident","Resident","Resident_Resident","R-R",1,0.530542469457531,0.423551576448424,0.0459059540940459,-0.906780571853278
"2572","6138_6421",0.0122778761779733,0.0219476727983037,0,"6138","6421","Male","Male","Male_Male","M-M",18,14,4,"Resident","Resident","Resident_Resident","R-R",1,0.520422,0.427289,0.052289,-0.461488522009987
"2573","6138_6516",0.0116723327258617,0.0216119798723349,0,"6138","6516","Male","Male","Male_Male","M-M",18,12,6,"Resident","Resident","Resident_Resident","R-R",1,0.530542469457531,0.423551576448424,0.0459059540940459,-0.164627155447794
"2574","6138_6527",0.0140045586300333,0.0290153557686328,0,"6138","6527","Male","Male","Male_Male","M-M",18,10,8,"Resident","Resident","Resident_Resident","R-R",1,0.487705,0.435572,0.076723,0.1322342111144
"2575","6138_6534",0.0129408012295401,0.0254951938420483,0,"6138","6534","Male","Male","Male_Male","M-M",18,12,6,"Resident","Transient","Resident_Transient","R-T",1,0.509928,0.430579,0.059493,-0.164627155447794
"2576","6138_6535",0.0135581615716398,0.0271264259054879,0,"6138","6535","Male","Male","Male_Male","M-M",18,10,8,"Resident","Resident","Resident_Resident","R-R",1,0.487705,0.435572,0.076723,0.1322342111144
"2577","6138_92",0.00989952988728872,0.0161715441405269,0,"6138","92","Male","Male","Male_Male","M-M",18,43,25,"Resident","Resident","Resident_Resident","R-R",1,0.56779,0.405188,0.027022,2.65555582689305
"2578","6139_6201",0.0105687715701646,0.0180913669058266,0,"6139","6201","Male","Male","Male_Male","M-M",18,15,3,"Resident","Resident","Resident_Resident","R-R",1,0.54031454031454,0.419424419424419,0.0402610402610403,-0.609919205291084
"2579","6139_6210",0.0107567727735146,0.017562727530947,0,"6139","6210","Male","Male","Male_Male","M-M",18,17,1,"Resident","Resident","Resident_Resident","R-R",1,0.54031454031454,0.419424419424419,0.0402610402610403,-0.906780571853278
"2580","6139_6220",0.0137110211811784,0.0272719563604557,0,"6139","6220","Male","Male","Male_Male","M-M",18,17,1,"Resident","Resident","Resident_Resident","R-R",1,0.487705,0.435572,0.076723,-0.906780571853278
"2581","6139_6235",0.0107694894652054,0.0180380822362582,0,"6139","6235","Male","Male","Male_Male","M-M",18,14,4,"Resident","Resident","Resident_Resident","R-R",1,0.54031454031454,0.419424419424419,0.0402610402610403,-0.461488522009987
"2582","6139_6257",0.0113442314949588,0.0216864319642921,0,"6139","6257","Male","Male","Male_Male","M-M",18,17,1,"Resident","Resident","Resident_Resident","R-R",1,0.530542469457531,0.423551576448424,0.0459059540940459,-0.906780571853278
"2583","6139_6421",0.0119162291940925,0.0219127527755381,0,"6139","6421","Male","Male","Male_Male","M-M",18,14,4,"Resident","Resident","Resident_Resident","R-R",1,0.509928,0.430579,0.059493,-0.461488522009987
"2584","6139_92",0.0100226626697273,0.017183547471852,0,"6139","92","Male","Male","Male_Male","M-M",18,43,25,"Resident","Resident","Resident_Resident","R-R",1,0.56779,0.405188,0.027022,2.65555582689305
"2585","6201_6210",0.00736253444759442,0.0112409022242037,0,"6201","6210","Male","Male","Male_Male","M-M",15,17,2,"Resident","Resident","Resident_Resident","R-R",1,0.684944684944685,0.312072312072312,0.00298300298300298,-0.758349888572181
"2586","6201_6220",0.0275715292742612,0.0283531165063085,1,"6201","6220","Male","Male","Male_Male","M-M",15,17,2,"Resident","Resident","Resident_Resident","R-R",2,0.185919,0.732056,0.082025,-0.758349888572181
"2587","6201_6235",0.0368412607974928,0.0276042593426099,2,"6201","6235","Male","Male","Male_Male","M-M",15,14,1,"Resident","Resident","Resident_Resident","R-R",2,0.0492850492850493,0.87990387990388,0.0708110708110708,-0.906780571853278
"2588","6201_6257",0.0111067363898084,0.0205525127445786,0,"6201","6257","Male","Male","Male_Male","M-M",15,17,2,"Resident","Resident","Resident_Resident","R-R",1,0.530542469457531,0.423551576448424,0.0459059540940459,-0.758349888572181
"2589","6201_6421",0.0188627035258909,0.0186340320749456,1,"6201","6421","Male","Male","Male_Male","M-M",15,14,1,"Resident","Resident","Resident_Resident","R-R",2,0.281349,0.707291,0.01136,-0.906780571853278
"2590","6201_6516",0.0200896741864523,0.0204108493894879,1,"6201","6516","Male","Male","Male_Male","M-M",15,12,3,"Resident","Resident","Resident_Resident","R-R",2,0.263310736689263,0.72004227995772,0.0166469833530166,-0.609919205291084
"2591","6201_6527",0.00705375730805951,0.0106271246265543,0,"6201","6527","Male","Male","Male_Male","M-M",15,10,5,"Resident","Resident","Resident_Resident","R-R",1,0.691195308804691,0.306211693788306,0.00259299740700259,-0.31305783872889
"2592","6201_6534",0.00952563377222594,0.0151607699062785,0,"6201","6534","Male","Male","Male_Male","M-M",15,12,3,"Resident","Transient","Resident_Transient","R-T",1,0.56779,0.405188,0.027022,-0.609919205291084
"2593","6201_6535",0.00798059938830502,0.011858060670843,0,"6201","6535","Male","Male","Male_Male","M-M",15,10,5,"Resident","Resident","Resident_Resident","R-R",1,0.652147347852652,0.341855658144342,0.005996994003006,-0.31305783872889
"2594","6201_6612",0.00734802925413054,0.0104550539758644,0,"6201","6612","Male","Male","Male_Male","M-M",15,10,5,"Resident","Resident","Resident_Resident","R-R",1,0.658926,0.335856,0.005218,-0.31305783872889
"2595","6201_6631",0.0573823077251092,0.0708578553381029,1,"6201","6631","Male","Male","Male_Male","M-M",15,10,5,"Resident","Transient","Resident_Transient","R-T",2,0.096098,0.560333,0.343569,-0.31305783872889
"2596","6201_6714",0.552338857080358,0.125980291233459,9,"6201","6714","Male","Male","Male_Male","M-M",15,9,6,"Resident","Unknown","Resident_Unknown","R-U",3,9.99999000001e-07,1.0999989000011e-05,0.999988000012,-0.164627155447794
"2597","6201_6722",0.00880515451142249,0.0132490229302217,0,"6201","6722","Male","Male","Male_Male","M-M",15,9,6,"Resident","Unknown","Resident_Unknown","R-U",1,0.584797,0.394562,0.020641,-0.164627155447794
"2598","6201_92",0.0104649970163319,0.0183366267249854,0,"6201","92","Male","Male","Male_Male","M-M",15,43,28,"Resident","Resident","Resident_Resident","R-R",1,0.54976345023655,0.414957585042415,0.0352789647210353,3.10084787673634
"2599","6210_6220",0.00832603499640942,0.0122938882522559,0,"6210","6220","Male","Male","Male_Male","M-M",17,17,0,"Resident","Resident","Resident_Resident","R-R",1,0.623774,0.365798,0.010428,-1.05521125513437
"2600","6210_6235",0.00875670831545351,0.0135400026152623,0,"6210","6235","Male","Male","Male_Male","M-M",17,14,3,"Resident","Resident","Resident_Resident","R-R",1,0.608717,0.377561,0.013722,-0.609919205291084
"2601","6210_6257",0.0377833005282054,0.0420821976099232,1,"6210","6257","Male","Male","Male_Male","M-M",17,17,0,"Resident","Resident","Resident_Resident","R-R",2,0.135388,0.667167,0.197445,-1.05521125513437
"2602","6210_6421",0.00834751703137823,0.0124896550044475,0,"6210","6421","Male","Male","Male_Male","M-M",17,14,3,"Resident","Resident","Resident_Resident","R-R",1,0.616326,0.371709,0.011965,-0.609919205291084
"2603","6210_6516",0.00856448427163706,0.0126932798127567,0,"6210","6516","Male","Male","Male_Male","M-M",17,12,5,"Resident","Resident","Resident_Resident","R-R",1,0.623774,0.365798,0.010428,-0.31305783872889
"2604","6210_6527",0.00961826333271688,0.0159742109922589,0,"6210","6527","Male","Male","Male_Male","M-M",17,10,7,"Resident","Resident","Resident_Resident","R-R",1,0.584797,0.394562,0.020641,-0.0161964721666967
"2605","6210_6534",0.0120465743510468,0.0226186509649752,0,"6210","6534","Male","Male","Male_Male","M-M",17,12,5,"Resident","Transient","Resident_Transient","R-T",1,0.520422,0.427289,0.052289,-0.31305783872889
"2606","6210_6535",0.0110964868837899,0.0189883445178933,0,"6210","6535","Male","Male","Male_Male","M-M",17,10,7,"Resident","Resident","Resident_Resident","R-R",1,0.530542469457531,0.423551576448424,0.0459059540940459,-0.0161964721666967
"2607","6210_6612",0.00922276499586231,0.0149941778288522,0,"6210","6612","Male","Male","Male_Male","M-M",17,10,7,"Resident","Resident","Resident_Resident","R-R",1,0.584797,0.394562,0.020641,-0.0161964721666967
"2608","6210_6631",0.0104381836200007,0.0171274606982164,0,"6210","6631","Male","Male","Male_Male","M-M",17,10,7,"Resident","Transient","Resident_Transient","R-T",1,0.54976345023655,0.414957585042415,0.0352789647210353,-0.0161964721666967
"2609","6210_92",0.0334043801415132,0.0356547607162336,1,"6210","92","Male","Male","Male_Male","M-M",17,43,26,"Resident","Resident","Resident_Resident","R-R",2,0.148354148354148,0.691189691189691,0.16045616045616,2.80398651017414
"2610","6220_6235",0.00886384932149658,0.0136241450928953,0,"6220","6235","Male","Male","Male_Male","M-M",17,14,3,"Resident","Resident","Resident_Resident","R-R",1,0.600934600934601,0.383335383335383,0.0157300157300157,-0.609919205291084
"2611","6220_6257",0.0102906861868238,0.0162533574812761,0,"6220","6257","Male","Male","Male_Male","M-M",17,17,0,"Resident","Resident","Resident_Resident","R-R",1,0.54031454031454,0.419424419424419,0.0402610402610403,-1.05521125513437
"2612","6220_6421",0.00894061293246655,0.0142753195227179,0,"6220","6421","Male","Male","Male_Male","M-M",17,14,3,"Resident","Resident","Resident_Resident","R-R",1,0.608717,0.377561,0.013722,-0.609919205291084
"2613","6220_6516",0.0309429942718255,0.0319092650081461,1,"6220","6516","Male","Male","Male_Male","M-M",17,12,5,"Resident","Resident","Resident_Resident","R-R",2,0.161107,0.709664,0.129229,-0.31305783872889
"2614","6220_6527",0.00969275905307603,0.0164734052901814,0,"6220","6527","Male","Male","Male_Male","M-M",17,10,7,"Resident","Resident","Resident_Resident","R-R",1,0.576411,0.399965,0.023624,-0.0161964721666967
"2615","6220_6534",0.0131884540865231,0.0273287895727431,0,"6220","6534","Male","Male","Male_Male","M-M",17,12,5,"Resident","Transient","Resident_Transient","R-T",1,0.499031,0.433362,0.067607,-0.31305783872889
"2616","6220_6535",0.0121395744664485,0.0227434695987329,0,"6220","6535","Male","Male","Male_Male","M-M",17,10,7,"Resident","Resident","Resident_Resident","R-R",1,0.520422,0.427289,0.052289,-0.0161964721666967
"2617","6220_6612",0.00965009159387012,0.0162268568188017,0,"6220","6612","Male","Male","Male_Male","M-M",17,10,7,"Resident","Resident","Resident_Resident","R-R",1,0.592966,0.38901,0.018024,-0.0161964721666967
"2618","6220_6631",0.0432441154164633,0.0474025144818276,1,"6220","6631","Male","Male","Male_Male","M-M",17,10,7,"Resident","Transient","Resident_Transient","R-T",2,0.11569,0.620142,0.264168,-0.0161964721666967
"2619","6220_92",0.00995502944608556,0.0165148910771625,0,"6220","92","Male","Male","Male_Male","M-M",17,43,26,"Resident","Resident","Resident_Resident","R-R",1,0.558915,0.410198,0.030887,2.80398651017414
"2620","6235_6421",0.0522569915170846,0.0395300213237699,2,"6235","6421","Male","Male","Male_Male","M-M",14,14,0,"Resident","Resident","Resident_Resident","R-R",2,0.027223,0.699821,0.272956,-1.05521125513437
"2621","6235_6516",0.0589570320828126,0.0444432596128182,2,"6235","6516","Male","Male","Male_Male","M-M",14,12,2,"Resident","Resident","Resident_Resident","R-R",2,0.0223900223900224,0.626105626105626,0.351504351504351,-0.758349888572181
"2622","6235_6527",0.00864440032068732,0.0129509435509903,0,"6235","6527","Male","Male","Male_Male","M-M",14,10,4,"Resident","Resident","Resident_Resident","R-R",1,0.608717,0.377561,0.013722,-0.461488522009987
"2623","6235_6534",0.0121533720986078,0.0222718943619706,0,"6235","6534","Male","Male","Male_Male","M-M",14,12,2,"Resident","Transient","Resident_Transient","R-T",1,0.499031,0.433362,0.067607,-0.758349888572181
"2624","6235_6535",0.0102071976782709,0.0168255735013777,0,"6235","6535","Male","Male","Male_Male","M-M",14,10,4,"Resident","Resident","Resident_Resident","R-R",1,0.558915,0.410198,0.030887,-0.461488522009987
"2625","6235_6612",0.0298882996056798,0.0318646866562653,1,"6235","6612","Male","Male","Male_Male","M-M",14,10,4,"Resident","Resident","Resident_Resident","R-R",2,0.167395167395167,0.716971716971717,0.115633115633116,-0.461488522009987
"2626","6235_6631",0.0104151326360269,0.017361034854716,0,"6235","6631","Male","Male","Male_Male","M-M",14,10,4,"Resident","Transient","Resident_Transient","R-T",1,0.54976345023655,0.414957585042415,0.0352789647210353,-0.461488522009987
"2627","6235_6714",0.0083666256007275,0.0127934309041862,0,"6235","6714","Male","Male","Male_Male","M-M",14,9,5,"Resident","Unknown","Resident_Unknown","R-U",1,0.608717,0.377561,0.013722,-0.31305783872889
"2628","6235_6722",0.0116059448695055,0.0198087511452432,0,"6235","6722","Male","Male","Male_Male","M-M",14,9,5,"Resident","Unknown","Resident_Unknown","R-U",1,0.520422,0.427289,0.052289,-0.31305783872889
"2629","6257_92",0.0383440312871951,0.0417753063387849,1,"6257","92","Male","Male","Male_Male","M-M",17,43,26,"Resident","Resident","Resident_Resident","R-R",2,0.128842,0.65297,0.218188,2.80398651017414
"2630","6421_6516",0.335030984302227,0.111375146593029,7,"6421","6516","Male","Male","Male_Male","M-M",14,12,2,"Resident","Resident","Resident_Resident","R-R",3,9.99999000001e-07,0.000391999608000392,0.999607000393,-0.758349888572181
"2631","6421_6527",0.00831322111580644,0.0122288426144864,0,"6421","6527","Male","Male","Male_Male","M-M",14,10,4,"Resident","Resident","Resident_Resident","R-R",1,0.623774,0.365798,0.010428,-0.461488522009987
"2632","6421_6534",0.0137544649520231,0.0253472912325448,0,"6421","6534","Male","Male","Male_Male","M-M",14,12,2,"Resident","Transient","Resident_Transient","R-T",1,0.499031,0.433362,0.067607,-0.758349888572181
"2633","6421_6535",0.00964411073487365,0.0158130886967982,0,"6421","6535","Male","Male","Male_Male","M-M",14,10,4,"Resident","Resident","Resident_Resident","R-R",1,0.576411,0.399965,0.023624,-0.461488522009987
"2634","6421_6612",0.0278890547737623,0.0295347954628228,1,"6421","6612","Male","Male","Male_Male","M-M",14,10,4,"Resident","Resident","Resident_Resident","R-R",2,0.179798,0.72809,0.092112,-0.461488522009987
"2635","6421_6631",0.00937327056655785,0.0145577278817061,0,"6421","6631","Male","Male","Male_Male","M-M",14,10,4,"Resident","Transient","Resident_Transient","R-T",1,0.584797,0.394562,0.020641,-0.461488522009987
"2636","6421_6714",0.00918036308152824,0.0143688517480081,0,"6421","6714","Male","Male","Male_Male","M-M",14,9,5,"Resident","Unknown","Resident_Unknown","R-U",1,0.592966,0.38901,0.018024,-0.31305783872889
"2637","6421_6722",0.013037541217073,0.0261787313204789,0,"6421","6722","Male","Male","Male_Male","M-M",14,9,5,"Resident","Unknown","Resident_Unknown","R-U",1,0.499031,0.433362,0.067607,-0.31305783872889
"2638","6516_6527",0.00736285499022783,0.0101485635374758,0,"6516","6527","Male","Male","Male_Male","M-M",12,10,2,"Resident","Resident","Resident_Resident","R-R",1,0.66559,0.329871,0.004539,-0.758349888572181
"2639","6516_6534",0.0109708375088321,0.0175524695913393,0,"6516","6534","Male","Male","Male_Male","M-M",12,12,0,"Resident","Transient","Resident_Transient","R-T",1,0.54031454031454,0.419424419424419,0.0402610402610403,-1.05521125513437
"2640","6516_6535",0.0083306509930114,0.012794334199764,0,"6516","6535","Male","Male","Male_Male","M-M",12,10,2,"Resident","Resident","Resident_Resident","R-R",1,0.623774,0.365798,0.010428,-0.758349888572181
"2641","6516_6612",0.00746122656733016,0.010580231071695,0,"6516","6612","Male","Male","Male_Male","M-M",12,10,2,"Resident","Resident","Resident_Resident","R-R",1,0.652147347852652,0.341855658144342,0.005996994003006,-0.758349888572181
"2642","6516_6631",0.036643110016719,0.0399964220745825,1,"6516","6631","Male","Male","Male_Male","M-M",12,10,2,"Resident","Transient","Resident_Transient","R-T",2,0.135388,0.667167,0.197445,-0.758349888572181
"2643","6516_6714",0.00880059160991642,0.0133634859864434,0,"6516","6714","Male","Male","Male_Male","M-M",12,9,3,"Resident","Unknown","Resident_Unknown","R-U",1,0.608717,0.377561,0.013722,-0.609919205291084
"2644","6516_6722",0.0119617877741895,0.0222453155578182,0,"6516","6722","Male","Male","Male_Male","M-M",12,9,3,"Resident","Unknown","Resident_Unknown","R-U",1,0.520422,0.427289,0.052289,-0.609919205291084
"2645","6527_6534",0.0133452477644055,0.0285346925808344,0,"6527","6534","Male","Male","Male_Male","M-M",10,12,2,"Resident","Transient","Resident_Transient","R-T",1,0.499031,0.433362,0.067607,-0.758349888572181
"2646","6527_6535",0.0394605363254125,0.0447471684742978,1,"6527","6535","Male","Male","Male_Male","M-M",10,10,0,"Resident","Resident","Resident_Resident","R-R",2,0.128842,0.65297,0.218188,-1.05521125513437
"2647","6527_6612",0.0281570692397095,0.0296127775699269,1,"6527","6612","Male","Male","Male_Male","M-M",10,10,0,"Resident","Resident","Resident_Resident","R-R",2,0.179798,0.72809,0.092112,-1.05521125513437
"2648","6527_6631",0.0098728113587867,0.0163639341213367,0,"6527","6631","Male","Male","Male_Male","M-M",10,10,0,"Resident","Transient","Resident_Transient","R-T",1,0.576411,0.399965,0.023624,-1.05521125513437
"2649","6527_6714",0.00885902900547364,0.0136162002584374,0,"6527","6714","Male","Male","Male_Male","M-M",10,9,1,"Resident","Unknown","Resident_Unknown","R-U",1,0.600934600934601,0.383335383335383,0.0157300157300157,-0.906780571853278
"2650","6527_6722",0.011393951279566,0.0198227706988376,0,"6527","6722","Male","Male","Male_Male","M-M",10,9,1,"Resident","Unknown","Resident_Unknown","R-U",1,0.509928,0.430579,0.059493,-0.906780571853278
"2651","6534_6535",0.0126289796359227,0.023849969105432,0,"6534","6535","Male","Male","Male_Male","M-M",12,10,2,"Transient","Resident","Resident_Transient","R-T",1,0.499031,0.433362,0.067607,-0.758349888572181
"2652","6535_6612",0.035713052208696,0.0393270856035838,1,"6535","6612","Male","Male","Male_Male","M-M",10,10,0,"Resident","Resident","Resident_Resident","R-R",2,0.141895,0.679897,0.178208,-1.05521125513437
"2653","6535_6631",0.0123459169052826,0.0233359132858984,0,"6535","6631","Male","Male","Male_Male","M-M",10,10,0,"Resident","Transient","Resident_Transient","R-T",1,0.520422,0.427289,0.052289,-1.05521125513437
"2654","6535_6714",0.00885612932262253,0.0135091373692135,0,"6535","6714","Male","Male","Male_Male","M-M",10,9,1,"Resident","Unknown","Resident_Unknown","R-U",1,0.600934600934601,0.383335383335383,0.0157300157300157,-0.906780571853278
"2655","6535_6722",0.0121138703397024,0.0213041893913884,0,"6535","6722","Male","Male","Male_Male","M-M",10,9,1,"Resident","Unknown","Resident_Unknown","R-U",1,0.509928,0.430579,0.059493,-0.906780571853278
"2656","6612_6631",0.00893374016088093,0.013920819893849,0,"6612","6631","Male","Male","Male_Male","M-M",10,10,0,"Resident","Transient","Resident_Transient","R-T",1,0.592966,0.38901,0.018024,-1.05521125513437
"2657","6612_6714",0.00877647138206198,0.0135397936330793,0,"6612","6714","Male","Male","Male_Male","M-M",10,9,1,"Resident","Unknown","Resident_Unknown","R-U",1,0.600934600934601,0.383335383335383,0.0157300157300157,-0.906780571853278
"2658","6612_6722",0.0124814303181995,0.0223757754945165,0,"6612","6722","Male","Male","Male_Male","M-M",10,9,1,"Resident","Unknown","Resident_Unknown","R-U",1,0.509928,0.430579,0.059493,-0.906780571853278
"2659","6714_6722",0.00921890639119258,0.014410257723292,0,"6714","6722","Male","Male","Male_Male","M-M",9,9,0,"Unknown","Unknown","Unknown_Unknown","U-U",1,0.592966,0.38901,0.018024,-1.05521125513437
"2660","74_76",0.0414098446424282,0.0468088250527153,1,"74","76","Male","Male","Male_Male","M-M",43,44,1,"Resident","Resident","Resident_Resident","R-R",2,0.122271,0.637292,0.240437,-0.906780571853278
"2661","74_92",0.0116071087803129,0.0211423908620092,0,"74","92","Male","Male","Male_Male","M-M",43,43,0,"Resident","Resident","Resident_Resident","R-R",1,0.520422,0.427289,0.052289,-1.05521125513437
"2662","76_804",0.00632047607019103,0.00839539524873435,0,"76","804","Male","Male","Male_Male","M-M",44,39,5,"Resident","Resident","Resident_Resident","R-R",1,0.726777,0.272111,0.001112,-0.31305783872889
"2663","76_824",0.00718041094179346,0.0103830642806386,0,"76","824","Male","Male","Male_Male","M-M",44,39,5,"Resident","Resident","Resident_Resident","R-R",1,0.697351302648697,0.3003956996043,0.00225299774700225,-0.31305783872889
"2664","76_92",0.0178111584152363,0.0170927260968421,1,"76","92","Male","Male","Male_Male","M-M",44,43,1,"Resident","Resident","Resident_Resident","R-R",2,0.299683,0.692589,0.007728,-0.906780571853278
"2665","76_9907",0.00982970860553553,0.0161173094335976,0,"76","9907","Male","Male","Male_Male","M-M",44,37,7,"Resident","Transient","Resident_Transient","R-T",1,0.56779,0.405188,0.027022,-0.0161964721666967
"2666","76_9911",0.00811648652438056,0.012032116985962,0,"76","9911","Male","Male","Male_Male","M-M",44,37,7,"Resident","Resident","Resident_Resident","R-R",1,0.631071,0.359843,0.009086,-0.0161964721666967
"2667","804_824",0.0503479833921031,0.0309579881218101,3,"804","824","Male","Male","Male_Male","M-M",39,39,0,"Resident","Resident","Resident_Resident","R-R",2,0.00849099150900849,0.86018813981186,0.131320868679131,-1.05521125513437
"2668","804_92",0.018279658999475,0.0181781474933444,1,"804","92","Male","Male","Male_Male","M-M",39,43,4,"Resident","Resident","Resident_Resident","R-R",2,0.287424287424287,0.702581702581703,0.00999400999400999,-0.461488522009987
"2669","804_9907",0.00959894818415515,0.0152114688687545,0,"804","9907","Male","Male","Male_Male","M-M",39,37,2,"Resident","Transient","Resident_Transient","R-T",1,0.576411,0.399965,0.023624,-0.758349888572181
"2670","804_9911",0.0347335625800742,0.0263650432775305,2,"804","9911","Male","Male","Male_Male","M-M",39,37,2,"Resident","Resident","Resident_Resident","R-R",2,0.054554,0.895385,0.050061,-0.758349888572181
"2671","824_92",0.0191004128828388,0.0191642378302434,1,"824","92","Male","Male","Male_Male","M-M",39,43,4,"Resident","Resident","Resident_Resident","R-R",2,0.275307,0.711785,0.012908,-0.461488522009987
"2672","824_9907",0.00986799191562448,0.018016358801067,0,"824","9907","Male","Male","Male_Male","M-M",39,37,2,"Resident","Transient","Resident_Transient","R-T",1,0.576411,0.399965,0.023624,-0.758349888572181
"2673","824_9911",0.00687796987169955,0.00947106976777135,0,"824","9911","Male","Male","Male_Male","M-M",39,37,2,"Resident","Resident","Resident_Resident","R-R",1,0.697351302648697,0.3003956996043,0.00225299774700225,-0.758349888572181
"2674","92_9907",0.00933978819167038,0.0145707028078974,0,"92","9907","Male","Male","Male_Male","M-M",43,37,6,"Resident","Transient","Resident_Transient","R-T",1,0.584797,0.394562,0.020641,-0.164627155447794
"2675","92_9911",0.00782522086515763,0.0112987436681586,0,"92","9911","Male","Male","Male_Male","M-M",43,37,6,"Resident","Resident","Resident_Resident","R-R",1,0.652147347852652,0.341855658144342,0.005996994003006,-0.164627155447794
"2676","9907_9911",0.0651402563827346,0.0500061811425926,2,"9907","9911","Male","Male","Male_Male","M-M",37,37,0,"Transient","Resident","Resident_Transient","R-T",2,0.0178579821420179,0.543192456807543,0.438949561050439,-1.05521125513437
